Title,Price,Marque,Modele,Kilometrage,Mise_en_circulation,Energie,Boite_vitesse,Puissance_fiscale,Puissance_ch,Transmission,Carrosserie,Etat_general,Proprietaires,Gouvernorat,Couleur_exterieure,Couleur_interieure,Sellerie,Nombre_places,Nombre_portes,Cylindree,Equipements,Date_annonce,URL
Fiat Fiorino 2017 163000 Km,21000 DT,Fiat,,,,,,,75.0,Traction,Utilitaire,,,Ben Arous,,,,2.0,2.0,1200.0,,09.05.2026,https://baniola.tn/details/27742/fiat-fiorino-2017-163000-km.html
Volkswagen Fox 1994 3000 Km,9000 DT,Volkswagen,,,,,,,55.0,Traction,Citadine,,,Tozeur,,,,5.0,3.0,1043.0,,14.05.2026,https://baniola.tn/details/27844/volkswagen-fox-1994-300000-km.html
Seat Altea 2006 215 Km,29000 DT,Seat,,,,,,,140.0,Traction,Monospace,,,Mahdia,,,,5.0,5.0,1595.0,,26.04.2026,https://baniola.tn/details/27557/seat-altea-2006-215-km.html
Kia Picanto 2024 16000 Km,40900 DT,Kia,,,,,,,84.0,Traction,Citadine,,,Tunis,,,,5.0,5.0,998.0,,10.05.2026,https://baniola.tn/details/27767/kia-picanto-2024-16000-km.html
Byd F3,36500 DT,BYD,,,,,,,107.0,Traction,Berline,,,Sousse,,,,5.0,4.0,1598.0,,14.12.2025,https://baniola.tn/details/25581/byd-f3.html
Nissan Micra 2017 22800 Km,22800 DT,Nissan,,,,,,,90.0,Traction,Citadine,,,Sousse,,,,5.0,5.0,1200.0,,14.05.2026,https://baniola.tn/details/27843/nissan-micra-2017-22800-km.html
Byd F1 Essence 2023,110000 DT,BYD,,,,,,,105.0,Traction,Berline,,,Tunis,,,,5.0,4.0,1490.0,,18.05.2025,https://baniola.tn/details/23022/byd-f1-essence-2023.html
Hyundai I10 2018 12000 Km,32500 DT,Hyundai,,,,,,,87.0,Traction,Citadine,,,Bizerte,,,,5.0,5.0,1197.0,,09.05.2026,https://baniola.tn/details/27746/hyundai-i10-2018-1200000-km.html
Volkswagen Polo 2013 204000 Km,33000 DT,Volkswagen,,,,,,,85.0,Traction,Compacte,,,Tunis,,,,5.0,5.0,1198.0,,14.05.2026,https://baniola.tn/details/27842/volkswagen-polo-2013-204000-km.html
Peugeot 301 Première Main en Excellent État,0 DT,Peugeot,,,,,,,115.0,Traction,Berline,,,Bizerte,,,,5.0,4.0,1600.0,,08.05.2026,https://baniola.tn/details/27719/peugeot-301-première-main-en-excellent-état.html
Peugeot 301 Première Main en Excellent État,0 DT,Peugeot,,,,,,,115.0,Traction,Berline,,,Ariana,,,,5.0,4.0,1600.0,,12.05.2026,https://baniola.tn/details/27819/peugeot-301-première-main-en-excellent-état.html
Kia Cerato خلجية,50 DT,Kia,,,,,,,130.0,Traction,Berline,,,,,,,5.0,4.0,1600.0,,18.05.2025,https://baniola.tn/details/22993/kia-cerato-خلجية.html
Kia Rio Essence 2015,35700 DT,Kia,,,,,,,87.0,Traction,Citadine,,,Manouba,,,,5.0,5.0,1400.0,,18.05.2025,https://baniola.tn/details/22994/kia-rio-essence-2015.html
Peugeot Autres Essence 2014,0 DT,Peugeot,,,,,,,115.0,Traction,Berline,,,Sfax,,,,5.0,4.0,1600.0,,18.05.2025,https://baniola.tn/details/22995/peugeot-autres-essence-2014.html
Volkswagen Passat Diesel 2009,42000 DT,Volkswagen,,,,,,,140.0,Traction,Berline,,,Monastir,,,,5.0,4.0,1968.0,,18.05.2025,https://baniola.tn/details/23000/volkswagen-passat-diesel-2009.html
Volkswagen Transporter Diesel 2015,54000 DT,Volkswagen,,,,,,,84.0,Traction,Utilitaire,,,Sousse,,,,9.0,5.0,2000.0,,18.05.2025,https://baniola.tn/details/23001/volkswagen-transporter-diesel-2015.html
Peugeot 2008 Essence 2020,76000 DT,Peugeot,,,,,,,130.0,Traction,SUV,,,Prix non spécifié Tunis,,,,5.0,5.0,1199.0,,18.05.2025,https://baniola.tn/details/22996/peugeot-2008-essence-2020.html
Kia Sportage Diesel 2019,95 DT,Kia,,,,,,,136.0,Traction,SUV,,,Tunis,,,,5.0,5.0,1995.0,,18.05.2025,https://baniola.tn/details/22997/kia-sportage-diesel-2019.html
Renault Megane Essence 2019,57000 DT,Renault,,,,,,,115.0,Traction,Berline,,,Ben Arous,,,,5.0,4.0,1600.0,,18.05.2025,https://baniola.tn/details/22998/renault-megane-essence-2019.html
Volvo S40 Essence 2008,19500 DT,Volvo,,,,,,,140.0,Traction,Berline,,,Ben Arous,,,,5.0,4.0,1999.0,,18.05.2025,https://baniola.tn/details/23002/volvo-s40-essence-2008.html
Volvo S40 Essence 2008,19500 DT,Volvo,,,,,,,140.0,Traction,Berline,,,Ben Arous,,,,5.0,4.0,1999.0,,18.05.2025,https://baniola.tn/details/23003/volvo-s40-essence-2008.html
Citroën C3 Essence 2019,370000 DT,Citroen,,,,,,,82.0,Traction,Compacte,,,Nabeul,,,,5.0,5.0,1199.0,,18.05.2025,https://baniola.tn/details/23004/citroen-c3-essence-2019.html
Audi A2 Diesel 2004,18 DT,Audi,,,,,,,75.0,Traction,Compacte,,,Tunis,,,,5.0,5.0,1422.0,,18.05.2025,https://baniola.tn/details/23012/audi-a2-diesel-2004.html
Volkswagen Golf 8 Essence 2020,103000 DT,Volkswagen,,,,,,,110.0,Traction,Compacte,,,Sfax,,,,5.0,5.0,1400.0,,18.05.2025,https://baniola.tn/details/23013/volkswagen-golf-8-essence-2020.html
Citroën C5 Break 2. 0 Hdi,45000 DT,Citroen,,,,,,,140.0,Traction,Break,,,Monastir,,,,5.0,5.0,1997.0,,18.05.2025,https://baniola.tn/details/23014/citroen-c5-break-2-0-hdi.html
Ford Figo Essence 2013,25 DT,Ford,,,,,,,85.0,Traction,Compacte,,,Sfax,,,,5.0,4.0,1400.0,,18.05.2025,https://baniola.tn/details/23017/ford-figo-essence-2013.html
Volkswagen Transporter Diesel 2016,30 DT,Volkswagen,,,,,,,140.0,Traction,Utilitaire,,,Gafsa,,,,9.0,5.0,2000.0,,18.05.2025,https://baniola.tn/details/23018/volkswagen-transporter-diesel-2016.html
Volkswagen Golf Essence 2019,55046412 DT,Volkswagen,,,,,,,110.0,Traction,Compacte,,,Medenine,,,,5.0,5.0,1600.0,,18.05.2025,https://baniola.tn/details/23019/volkswagen-golf-essence-2019.html
Audi A3 Essence 2013,56 DT,Audi,,,,,,,120.0,Traction,Berline,,,Zaghouan,,,,5.0,4.0,1595.0,,18.05.2025,https://baniola.tn/details/23020/audi-a3-essence-2013.html
Renault Autres Essence 2011,25000000 DT,Renault,,,,,,,105.0,Traction,Berline,,,Tunis,,,,5.0,4.0,1600.0,,18.05.2025,https://baniola.tn/details/23021/renault-autres-essence-2011.html
Audi 80 Diesel 1988,12 DT,Audi,,,,,,,68.0,Traction,Berline,,,Tunis,,,,5.0,4.0,1896.0,,18.05.2025,https://baniola.tn/details/23026/audi-80-diesel-1988.html
Peugeot 208 Essence 2018,35000 DT,Peugeot,,,,,,,82.0,Traction,Compacte,,,Ariana,,,,5.0,5.0,1199.0,,18.05.2025,https://baniola.tn/details/23027/peugeot-208-essence-2018.html
Peugeot Partner Diesel 2020,1111 DT,Peugeot,,,,,,,120.0,Traction,Utilitaire,,,Manouba,,,,2.0,5.0,1560.0,,18.05.2025,https://baniola.tn/details/23028/peugeot-partner-diesel-2020.html
Mercedes Classe C Diesel 2012,70000 DT,Mercedes,,,,,,,170.0,Traction,Berline,,,Sousse,,,,5.0,4.0,2143.0,,18.05.2025,https://baniola.tn/details/23030/mercedes-classe-c-diesel-2012.html
Peugeot 106 Essence 1999,11 DT,Peugeot,,,,,,,45.0,Traction,Citadine,,,Nabeul,,,,5.0,3.0,1124.0,,18.05.2025,https://baniola.tn/details/23031/peugeot-106-essence-1999.html
Seat Tarraco Modéle 2021,95 DT,Seat,,,,,,,190.0,Traction,SUV,,,Tunis,,,,7.0,5.0,1984.0,,18.05.2025,https://baniola.tn/details/23032/seat-tarraco-modéle-2021.html
Volkswagen Amarok Diesel 2012,65000 DT,Volkswagen,,,,,,,163.0,Intégrale,Pick-up,,,Sousse,,,,5.0,4.0,2400.0,,18.05.2025,https://baniola.tn/details/23033/volkswagen-amarok-diesel-2012.html
Ssangyong Tivoli Essence 2020,63000 DT,Ssangyong,,,,,,,163.0,Traction,SUV,,,Tunis,,,,5.0,5.0,1600.0,,18.05.2025,https://baniola.tn/details/23034/ssangyong-tivoli-essence-2020.html
Audi A4 Essence 2014,35000 DT,Audi,,,,,,,170.0,Traction,Berline,,,Manouba,,,,5.0,4.0,1984.0,,18.05.2025,https://baniola.tn/details/23035/audi-a4-essence-2014.html
Mazda Bt 50 Diesel 2017,60000 DT,Mazda,,,,,,,150.0,Intégrale,Pick-up,,,Gabes,,,,5.0,4.0,2500.0,,18.05.2025,https://baniola.tn/details/23039/mazda-bt-50-diesel-2017.html
Mercedes 230 Diesel 2010,60000 DT,Mercedes,,,,,,,150.0,Propulsion,Berline,,,Nabeul,,,,5.0,4.0,2996.0,,19.05.2025,https://baniola.tn/details/23070/mercedes-230-diesel-2010.html
Kia Rio Essence 2019,52500 DT,Kia,,,,,,,84.0,Traction,Citadine,,,Ariana,,,,5.0,5.0,1400.0,,19.05.2025,https://baniola.tn/details/23074/kia-rio-essence-2019.html
Ford Focus Essence 2013,30 DT,Ford,,,,,,,105.0,Traction,Compacte,,,Ben Arous,,,,5.0,5.0,1600.0,,19.05.2025,https://baniola.tn/details/23075/ford-focus-essence-2013.html
Volkswagen Polo Essence 2021,44000 DT,Volkswagen,,,,,,,90.0,Traction,Compacte,,,Tunis,,,,5.0,5.0,1197.0,,19.05.2025,https://baniola.tn/details/23079/volkswagen-polo-essence-2021.html
Citroën C5 Ii Diesel 2009,25000 DT,Citroen,,,,,,,140.0,Traction,Berline,,,Sfax,,,,5.0,4.0,1997.0,,19.05.2025,https://baniola.tn/details/23080/citroen-c5-ii-diesel-2009.html
Suzuki Celerio 2023,35000 DT,Suzuki,,,,,,,68.0,Traction,Citadine,,,Sousse,,,,5.0,4.0,998.0,,10.04.2026,https://baniola.tn/details/27409/suzuki-celerio-2023.html
Volkswagen Passat Diesel 2006,28900 DT,Volkswagen,,,,,,,105.0,Traction,Berline,,,Sousse,,,,5.0,4.0,1896.0,,19.05.2025,https://baniola.tn/details/23081/volkswagen-passat-diesel-2006.html
Suzuki Celerio 2023 52000 Km,35000 DT,Suzuki,,,,,,,68.0,Traction,Citadine,,,Sousse,,,,5.0,4.0,998.0,,11.04.2026,https://baniola.tn/details/27425/suzuki-celerio-2023-52000-km.html
Citroën C4 Cactus 2018 15000 Km,35000 DT,Citroen,,,,,,,115.0,Traction,Compacte,,,Sousse,,,,5.0,5.0,1598.0,,15.04.2026,https://baniola.tn/details/27455/citroen-c4-cactus-2018-150000-km.html
Renault Twingo en Très Bon État,12500 DT,Renault,,,,,,,70.0,Traction,Citadine,,,Ben Arous,,,,4.0,3.0,1200.0,,16.04.2026,https://baniola.tn/details/27459/renault-twingo-en-très-bon-état.html
Kia Rio 2019 104500 Km,47000 DT,Kia,,,,,,,84.0,Traction,Citadine,,,Ariana,,,,5.0,5.0,1400.0,,16.04.2026,https://baniola.tn/details/27460/kia-rio-2019-104500-km.html
Opel Astra Essence 2008,25 DT,Opel,,,,,,,120.0,Traction,Berline,,,Kairouan,,,,5.0,4.0,1600.0,,18.05.2025,https://baniola.tn/details/22989/opel-astra-essence-2008.html
بيجو 106 آخر 1997,11 DT,Peugeot,,,,,,,60.0,Traction,Citadine,,,Sidi Bouzid,,,,5.0,3.0,1124.0,,18.05.2025,https://baniola.tn/details/22990/بيجو-106-آخر-1997.html
Lada 110 Essence 2019,26500 DT,Lada,,,,,,,90.0,Traction,Berline,,,Tunis,,,,5.0,4.0,1596.0,,18.05.2025,https://baniola.tn/details/22991/lada-110-essence-2019.html
Kia Cerato Essence 2017,45000 DT,Kia,,,,,,,130.0,Traction,Berline,,,,,,,5.0,4.0,1600.0,,18.05.2025,https://baniola.tn/details/22992/kia-cerato-essence-2017.html
Peugeot Expert Diesel 2020,62000 DT,Peugeot,,,,,,,120.0,Traction,Utilitaire,,,Kebili,,,,3.0,4.0,1997.0,,18.05.2025,https://baniola.tn/details/23064/peugeot-expert-diesel-2020.html
Kia Picanto Essence 2021,40900 DT,Kia,,,,,,,84.0,Traction,Citadine,,,Sfax,,,,5.0,5.0,1248.0,,18.05.2025,https://baniola.tn/details/23066/kia-picanto-essence-2021.html
Volkswagen Caddy Diesel 2020,54 DT,Volkswagen,,,,,,,102.0,Traction,Utilitaire,,,Nabeul,,,,5.0,4.0,1968.0,,18.05.2025,https://baniola.tn/details/23068/volkswagen-caddy-diesel-2020.html
Volkswagen Caddy Diesel 2020,54 DT,Volkswagen,,,,,,,102.0,Traction,Utilitaire,,,Nabeul,,,,5.0,4.0,1968.0,,18.05.2025,https://baniola.tn/details/23069/volkswagen-caddy-diesel-2020.html
Isuzu D Max 2023 75000 Km,90000 DT,Isuzu,,,,,,,150.0,Intégrale,Pick-up,,,Ben Arous,,,,5.0,4.0,2999.0,,13.05.2026,https://baniola.tn/details/27841/isuzu-d-max-2023-75000-km.html
Nissan Navara D40 Di ( 29901581 ),49000 DT,Nissan,,,,,,,170.0,Propulsion,Pick-up,,,Sfax,,,,5.0,4.0,2488.0,,27.03.2026,https://baniola.tn/details/27286/nissan-navara-d40-di-29901581.html
Land Rover Evoque 2021 69 Km,135000 DT,Land rover,,,,,,,200.0,Intégrale,SUV,,,Nabeul,,,,5.0,5.0,1997.0,,13.05.2026,https://baniola.tn/details/27840/land-rover-evoque-2021-69-km.html
Citroën Ds 7 Crossback 2021 135 Km,85000 DT,Citroen,,,,,,,180.0,Traction,SUV,,,Nabeul,,,,5.0,5.0,1598.0,,13.05.2026,https://baniola.tn/details/27839/citroen-ds-7-crossback-2021-135-km.html
Hyundai I20 2021 58000 Km,53000 DT,Hyundai,,,,,,,84.0,Traction,Compacte,,,Kasserine,,,,5.0,5.0,1200.0,,13.05.2026,https://baniola.tn/details/27838/hyundai-i20-2021-58000-km.html
Hyundai I10 2019 121000 Km,34000 DT,Hyundai,,,,,,,67.0,Traction,Citadine,,,Ben Arous,,,,5.0,5.0,1197.0,,12.05.2026,https://baniola.tn/details/27810/hyundai-i10-2019-121000-km.html
Peugeot 301 Active Première Main en Excellent État,34500 DT,Peugeot,,,,,,,115.0,Traction,Berline,,,Ariana,,,,5.0,4.0,1600.0,,13.05.2026,https://baniola.tn/details/27827/peugeot-301-active-première-main-en-excellent-état.html
Peugeot 301 Première Main en Excellent État,0 DT,Peugeot,,,,,,,115.0,Traction,Berline,,,Bizerte,,,,5.0,4.0,1600.0,,10.05.2026,https://baniola.tn/details/27763/peugeot-301-première-main-en-excellent-état.html
Nissan Qashqai Tekna 1. 5Dci,38500 DT,Nissan,,,,,,,115.0,Traction,SUV,,,Sousse,,,,5.0,5.0,1461.0,,13.05.2026,https://baniola.tn/details/27837/nissan-qashqai-tekna-1-5dci.html
Dacia Duster Suv 4*4 Importée Modèle Unique État T. t Neu...,54400 DT,Dacia,,,,,,,115.0,Intégrale,SUV,,,Ariana,,,,5.0,5.0,1461.0,,11.04.2026,https://baniola.tn/details/27427/dacia-duster-suv-4-4-importée-modèle-unique-état-t-t-neuf-tel-51-550366.html
Fiat Uno 1990 28000 Km,4500 DT,Fiat,,,,,,,45.0,Traction,Citadine,,,Monastir,,,,5.0,3.0,1108.0,,13.05.2026,https://baniola.tn/details/27836/fiat-uno-1990-280000-km.html
Mg Mg 5 2021 107. 000 Km,45000 DT,MG,,,,,,,110.0,Traction,Berline,,,Tunis,,,,5.0,4.0,1500.0,,13.05.2026,https://baniola.tn/details/27835/mg-mg-5-2021-107-000-km.html
Bmw E36 Bonne Occasion,22500 DT,Bmw,,,,,,,115.0,Propulsion,Berline,,,Ariana,,,,5.0,4.0,1800.0,,13.05.2026,https://baniola.tn/details/27834/bmw-e36-bonne-occasion.html
Toyota Yaris,38000 DT,Toyota,,,,,,,100.0,Traction,Compacte,,,Ben Arous,,,,5.0,5.0,1300.0,,13.05.2026,https://baniola.tn/details/27833/toyota-yaris.html
Volkswagen Polo 2003 189000 Km,16900 DT,Volkswagen,,,,,,,75.0,Traction,Compacte,,,Nabeul,,,,5.0,3.0,1598.0,,13.05.2026,https://baniola.tn/details/27832/volkswagen-polo-2003-189000-km.html
Peugeot 307 2003 Essence,21500 DT,Peugeot,,,,,,,90.0,Traction,Berline,,,Manouba,,,,5.0,4.0,1587.0,,28.04.2026,https://baniola.tn/details/27579/peugeot-307-2003-essence.html
Seat Ibiza 2019 151000 Km,40000 DT,Seat,,,,,,,95.0,Traction,Compacte,,,Tunis,,,,5.0,5.0,1200.0,,13.05.2026,https://baniola.tn/details/27831/seat-ibiza-2019-151000-km.html
Fiat Grande 1. 3,16000 DT,Fiat,,,,,,,95.0,Traction,Berline,,,Sidi Bouzid,,,,5.0,4.0,1248.0,,13.05.2026,https://baniola.tn/details/27828/fiat-grande-1-3.html
Mahindra Kuv 100 K8 2018 135 Km,23500 DT,Mahindra,,,,,,,82.0,Traction,SUV,,,Sfax,,,,6.0,5.0,1198.0,,12.05.2026,https://baniola.tn/details/27826/mahindra-kuv-100-k8-2018-135-km.html
Kia Opirus 2012 60 Km,0 DT,Kia,,,,,,,165.0,Traction,Berline,,,Ariana,,,,5.0,4.0,2497.0,,15.04.2026,https://baniola.tn/details/27450/kia-opirus-2012-60-km.html
Chery A3 2021 118000 Km,34000 DT,Chery,,,,,,,125.0,Traction,Berline,,,Sousse,,,,5.0,4.0,1597.0,,15.04.2026,https://baniola.tn/details/27453/chery-a3-2021-118000-km.html
Fiat Punto Evo 2012,24800 DT,Fiat,,,,,,,77.0,Traction,Compacte,,,Tunis,,,,5.0,5.0,1248.0,,15.04.2026,https://baniola.tn/details/27454/fiat-punto-evo-2012.html
Kia Seltos Tu225 Première Main 73Mkm Encore Sous Garantie,78000 DT,Kia,,,,,,,115.0,Traction,SUV,,,Ariana,,,,5.0,5.0,1600.0,,12.05.2026,https://baniola.tn/details/27825/kia-seltos-tu225-première-main-73mkm-encore-sous-garantie.html
Peugeot 508 2022 14000 Km,77000 DT,Peugeot,,,,,,,130.0,Traction,Berline,,,Nabeul,,,,5.0,4.0,1600.0,,12.05.2026,https://baniola.tn/details/27822/peugeot-508-2022-140000-km.html
Mercedes Classe Gla 2022 114000 Km,138000 DT,Mercedes,,,,,,,161.0,Traction,SUV,,,Nabeul,,,,5.0,5.0,1332.0,,12.05.2026,https://baniola.tn/details/27823/mercedes-classe-gla-2022-114000-km.html
Toyota Rav4 2004 4000 Km,135000 DT,Toyota,,,,,,,148.0,Traction,SUV,,,Bizerte,,,,5.0,5.0,1995.0,,12.05.2026,https://baniola.tn/details/27820/toyota-rav4-2004-400000-km.html
Volkswagen Golf 2008 247500 Km,26000 DT,Volkswagen,,,,,,,105.0,Traction,Compacte,,,Sidi Bouzid,,,,5.0,5.0,1600.0,,07.05.2026,https://baniola.tn/details/27709/volkswagen-golf-2008-247500-km.html
Peugeot 107 2011 200 Km,23500 DT,Peugeot,,,,,,,68.0,Traction,Citadine,,,Ben Arous,,,,4.0,3.0,998.0,,12.05.2026,https://baniola.tn/details/27818/peugeot-107-2011-200-km.html
Renault Captur 2015 19000 Km,38000 DT,Renault,,,,,,,90.0,Traction,SUV,,,Manouba,,,,5.0,5.0,1197.0,,12.05.2026,https://baniola.tn/details/27817/renault-captur-2015-190000-km.html
❤️Volkswagen Golf 8 Active 11/2021 – 61 000 Km Certifiés ...,79800 DT,Volkswagen,,,,,,,110.0,Traction,Compacte,,,Tunis,,,,5.0,5.0,1000.0,,12.05.2026,https://baniola.tn/details/27816/volkswagen-golf-8-active-11-2021-61-000-km-certifiés-importée.html
Golf 6 Tdi 1. 6 Importée D'allemagne,38000 DT,Volkswagen,,,,,,,105.0,Traction,Compacte,,,Ben Arous,,,,5.0,5.0,1598.0,,12.05.2026,https://baniola.tn/details/27815/golf-6-tdi-1-6-importée-d-039-allemagne.html
Dacia Duster Suv 4*4 Importée 1Ère Main en T. n Modèle Un...,54400 DT,Dacia,,,,,,,115.0,Intégrale,SUV,,,Ariana,,,,5.0,5.0,1461.0,,24.04.2026,https://baniola.tn/details/27543/dacia-duster-suv-4-4-importée-1ère-main-en-t-n-modèle-unique-t-t-neuf-tel-51-550366.html
Volkswagen Golf 2012 245 Km,37500 DT,Volkswagen,,,,,,,105.0,Traction,Compacte,,,Ben Arous,,,,5.0,5.0,1600.0,,12.05.2026,https://baniola.tn/details/27814/volkswagen-golf-2012-245-km.html
Fiat Punto 2005 15000 Km,5300 DT,Fiat,,,,,,,60.0,Traction,Compacte,,,Sidi Bouzid,,,,5.0,3.0,1200.0,,12.05.2026,https://baniola.tn/details/27813/fiat-punto-2005-150000-km.html
Peugeot 2008 2021 89112 Km,76000 DT,Peugeot,,,,,,,130.0,Traction,SUV,,,Manouba,,,,5.0,5.0,1199.0,,12.05.2026,https://baniola.tn/details/27812/peugeot-2008-2021-89112-km.html
Kia Picanto 2024 19000 Km,43500 DT,Kia,,,,,,,84.0,Traction,Citadine,,,Tunis,,,,5.0,5.0,998.0,,20.04.2026,https://baniola.tn/details/27498/kia-picanto-2024-19000-km.html
Toyota Corolla 2020 85000 Km,62000 DT,Toyota,,,,,,,121.0,Traction,Berline,,,Ariana,,,,5.0,4.0,1600.0,,11.05.2026,https://baniola.tn/details/27792/toyota-corolla-2020-85000-km.html
Fiat Tipo 2020 37000 Km,37000 DT,Fiat,,,,,,,95.0,Traction,Berline,,,Ariana,,,,5.0,4.0,1368.0,,12.05.2026,https://baniola.tn/details/27811/fiat-tipo-2020-37000-km.html
Peugeot 2008,35000 DT,Peugeot,,,,,,,130.0,Traction,SUV,,,Tunis,,,,5.0,5.0,1199.0,,12.05.2026,https://baniola.tn/details/27808/peugeot-2008.html
Suzuki Celerio 2023 22000 Km,36500 DT,Suzuki,,,,,,,68.0,Traction,Citadine,,,Manouba,,,,5.0,4.0,998.0,,07.05.2026,https://baniola.tn/details/27714/suzuki-celerio-2023-22000-km.html
Volkswagen Passat 2008 312 Km,28500 DT,Volkswagen,,,,,,,160.0,Traction,Berline,,,Tunis,,,,5.0,4.0,2000.0,,12.05.2026,https://baniola.tn/details/27807/volkswagen-passat-2008-312-km.html
Volkswagen Polo 2004 200 Km,18000 DT,Volkswagen,,,,,,,75.0,Traction,Compacte,,,Ben Arous,,,,5.0,3.0,1200.0,,12.05.2026,https://baniola.tn/details/27806/volkswagen-polo-2004-200-km.html
Volkswagen Passat 2020 134000 Km,95000 DT,Volkswagen,,,,,,,190.0,Traction,Berline,,,Sousse,,,,5.0,4.0,2000.0,,12.05.2026,https://baniola.tn/details/27805/volkswagen-passat-2020-134000-km.html
Kia Rio 2011 260 Km,23000 DT,Kia,,,,,,,85.0,Traction,Citadine,,,Gafsa,,,,5.0,5.0,1400.0,,12.05.2026,https://baniola.tn/details/27803/kia-rio-2011-260-km.html
Renault Express 2024 24. 695 Km,15000 DT,Renault,,,,,,,75.0,Traction,Utilitaire,,,Nabeul,,,,2.0,2.0,1200.0,,12.05.2026,https://baniola.tn/details/27804/renault-express-2024-24-695-km.html
"Ibiza à Vendre, Cause Départ à L'étranger",29500 DT,Seat,,,,,,,90.0,Traction,Compacte,,,Ariana,,,,5.0,5.0,1200.0,,20.12.2025,https://baniola.tn/details/25724/ibiza-à-vendre-cause-départ-à-l-étranger.html
Audi Rs3 2024 53. 000 Km,34900 DT,Audi,,,,,,,394.0,Intégrale,Berline,,,Nabeul,,,,5.0,4.0,2880.0,,11.05.2026,https://baniola.tn/details/27801/audi-rs3-2024-53-000-km.html
Volkswagen Passat 2002 200 Km,21000 DT,Volkswagen,,,,,,,115.0,Traction,Berline,,,Sfax,,,,5.0,4.0,1595.0,,11.05.2026,https://baniola.tn/details/27802/volkswagen-passat-2002-200-km.html
Ford Fiesta Titanium Plus 09-2014 39000 Km,34000 DT,Ford,,,,,,,120.0,Traction,Compacte,,,Tunis,,,,5.0,5.0,1600.0,,13.04.2026,https://baniola.tn/details/27438/ford-fiesta-titanium-plus-09-2014-39000-km.html
Volkswagen Passat 2002 183000 Km,20000 DT,Volkswagen,,,,,,,115.0,Traction,Berline,,,Tunis,,,,5.0,4.0,1595.0,,13.04.2026,https://baniola.tn/details/27439/volkswagen-passat-2002-183000-km.html
Volkswagen T-Roc 2022 82000 Km,84000 DT,Volkswagen,,,,,,,110.0,Traction,SUV,,,Sousse,,,,5.0,5.0,1000.0,,14.04.2026,https://baniola.tn/details/27441/volkswagen-t-roc-2022-82000-km.html
Kia Sportage 2018 133000 Km,1 DT,Kia,,,,,,,161.0,Traction,SUV,,,Tunis,,,,5.0,5.0,1600.0,,14.04.2026,https://baniola.tn/details/27442/kia-sportage-2018-133000-km.html
Peugeot 308 2015 29000 Km,32000 DT,Peugeot,,,,,,,115.0,Traction,Berline,,,Tunis,,,,5.0,5.0,1600.0,,14.04.2026,https://baniola.tn/details/27444/peugeot-308-2015-290000-km.html
Porsche Macan S,130 DT,Porsche,,,,,,,340.0,Intégrale,SUV,,,Tunis,,,,5.0,5.0,2995.0,,14.04.2026,https://baniola.tn/details/27447/porsche-macan-s.html
Hyundai Tucson 2022 4000 Km,1 DT,Hyundai,,,,,,,177.0,Traction,SUV,,,Sfax,,,,5.0,5.0,1600.0,,14.04.2026,https://baniola.tn/details/27448/hyundai-tucson-2022-40000-km.html
Bmw 316I - Année 2014 - 122000 Km,64000 DT,Bmw,,,,,,,136.0,Traction,Berline,,,Tunis,,,,5.0,4.0,1598.0,,14.04.2026,https://baniola.tn/details/27449/bmw-316i-année-2014-122000-km.html
Volkswagen Passat 2011 195000 Km,42000 DT,Volkswagen,,,,,,,160.0,Traction,Berline,,,Sfax,,,,5.0,4.0,1984.0,,15.02.2026,https://baniola.tn/details/26905/volkswagen-passat-2011-195000-km.html
Nissan Juke 2021 175000 Km,63000 DT,Nissan,,,,,,,117.0,Traction,SUV,,,Tunis,,,,5.0,5.0,1197.0,,23.02.2026,https://baniola.tn/details/27011/nissan-juke-2021-175000-km.html
Mg Mg Hs 2020 162000 Km,68000 DT,MG,,,,,,,160.0,Traction,SUV,,,Tunis,,,,5.0,5.0,1500.0,,11.05.2026,https://baniola.tn/details/27800/mg-mg-hs-2020-162000-km.html
Peugeot 206+,22700 DT,Peugeot,,,,,,,90.0,Traction,Compacte,,,Monastir,,,,5.0,5.0,1587.0,,11.05.2026,https://baniola.tn/details/27797/peugeot-206.html
Kia Picanto 2018 112000 Km,31500 DT,Kia,,,,,,,67.0,Traction,Citadine,,,,,,,5.0,5.0,1248.0,,11.05.2026,https://baniola.tn/details/27799/kia-picanto-2018-112000-km.html
Renault Symbol 2016 203 Km,31000 DT,Renault,,,,,,,75.0,Traction,Berline,,,Tunis,,,,5.0,4.0,1390.0,,11.05.2026,https://baniola.tn/details/27796/renault-symbol-2016-203-km.html
Volkswagen Polo 2004 21000 Km,19000 DT,Volkswagen,,,,,,,75.0,Traction,Compacte,,,Sousse,,,,5.0,3.0,1200.0,,11.05.2026,https://baniola.tn/details/27795/volkswagen-polo-2004-21000-km.html
Nissan Navara 2008 42 Km,49000 DT,Nissan,,,,,,,170.0,Propulsion,Pick-up,,,Nabeul,,,,5.0,4.0,2500.0,,11.05.2026,https://baniola.tn/details/27793/nissan-navara-2008-42-km.html
Volkswagen Golf7 1. 4L 2014 139000 Km,47000 DT,Volkswagen,,,,,,,122.0,Traction,Compacte,,,Kairouan,,,,5.0,5.0,1390.0,,11.05.2026,https://baniola.tn/details/27794/volkswagen-golf7-1-4l-2014-139000-km.html
Peugeot 208 2022 57872 Km,39000 DT,Peugeot,,,,,,,100.0,Traction,Compacte,,,Tunis,,,,5.0,5.0,1199.0,,03.05.2026,https://baniola.tn/details/27668/peugeot-208-2022-57872-km.html
Citroën Ds3 2014 165 Km,27500 DT,Citroen,,,,,,,115.0,Traction,Compacte,,,Zaghouan,,,,5.0,3.0,1598.0,,11.05.2026,https://baniola.tn/details/27785/citroen-ds3-2014-165-km.html
Peugeot 308,22500 DT,Peugeot,,,,,,,130.0,Traction,Berline,,,Sfax,,,,5.0,5.0,1600.0,,11.05.2026,https://baniola.tn/details/27791/peugeot-308.html
Peugeot 208 2019 73000 Km,31000 DT,Peugeot,,,,,,,82.0,Traction,Compacte,,,,,,,5.0,5.0,1199.0,,11.05.2026,https://baniola.tn/details/27790/peugeot-208-2019-73000-km.html
Kia Rio X-Line 2021 110. 000 Km,62000 DT,Kia,,,,,,,84.0,Traction,Compacte,,,Tunis,,,,5.0,5.0,1400.0,,11.05.2026,https://baniola.tn/details/27789/kia-rio-x-line-2021-110-000-km.html
Volkswagen Golf 2018 143500 Km,60000 DT,Volkswagen,,,,,,,110.0,Traction,Compacte,,,Manouba,,,,5.0,5.0,1600.0,,11.05.2026,https://baniola.tn/details/27788/volkswagen-golf-2018-143500-km.html
Dacia Duster 4X4 - 2013 - 227000 Km,45000 DT,Dacia,,,,,,,105.0,Intégrale,SUV,,,Bizerte,,,,5.0,5.0,1461.0,,11.05.2026,https://baniola.tn/details/27787/dacia-duster-4x4-2013-227000-km.html
Ford Fiesta 2010 253000 Km,26300 DT,Ford,,,,,,,95.0,Traction,Citadine,,,Ben Arous,,,,5.0,5.0,1600.0,,29.04.2026,https://baniola.tn/details/27589/ford-fiesta-2010-253000-km.html
Toyota Yaris 2014,45000 DT,Toyota,,,,,,,99.0,Traction,Citadine,,,Tunis,,,,5.0,5.0,1497.0,,28.04.2026,https://baniola.tn/details/27580/toyota-yaris-2014.html
Renault Captur 2014 177000 Km,35000 DT,Renault,,,,,,,90.0,Traction,SUV,,,Ariana,,,,5.0,5.0,1197.0,,11.05.2026,https://baniola.tn/details/27786/renault-captur-2014-1770000-km.html
Volkswagen Polo 2004 209000 Km,18500 DT,Volkswagen,,,,,,,75.0,Traction,Compacte,,,Manouba,,,,5.0,3.0,1595.0,,22.03.2026,https://baniola.tn/details/27222/volkswagen-polo-2004-209000-km.html
Peugeot 2008 2022 85000 Km,65000 DT,Peugeot,,,,,,,130.0,Traction,SUV,,,Ariana,,,,5.0,5.0,1199.0,,16.12.2025,https://baniola.tn/details/25632/peugeot-2008-2022-85000-km.html
Dacia Sandero 2021 16000 Km,47000 DT,Dacia,,,,,,,90.0,Traction,Berline,,,Ariana,,,,5.0,4.0,1200.0,,07.04.2026,https://baniola.tn/details/27381/dacia-sandero-2021-16000-km.html
Renault Megane 2005 27000 Km,20000 DT,Renault,,,,,,,115.0,Traction,Berline,,,Sfax,,,,5.0,4.0,1600.0,,13.04.2026,https://baniola.tn/details/27432/renault-megane-2005-270000-km.html
Peugeot Partner 2020 123000 Km,41000 DT,Peugeot,,,,,,,95.0,Traction,Utilitaire,,,Sousse,,,,5.0,5.0,1560.0,,13.04.2026,https://baniola.tn/details/27434/peugeot-partner-2020-123000-km.html
Mazda Mazda2 2015 24000 Km,22500 DT,Mazda,,,,,,,115.0,Traction,Compacte,,,Mahdia,,,,5.0,5.0,1496.0,,13.04.2026,https://baniola.tn/details/27435/mazda-mazda2-2015-240000-km.html
Hyundai I10 2024 23500 Km,52500 DT,Hyundai,,,,,,,67.0,Traction,Citadine,,,Tunis,,,,5.0,5.0,998.0,,13.04.2026,https://baniola.tn/details/27436/hyundai-i10-2024-23500-km.html
Mercedes Classe E 2005 4000 Km,85000 DT,Mercedes,,,,,,,163.0,Propulsion,Berline,,,Bizerte,,,,5.0,4.0,1796.0,,10.05.2026,https://baniola.tn/details/27783/mercedes-classe-e-2005-4000-km.html
Land Rover Evoque 2016 215000 Km,90000 DT,Land rover,,,,,,,177.0,Intégrale,SUV,,,Beja,,,,5.0,5.0,1999.0,,10.05.2026,https://baniola.tn/details/27782/land-rover-evoque-2016-215000-km.html
Nissan Patrol 1991 500 Km,33500 DT,Nissan,,,,,,,160.0,Intégrale,SUV,,,Ariana,,,,8.0,5.0,4169.0,,10.05.2026,https://baniola.tn/details/27780/nissan-patrol-1991-500-km.html
Citroën C5 2012 23000 Km,26500 DT,Citroen,,,,,,,110.0,Traction,Berline,,,Beja,,,,5.0,4.0,1600.0,,10.05.2026,https://baniola.tn/details/27781/citroen-c5-2012-230000-km.html
Audi A4 2010 204000 Km,35000 DT,Audi,,,,,,,170.0,Traction,Berline,,,Tunis,,,,5.0,4.0,2000.0,,10.05.2026,https://baniola.tn/details/27770/audi-a4-2010-204000-km.html
Seat Ibiza Fr 2023 220 Km,50000 DT,Seat,,,,,,,95.0,Traction,Compacte,,,Nabeul,,,,5.0,5.0,1000.0,,10.05.2026,https://baniola.tn/details/27778/seat-ibiza-fr-2023-220-km.html
Land Rover Range 4X4 2017 148000 Km,95000 DT,Land rover,,,,,,,180.0,Intégrale,SUV,,,Bizerte,,,,5.0,5.0,2000.0,,10.05.2026,https://baniola.tn/details/27779/land-rover-range-4x4-2017-148000-km.html
Škoda Fabia 2023 158000 Km,43000 DT,Skoda,,,,,,,95.0,Traction,Compacte,,,Ariana,,,,5.0,5.0,1000.0,,10.05.2026,https://baniola.tn/details/27777/skoda-fabia-2023-158000-km.html
Kia Rio 2017 175000 Km,41000 DT,Kia,,,,,,,85.0,Traction,Compacte,,,Tunis,,,,5.0,5.0,1400.0,,10.05.2026,https://baniola.tn/details/27776/kia-rio-2017-175000-km.html
Peugeot 206 2008 220 Km,18000 DT,Peugeot,,,,,,,90.0,Traction,Compacte,,,Tunis,,,,5.0,5.0,1360.0,,10.05.2026,https://baniola.tn/details/27775/peugeot-206-2008-220-km.html
Fiat Doblo 2021 1000 Km,46000 DT,Fiat,,,,,,,95.0,Traction,Utilitaire,,,Nabeul,,,,5.0,5.0,1400.0,,09.04.2026,https://baniola.tn/details/27397/fiat-doblo-2021-100000-km.html
Ford Transit Custom 2021 127. 000 Km,17000 DT,Ford,,,,,,,170.0,Traction,Utilitaire,,,Sousse,,,,3.0,4.0,2000.0,,10.05.2026,https://baniola.tn/details/27774/ford-transit-custom-2021-127-000-km.html
Suzuki Celerio 1Er Main 2023 87000 Km,35000 DT,Suzuki,,,,,,,68.0,Traction,Citadine,,,Sousse,,,,5.0,4.0,998.0,,10.05.2026,https://baniola.tn/details/27773/suzuki-celerio-1er-main-2023-87000-km.html
Suzuki Celerio 2019 96000 Km,31000 DT,Suzuki,,,,,,,68.0,Traction,Citadine,,,Nabeul,,,,5.0,4.0,998.0,,10.05.2026,https://baniola.tn/details/27772/suzuki-celerio-2019-96000-km.html
Citroën C5 Aircross 2019 130850 Km,65000 DT,Citroen,,,,,,,130.0,Traction,SUV,,,Gafsa,,,,5.0,5.0,1598.0,,04.01.2026,https://baniola.tn/details/26016/citroen-c5-aircross-2019-130850-km.html
Ssangyong Tivoli 2017 134000 Km,63000 DT,Ssangyong,,,,,,,115.0,Traction,SUV,,,Kairouan,,,,5.0,5.0,1600.0,,10.05.2026,https://baniola.tn/details/27771/ssangyong-tivoli-2017-134000-km.html
Nissan Navara 2009 360 Km,38000 DT,Nissan,,,,,,,170.0,Intégrale,Pick-up,,,Sousse,,,,5.0,4.0,2500.0,,10.05.2026,https://baniola.tn/details/27760/nissan-navara-2009-360-km.html
Ford Ka 2016 168 Km,27300 DT,Ford,,,,,,,69.0,Traction,Citadine,,,Sfax,,,,4.0,3.0,1196.0,,10.05.2026,https://baniola.tn/details/27769/ford-ka-2016-168-km.html
Audi Fontome Essence Gaz à Vendre,13000 DT,Audi,,,,,,,120.0,Traction,Berline,,,Sfax,,,,5.0,4.0,1600.0,,10.05.2026,https://baniola.tn/details/27768/audi-fontome-essence-gaz-à-vendre.html
Peugeot 208 2015 86000 Km,28000 DT,Peugeot,,,,,,,115.0,Traction,Compacte,,,Tunis,,,,5.0,5.0,1600.0,,09.05.2026,https://baniola.tn/details/27754/peugeot-208-2015-86000-km.html
Mitsubishi Mirage Gls 2017 147000 Km,24000 DT,Mitsubishi,,,,,,,78.0,Traction,Citadine,,,Ben Arous,,,,5.0,4.0,1193.0,,10.05.2026,https://baniola.tn/details/27765/mitsubishi-mirage-gls-2017-147000-km.html
Citroën Ax 1991 3000 Km,6500 DT,Citroen,,,,,,,60.0,Traction,Citadine,,,Medenine,,,,5.0,5.0,1124.0,,10.05.2026,https://baniola.tn/details/27766/citroen-ax-1991-300000-km.html
Fiat Grande Punto 2014 158000 Km,26500 DT,Fiat,,,,,,,95.0,Traction,Compacte,,,Bizerte,,,,5.0,5.0,1200.0,,10.05.2026,https://baniola.tn/details/27764/fiat-grande-punto-2014-158000-km.html
Citroën C5 2010 123456 Km,30000 DT,Citroen,,,,,,,127.0,Traction,Berline,,,Medenine,,,,5.0,4.0,1997.0,,10.05.2026,https://baniola.tn/details/27761/citroen-c5-2010-123456-km.html
Fiat Panda 2023 65000 Km,38500 DT,Fiat,,,,,,,69.0,Traction,Citadine,,,Tunis,,,,5.0,5.0,999.0,,08.04.2026,https://baniola.tn/details/27385/fiat-panda-2023-65000-km.html
Ford Fiesta 2011 32000 Km,25000 DT,Ford,,,,,,,82.0,Traction,Citadine,,,Ben Arous,,,,5.0,5.0,1200.0,,12.04.2026,https://baniola.tn/details/27429/ford-fiesta-2011-320000-km.html
Volkswagen Polo 2015 2000 Km,32000 DT,Volkswagen,,,,,,,70.0,Traction,Compacte,,,Manouba,,,,5.0,5.0,1197.0,,12.04.2026,https://baniola.tn/details/27430/volkswagen-polo-2015-200000-km.html
Mahindra Kuv 100 2021 118 Km,27000 DT,Mahindra,,,,,,,82.0,Traction,SUV,,,Ben Arous,,,,5.0,5.0,1198.0,,09.05.2026,https://baniola.tn/details/27758/mahindra-kuv-100-2021-118-km.html
Toyota Land Cruiser 2017 214 Km,120000 DT,Toyota,,,,,,,271.0,Intégrale,SUV,,,Tunis,,,,7.0,5.0,4600.0,,09.05.2026,https://baniola.tn/details/27757/toyota-land-cruiser-2017-214-km.html
Chery Tiggo 2 2021 6000 Km,41500 DT,Chery,,,,,,,122.0,Traction,SUV,,,Tunis,,,,5.0,5.0,1598.0,,09.05.2026,https://baniola.tn/details/27756/chery-tiggo-2-2021-60000-km.html
Volkswagen Polo 2020 17. 000 Km,48000 DT,Volkswagen,,,,,,,90.0,Traction,Compacte,,,Tataouine,,,,5.0,5.0,1197.0,,09.05.2026,https://baniola.tn/details/27755/volkswagen-polo-2020-17-000-km.html
Hyundai Veloster 1Er Main,42000 DT,Hyundai,,,,,,,140.0,Traction,Coupé,,,Tunis,,,,4.0,3.0,1600.0,,09.05.2026,https://baniola.tn/details/27752/hyundai-veloster-1er-main.html
Seat Leon 2016 244000 Km,46000 DT,Seat,,,,,,,120.0,Traction,Compacte,,,Kebili,,,,5.0,5.0,1600.0,,09.05.2026,https://baniola.tn/details/27751/seat-leon-2016-244000-km.html
Renault Symbol 2016 4000 Km,27000 DT,Renault,,,,,,,75.0,Traction,Berline,,,Monastir,,,,5.0,4.0,1390.0,,09.05.2026,https://baniola.tn/details/27750/renault-symbol-2016-40000-km.html
Chery Tiggo 3X 2022 52000 Km,54000 DT,Chery,,,,,,,122.0,Traction,SUV,,,Sousse,,,,5.0,5.0,1598.0,,09.05.2026,https://baniola.tn/details/27749/chery-tiggo-3x-2022-52000-km.html
Chery Tiggo 8 Pro Full Option,97000 DT,Chery,,,,,,,186.0,Traction,SUV,,,Sousse,,,,7.0,5.0,1997.0,,09.05.2026,https://baniola.tn/details/27748/chery-tiggo-8-pro-full-option.html
Renault Clio 2003 35000 Km,16000 DT,Renault,,,,,,,75.0,Traction,Compacte,,,,,,,5.0,3.0,1149.0,,09.05.2026,https://baniola.tn/details/27747/renault-clio-2003-3500000-km.html
Peugeot 208 2015 86000 Km,28000 DT,Peugeot,,,,,,,115.0,Traction,Compacte,,,Tunis,,,,5.0,5.0,1600.0,,09.05.2026,https://baniola.tn/details/27745/peugeot-208-2015-86000-km.html
Peugeot Partner 2020 28000 Km,39000 DT,Peugeot,,,,,,,120.0,Traction,Utilitaire,,,Ben Arous,,,,5.0,5.0,1600.0,,09.05.2026,https://baniola.tn/details/27744/peugeot-partner-2020-280000-km.html
Chery Qq 2016 210 Km,23500 DT,Chery,,,,,,,60.0,Traction,Citadine,,,Ben Arous,,,,4.0,4.0,812.0,,09.05.2026,https://baniola.tn/details/27743/chery-qq-2016-210-km.html
Chery Tiggo 2 2020 135000 Km,39500 DT,Chery,,,,,,,122.0,Traction,SUV,,,Ariana,,,,5.0,5.0,1598.0,,21.03.2026,https://baniola.tn/details/27201/chery-tiggo-2-2020-135000-km.html
Toyota Autres 2023 51500 Km,36000 DT,Toyota,,,,,,,105.0,Traction,Berline,,,,,,,5.0,4.0,1600.0,,22.03.2026,https://baniola.tn/details/27223/toyota-autres-2023-51500-km.html
Audi A4 2010 284000 Km,29000 DT,Audi,,,,,,,170.0,Traction,Berline,,,Sousse,,,,5.0,4.0,2000.0,,09.05.2026,https://baniola.tn/details/27741/audi-a4-2010-284000-km.html
Suzuki Swift 2018 116000 Km,31000 DT,Suzuki,,,,,,,90.0,Traction,Compacte,,,Sfax,,,,5.0,4.0,1200.0,,09.05.2026,https://baniola.tn/details/27739/suzuki-swift-2018-116000-km.html
Volkswagen Polo 8 2023 43000 Km,82000 DT,Volkswagen,,,,,,,90.0,Traction,Compacte,,,Monastir,,,,5.0,5.0,1000.0,,09.05.2026,https://baniola.tn/details/27740/volkswagen-polo-8-2023-43000-km.html
Kia Rio 2013 267000 Km,31000 DT,Kia,,,,,,,87.0,Traction,Citadine,,,Sfax,,,,5.0,5.0,1400.0,,09.05.2026,https://baniola.tn/details/27738/kia-rio-2013-267000-km.html
Bmw Autre 1992 220. 000 Km,17000 DT,Bmw,,,,,,,150.0,Propulsion,Berline,,,Bizerte,,,,5.0,4.0,2000.0,,09.05.2026,https://baniola.tn/details/27736/bmw-autre-1992-220-000-km.html
Peugeot 2008 2021 11000 Km,55000 DT,Peugeot,,,,,,,130.0,Traction,SUV,,,Ariana,,,,5.0,5.0,1200.0,,09.05.2026,https://baniola.tn/details/27735/peugeot-2008-2021-110000-km.html
Renault Clio 2022 11000 Km,47000 DT,Renault,,,,,,,90.0,Traction,Compacte,,,Mahdia,,,,5.0,5.0,1200.0,,09.05.2026,https://baniola.tn/details/27733/renault-clio-2022-110000-km.html
Chevrolet Aveo Essence 2015,24000 DT,Chevrolet,,,,,,,95.0,Traction,Berline,,,Tunis,,,,5.0,4.0,1399.0,,13.10.2025,https://baniola.tn/details/24603/chevrolet-aveo-essence-2015.html
Hyundai Grand I10,32500 DT,Hyundai,,,,,,,88.0,Traction,Compacte,,,Bizerte,,,,5.0,5.0,1200.0,,09.05.2026,https://baniola.tn/details/27731/hyundai-grand-i10.html
Hyundai Creta 2019 154000 Km,58000 DT,Hyundai,,,,,,,115.0,Traction,SUV,,,Monastir,,,,5.0,5.0,1600.0,,09.05.2026,https://baniola.tn/details/27730/hyundai-creta-2019-154000-km.html
Mahindra Kuv 100 2019 81060 Km,31000 DT,Mahindra,,,,,,,85.0,Traction,SUV,,,Gafsa,,,,5.0,5.0,1198.0,,09.05.2026,https://baniola.tn/details/27729/mahindra-kuv-100-2019-81060-km.html
Suzuki S-Presso 2021 91000 Km,30000 DT,Suzuki,,,,,,,67.0,Traction,Citadine,,,Gafsa,,,,5.0,4.0,998.0,,09.05.2026,https://baniola.tn/details/27727/suzuki-s-presso-2021-91000-km.html
Peugeot 508 2011 310 Km,35000 DT,Peugeot,,,,,,,120.0,Traction,Berline,,,Nabeul,,,,5.0,4.0,1600.0,,09.05.2026,https://baniola.tn/details/27728/peugeot-508-2011-310-km.html
Fiat Tipo 2021 40500 Km,50000 DT,Fiat,,,,,,,95.0,Traction,Berline,,,Ben Arous,,,,5.0,4.0,1368.0,,08.05.2026,https://baniola.tn/details/27725/fiat-tipo-2021-40500-km.html
Citroën C4 2009 23000 Km,21000 DT,Citroen,,,,,,,120.0,Traction,Berline,,,Gafsa,,,,5.0,4.0,1598.0,,10.04.2026,https://baniola.tn/details/27416/citroen-c4-2009-230000-km.html
Ford Focus 2009 141000 Km,35000 DT,Ford,,,,,,,105.0,Traction,Compacte,,,Ben Arous,,,,5.0,5.0,1600.0,,11.04.2026,https://baniola.tn/details/27420/ford-focus-2009-141000-km.html
Peugeot 508 2012 27000 Km,34500 DT,Peugeot,,,,,,,163.0,Traction,Berline,,,Tunis,,,,5.0,4.0,1598.0,,11.04.2026,https://baniola.tn/details/27423/peugeot-508-2012-270000-km.html
Volkswagen T-Cross 2023 88000 Km,80 DT,Volkswagen,,,,,,,110.0,Traction,SUV,,,Manouba,,,,5.0,5.0,1000.0,,11.04.2026,https://baniola.tn/details/27417/volkswagen-t-cross-2023-88000-km.html
"Mahindra Kuv 100, 2020, 109000 Km",29000 DT,Mahindra,,,,,,,82.0,Traction,SUV,,,Tunis,,,,6.0,5.0,1198.0,,11.04.2026,https://baniola.tn/details/27426/mahindra-kuv-100-2020-109000-km.html
Volkswagen Tiguan 2014 71000 Km,68000 DT,Volkswagen,,,,,,,140.0,Traction,SUV,,,Gafsa,,,,5.0,5.0,1984.0,,11.04.2026,https://baniola.tn/details/27428/volkswagen-tiguan-2014-71000-km.html
Renault Clio 2024 53000 Km,65 DT,Renault,,,,,,,90.0,Traction,Compacte,,,Manouba,,,,5.0,5.0,1200.0,,11.04.2026,https://baniola.tn/details/27418/renault-clio-2024-53000-km.html
Renault Symbol 2009 266000 Km,25000 DT,Renault,,,,,,,75.0,Traction,Berline,,,Ben Arous,,,,5.0,4.0,1390.0,,08.05.2026,https://baniola.tn/details/27724/renault-symbol-2009-266000-km.html
Nissan Qashqai 2010 26000 Km,43000 DT,Nissan,,,,,,,115.0,Traction,SUV,,,Medenine,,,,5.0,5.0,1600.0,,08.05.2026,https://baniola.tn/details/27722/nissan-qashqai-2010-260000-km.html
Mercedes Classe E 2004 496. 000 Km,35000 DT,Mercedes,,,,,,,163.0,Traction,Berline,,,Sfax,,,,5.0,4.0,1796.0,,08.05.2026,https://baniola.tn/details/27723/mercedes-classe-e-2004-496-000-km.html
Chevrolet Aveo 2005 240 Km,18000 DT,Chevrolet,,,,,,,84.0,Traction,Berline,,,,,,,5.0,4.0,1399.0,,08.05.2026,https://baniola.tn/details/27720/chevrolet-aveo-2005-240-km.html
Kia Rio X-Line 2022 5000 Km,65500 DT,Kia,,,,,,,84.0,Traction,Compacte,,,Ben Arous,,,,5.0,5.0,1400.0,,08.05.2026,https://baniola.tn/details/27718/kia-rio-x-line-2022-50000-km.html
Ford Focus 2017 75000 Km,43000 DT,Ford,,,,,,,125.0,Traction,Compacte,,,Ariana,,,,5.0,5.0,1600.0,,07.05.2026,https://baniola.tn/details/27708/ford-focus-2017-75000-km.html
Hyundai Creta,58000 DT,Hyundai,,,,,,,115.0,Traction,SUV,,,Sousse,,,,5.0,5.0,1600.0,,08.05.2026,https://baniola.tn/details/27717/hyundai-creta.html
Mg Zs a Vendre فرصة ماتفوتهاش,65000 DT,MG,,,,,,,110.0,Traction,SUV,,,Le Kef,,,,5.0,5.0,1500.0,,08.05.2026,https://baniola.tn/details/27716/mg-zs-a-vendre-فرصة-ماتفوتهاش.html
Kia Rio 2023 1000 Km,80000 DT,Kia,,,,,,,84.0,Traction,Citadine,,,Monastir,,,,5.0,5.0,1400.0,,06.05.2026,https://baniola.tn/details/27696/kia-rio-2023-10000-km.html
Mercedes Classe C 2014 384000 Km,47000 DT,Mercedes,,,,,,,184.0,Traction,Berline,,,Kairouan,,,,5.0,4.0,2143.0,,08.05.2026,https://baniola.tn/details/27715/mercedes-classe-c-2014-384000-km.html
Mahindra Kuv 100 K8 2020 69000 Km,29000 DT,Mahindra,,,,,,,82.0,Traction,SUV,,,Manouba,,,,5.0,5.0,1198.0,,25.04.2026,https://baniola.tn/details/27544/mahindra-kuv-100-k8-2020-69000-km.html
Peugeot 207 2008 294 Km,29500 DT,Peugeot,,,,,,,90.0,Traction,Berline,,,Tataouine,,,,5.0,4.0,1600.0,,10.04.2026,https://baniola.tn/details/27413/peugeot-207-2008-294-km.html
Mercedes Amg,85000 DT,Mercedes,,,,,,,510.0,Propulsion,Berline,,,Mercedes Amg Prix non spécifié Tunis,,,,5.0,4.0,3982.0,,10.04.2026,https://baniola.tn/details/27399/mercedes-amg.html
Renault Clio 2008 188000 Km,25000 DT,Renault,,,,,,,75.0,Traction,Compacte,,,Bizerte,,,,5.0,5.0,1149.0,,10.04.2026,https://baniola.tn/details/27398/renault-clio-2008-188000-km.html
Volkswagen Golf 7,38000 DT,Volkswagen,,,,,,,110.0,Traction,Compacte,,,Tunis,,,,5.0,5.0,1600.0,,09.04.2026,https://baniola.tn/details/27389/volkswagen-golf-7.html
Opel Corsa 1996 33000 Km,11000 DT,Opel,,,,,,,60.0,Traction,Citadine,,,Medenine,,,,5.0,3.0,1200.0,,08.04.2026,https://baniola.tn/details/27382/opel-corsa-1996-330000-km.html
Peugeot 301 2014 177 750 Km,21000 DT,Peugeot,,,,,,,115.0,Traction,Berline,,,Tunis,,,,5.0,4.0,1600.0,,07.04.2026,https://baniola.tn/details/27376/peugeot-301-2014-177-750-km.html
Dacia Sandero,19000 DT,Dacia,,,,,,,90.0,Traction,Berline,,,Tozeur,,,,5.0,4.0,1200.0,,05.01.2026,https://baniola.tn/details/26042/dacia-sandero.html
"Av Ds5, Décembre 2014, 9Cv Essence, 1357000 Km. ‎",44000 DT,Ds,,,,,,,165.0,Traction,Berline,,,Tunis,,,,5.0,5.0,1598.0,,03.04.2026,https://baniola.tn/details/27343/av-ds5-décembre-2014-9cv-essence-1357000-km.html
C180 Amg Advanced Plus - Kit Black Night + Toit Ouvrant +...,174000 DT,Mercedes,,,,,,,156.0,Traction,Berline,,,Tunis,,,,5.0,4.0,1595.0,,22.12.2025,https://baniola.tn/details/25757/c180-amg-advanced-plus-kit-black-night-toit-ouvrant-fin-amp-8230.html
Mazda E2200 2006 450 Km,13000 DT,Mazda,,,,,,,85.0,Propulsion,Utilitaire,,,Ben Arous,,,,2.0,2.0,2184.0,,08.04.2026,https://baniola.tn/details/27386/mazda-e2200-2006-450-km.html
Volkswagen Passat 2026 270 Km,40000 DT,Volkswagen,,,,,,,190.0,Traction,Berline,,,Sfax,,,,5.0,4.0,2000.0,,08.04.2026,https://baniola.tn/details/27387/volkswagen-passat-2026-270-km.html
Mahindra Kuv 100 2019 165000 Km,23500 DT,Mahindra,,,,,,,85.0,Traction,SUV,,,Bizerte,,,,5.0,5.0,1198.0,,09.04.2026,https://baniola.tn/details/27390/mahindra-kuv-100-2019-165000-km.html
Ford Mondeo 2009 217500 Km,22 DT,Ford,,,,,,,145.0,Traction,Berline,,,Beja,,,,5.0,4.0,1999.0,,09.04.2026,https://baniola.tn/details/27392/ford-mondeo-2009-217500-km.html
Bmw 118I 2021 4000 Km,123 DT,Bmw,,,,,,,143.0,Traction,Berline,,,Sousse,,,,5.0,4.0,1499.0,,09.04.2026,https://baniola.tn/details/27395/bmw-118i-2021-40000-km.html
Honda Hr-V 2019 3000 Km,84000 DT,Honda,,,,,,,118.0,Traction,SUV,,,Ariana,,,,5.0,5.0,1498.0,,10.04.2026,https://baniola.tn/details/27400/honda-hr-v-2019-30000-km.html
Mahindra Kuv 100 2022 54000 Km,28500 DT,Mahindra,,,,,,,85.0,Traction,SUV,,,Tunis,,,,5.0,5.0,1198.0,,10.04.2026,https://baniola.tn/details/27405/mahindra-kuv-100-2022-54000-km.html
Renault Twingo 2010 18000 Km,24900 DT,Renault,,,,,,,75.0,Traction,Citadine,,,Tunis,,,,4.0,3.0,1149.0,,10.04.2026,https://baniola.tn/details/27406/renault-twingo-2010-180000-km.html
A Vendre – Audi A6 2. 0L Tdi Bva S Line / 2012,68 DT,Audi,,,,,,,177.0,Traction,Berline,,,Tunis,,,,5.0,4.0,1968.0,,10.04.2026,https://baniola.tn/details/27404/a-vendre-audi-a6-2-0l-tdi-bva-s-line-2012.html
Renault Megane 2010 317000 Km,27000 DT,Renault,,,,,,,110.0,Traction,Berline,,,Tunis,,,,5.0,5.0,1600.0,,10.04.2026,https://baniola.tn/details/27407/renault-megane-2010-317000-km.html
Ford Ecosport 2018 9000 Km,53000 DT,Ford,,,,,,,125.0,Traction,SUV,,,Tunis,,,,5.0,5.0,1600.0,,10.04.2026,https://baniola.tn/details/27408/ford-ecosport-2018-90000-km.html
Kia Rio 2022 11000 Km,45000 DT,Kia,,,,,,,84.0,Traction,Citadine,,,Tunis,,,,5.0,5.0,1400.0,,10.04.2026,https://baniola.tn/details/27410/kia-rio-2022-110000-km.html
Bmw Serie 3 Vi 2010 2000 Km,40000 DT,Bmw,,,,,,,136.0,Propulsion,Berline,,,Sousse,,,,5.0,4.0,1995.0,,10.04.2026,https://baniola.tn/details/27411/bmw-serie-3-vi-2010-200000-km.html
Seat Leon 2019 112000 Km,59000 DT,Seat,,,,,,,115.0,Traction,Compacte,,,Tunis,,,,5.0,5.0,1600.0,,10.04.2026,https://baniola.tn/details/27414/seat-leon-2019-112000-km.html
Peugeot Boxer 2008 334000 Km,20500 DT,Peugeot,,,,,,,110.0,Traction,Utilitaire,,,Nabeul,,,,3.0,4.0,1997.0,,07.05.2026,https://baniola.tn/details/27713/peugeot-boxer-2008-334000-km.html
Haval H2 2017 187000 Km,42500 DT,Haval,,,,,,,150.0,Traction,SUV,,,Ben Arous,,,,5.0,5.0,1997.0,,07.05.2026,https://baniola.tn/details/27712/haval-h2-2017-187000-km.html
Citroën Saxo 1999 35000 Km,15000 DT,Citroen,,,,,,,60.0,Traction,Compacte,,,Ariana,,,,5.0,3.0,1360.0,,07.05.2026,https://baniola.tn/details/27710/citroen-saxo-1999-350000-km.html
Peugeot 208 2019 145 Km,25999 DT,Peugeot,,,,,,,82.0,Traction,Compacte,,,Nabeul,,,,5.0,5.0,1199.0,,07.05.2026,https://baniola.tn/details/27711/peugeot-208-2019-145-km.html
Chevrolet Optra 2008 256000 Km,18500 DT,Chevrolet,,,,,,,100.0,Traction,Berline,,,Sidi Bouzid,,,,5.0,4.0,1600.0,,22.03.2026,https://baniola.tn/details/27219/chevrolet-optra-2008-256000-km.html
Volkswagen Golf7 Iq Drive,66000 DT,Volkswagen,,,,,,,105.0,Traction,Compacte,,,Nabeul,,,,5.0,5.0,1600.0,,04.05.2026,https://baniola.tn/details/27677/volkswagen-golf7-iq-drive.html
Nissan Micra 2017 275000 Km,22800 DT,Nissan,,,,,,,90.0,Traction,Citadine,,,Sousse,,,,5.0,5.0,1200.0,,07.05.2026,https://baniola.tn/details/27707/nissan-micra-2017-275000-km.html
Renault Symbol Serie 227 Tel 28361506,39000 DT,Renault,,,,,,,75.0,Traction,Berline,,,Kebili,,,,5.0,4.0,1390.0,,06.05.2026,https://baniola.tn/details/27705/renault-symbol-serie-227-tel-28361506.html
Audi A4,29000 DT,Audi,,,,,,,150.0,Traction,Berline,,,Tunis,,,,5.0,4.0,1600.0,,06.05.2026,https://baniola.tn/details/27704/audi-a4.html
Golf 6 Tci,35000 DT,Volkswagen,,,,,,,105.0,Traction,Compacte,,,Tunis,,,,5.0,5.0,1197.0,,06.05.2026,https://baniola.tn/details/27703/golf-6-tci.html
Volkswagen Caddy 2016 150 Km,38000 DT,Volkswagen,,,,,,,75.0,Traction,Utilitaire,,,Ben Arous,,,,5.0,4.0,1600.0,,06.05.2026,https://baniola.tn/details/27702/volkswagen-caddy-2016-150-km.html
Seat Ibiza Xcellence Bva 2024 54000 Km,71000 DT,Seat,,,,,,,95.0,Traction,Compacte,,,Tunis,,,,5.0,5.0,1000.0,,06.05.2026,https://baniola.tn/details/27699/seat-ibiza-xcellence-bva-2024-54000-km.html
Bmw 320 2022 94000 Km,132200 DT,Bmw,,,,,,,184.0,Propulsion,Berline,,,Monastir,,,,5.0,4.0,1998.0,,29.04.2026,https://baniola.tn/details/27591/bmw-320-2022-94000-km.html
Nissan Navara 2006 4000 Km,36000 DT,Nissan,,,,,,,174.0,Propulsion,Pick-up,,,Bizerte,,,,5.0,4.0,2488.0,,06.05.2026,https://baniola.tn/details/27701/nissan-navara-2006-400000-km.html
Volkswagen Polo,54000 DT,Volkswagen,,,,,,,70.0,Traction,Compacte,,,Sfax,,,,5.0,5.0,1199.0,,06.05.2026,https://baniola.tn/details/27700/volkswagen-polo.html
C5 1. 6 Thp 2013 Moteur en Mauvais État,22000 DT,Citroen,,,,,,,165.0,Traction,Berline,,,Ben Arous,,,,5.0,4.0,1598.0,,06.05.2026,https://baniola.tn/details/27695/c5-1-6-thp-2013-moteur-en-mauvais-état.html
Kia Opirus 2012 60 Km,0 DT,Kia,,,,,,,165.0,Traction,Berline,,,Ariana,,,,5.0,4.0,2497.0,,24.03.2026,https://baniola.tn/details/27251/kia-opirus-2012-60-km.html
Nissan Qashqai 2016 149 Km,38500 DT,Nissan,,,,,,,115.0,Traction,SUV,,,Le Kef,,,,5.0,5.0,1600.0,,06.05.2026,https://baniola.tn/details/27694/nissan-qashqai-2016-149-km.html
Ford Fiesta 2007 136000 Km,21000 DT,Ford,,,,,,,60.0,Traction,Citadine,,,Tunis,,,,5.0,5.0,1400.0,,05.05.2026,https://baniola.tn/details/27693/ford-fiesta-2007-136000-km.html
Peugeot 206 Sedan,16500 DT,Peugeot,,,,,,,90.0,Traction,Berline,,,Beja,,,,5.0,4.0,1587.0,,05.05.2026,https://baniola.tn/details/27692/peugeot-206-sedan.html
Suzuki Swift 2021 61000 Km,43000 DT,Suzuki,,,,,,,90.0,Traction,Compacte,,,Ben Arous,,,,5.0,4.0,1200.0,,05.05.2026,https://baniola.tn/details/27691/suzuki-swift-2021-61000-km.html
Haval H2 2017 17000 Km,56000 DT,Haval,,,,,,,150.0,Traction,SUV,,,Sfax,,,,5.0,5.0,1497.0,,05.05.2026,https://baniola.tn/details/27690/haval-h2-2017-170000-km.html
Mg Mg 5 2023 Confort Plus,49500 DT,MG,,,,,,,120.0,Traction,Berline,,,Monastir,,,,5.0,4.0,1500.0,,03.05.2026,https://baniola.tn/details/27659/mg-mg-5-2023-confort-plus.html
Ssangyong Kyron 2012,33200 DT,Ssangyong,,,,,,,175.0,Intégrale,SUV,,,Monastir,,,,5.0,5.0,1998.0,,02.05.2026,https://baniola.tn/details/27624/ssangyong-kyron-2012.html
Renault Clio 2007 16000 Km,25000 DT,Renault,,,,,,,75.0,Traction,Compacte,,,Sfax,,,,5.0,5.0,1149.0,,05.05.2026,https://baniola.tn/details/27688/renault-clio-2007-160000-km.html
Peugeot 207 2008 262000 Km,23000 DT,Peugeot,,,,,,,90.0,Traction,Berline,,,Manouba,,,,5.0,4.0,1600.0,,05.05.2026,https://baniola.tn/details/27686/peugeot-207-2008-262000-km.html
Hyundai Creta 2024 54000 Km,95000 DT,Hyundai,,,,,,,115.0,Traction,SUV,,,Gafsa,,,,5.0,5.0,1600.0,,05.05.2026,https://baniola.tn/details/27687/hyundai-creta-2024-54000-km.html
Toyota Hilux 2017 135000 Km,115000 DT,Toyota,,,,,,,163.0,Intégrale,Pick-up,,,Medenine,,,,5.0,4.0,2755.0,,05.05.2026,https://baniola.tn/details/27685/toyota-hilux-2017-135000-km.html
Ford Focus,9900 DT,Ford,,,,,,,125.0,Traction,Compacte,,,Ariana,,,,5.0,5.0,1600.0,,05.05.2026,https://baniola.tn/details/27683/ford-focus.html
Volkswagen Amarok 2011 228000 Km,65000 DT,Volkswagen,,,,,,,163.0,Intégrale,Pick-up,,,Medenine,,,,5.0,4.0,2800.0,,04.05.2026,https://baniola.tn/details/27673/volkswagen-amarok-2011-228000-km.html
Seat Leon 2017 222500 Km,38500 DT,Seat,,,,,,,115.0,Traction,Compacte,,,Tunis,,,,5.0,5.0,1600.0,,04.05.2026,https://baniola.tn/details/27674/seat-leon-2017-222500-km.html
Kia Picanto 2022 160 Km,37000 DT,Kia,,,,,,,67.0,Traction,Citadine,,,Mahdia,,,,5.0,5.0,998.0,,04.05.2026,https://baniola.tn/details/27672/kia-picanto-2022-160-km.html
Citroën C3 2021 14000 Km,46000 DT,Citroen,,,,,,,82.0,Traction,Compacte,,,Monastir,,,,5.0,5.0,1199.0,,04.05.2026,https://baniola.tn/details/27671/citroen-c3-2021-140000-km.html
"Mercedes Classe a 1Ère Main, Trés Bon État",54000 DT,Mercedes,,,,,,,120.0,Traction,Compacte,,,Sousse,,,,5.0,5.0,1595.0,,04.05.2026,https://baniola.tn/details/27669/mercedes-classe-a-1ère-main-trés-bon-état.html
Peugeot 207 2010 285 Km,23000 DT,Peugeot,,,,,,,90.0,Traction,Berline,,,Tunis,,,,5.0,4.0,1600.0,,22.04.2026,https://baniola.tn/details/27524/peugeot-207-2010-285-km.html
Mercedes W169. Diesel Turbo. T. 25716072,54000 DT,Mercedes,,,,,,,140.0,Traction,Berline,,,Tunis,,,,5.0,4.0,2148.0,,03.05.2026,https://baniola.tn/details/27667/mercedes-w169-diesel-turbo-t-25716072.html
Volkswagen Golf 2012,39000 DT,Volkswagen,,,,,,,105.0,Traction,Compacte,,,Ben Arous,,,,5.0,5.0,1600.0,,03.05.2026,https://baniola.tn/details/27666/volkswagen-golf-2012.html
Kia Rio 2013 208 Km,35700 DT,Kia,,,,,,,87.0,Traction,Citadine,,,Nabeul,,,,5.0,5.0,1400.0,,03.05.2026,https://baniola.tn/details/27660/kia-rio-2013-208-km.html
Renault Symbol 2014,32999 DT,Renault,,,,,,,75.0,Traction,Berline,,,Bizerte,,,,5.0,4.0,1390.0,,03.05.2026,https://baniola.tn/details/27661/renault-symbol-2014.html
Citroën Berlingo 5 Places,25000 DT,Citroen,,,,,,,110.0,Traction,Monospace,,,Medenine,,,,5.0,5.0,1560.0,,03.05.2026,https://baniola.tn/details/27658/citroen-berlingo-5-places.html
Kia Picanto 2019,37000 DT,Kia,,,,,,,67.0,Traction,Citadine,,,Ben Arous,,,,5.0,5.0,1248.0,,03.05.2026,https://baniola.tn/details/27657/kia-picanto-2019.html
Renault Scenic 2002 3000 Km,12000 DT,Renault,,,,,,,100.0,Traction,Monospace,,,Gabes,,,,5.0,5.0,1598.0,,03.05.2026,https://baniola.tn/details/27655/renault-scenic-2002-3000000-km.html
Ford Focus 2016 119000 Km,41000 DT,Ford,,,,,,,125.0,Traction,Compacte,,,Sfax,,,,5.0,5.0,1600.0,,02.05.2026,https://baniola.tn/details/27648/ford-focus-2016-119000-km.html
Isuzu D Max 2019,50000 DT,Isuzu,,,,,,,163.0,Intégrale,Pick-up,,,Ariana,,,,5.0,4.0,2999.0,,03.05.2026,https://baniola.tn/details/27649/isuzu-d-max-2019.html
Land Rover Evoque 2018 125000 Km,80000 DT,Land rover,,,,,,,180.0,Intégrale,SUV,,,Gabes,,,,5.0,5.0,1999.0,,03.05.2026,https://baniola.tn/details/27650/land-rover-evoque-2018-125000-km.html
Fiat Autre 2000,13500 DT,Fiat,,,,,,,120.0,Traction,Berline,,,Sfax,,,,5.0,4.0,1995.0,,03.05.2026,https://baniola.tn/details/27654/fiat-autre-2000.html
Mg Mg Zs 2023,70000 DT,MG,,,,,,,110.0,Traction,SUV,,,Nabeul,,,,5.0,5.0,1500.0,,02.05.2026,https://baniola.tn/details/27647/mg-mg-zs-2023.html
Kia Sportage Black Edition 2021 116 Km,76000 DT,Kia,,,,,,,136.0,Traction,SUV,,,Nabeul,,,,5.0,5.0,1600.0,,02.05.2026,https://baniola.tn/details/27646/kia-sportage-black-edition-2021-116-km.html
Hyundai I10 2014 182000 Km,29500 DT,Hyundai,,,,,,,87.0,Traction,Citadine,,,Tunis,,,,5.0,5.0,1248.0,,02.05.2026,https://baniola.tn/details/27643/hyundai-i10-2014-182000-km.html
Mitsubishi Attrage,37000 DT,Mitsubishi,,,,,,,78.0,Traction,Berline,,,Ariana,,,,5.0,4.0,1193.0,,02.05.2026,https://baniola.tn/details/27644/mitsubishi-attrage.html
Renault Clio 2022 115000 Km,37000 DT,Renault,,,,,,,90.0,Traction,Compacte,,,Tunis,,,,5.0,5.0,1200.0,,02.05.2026,https://baniola.tn/details/27645/renault-clio-2022-115000-km.html
Peugeot 508 2012,34000 DT,Peugeot,,,,,,,140.0,Traction,Berline,,,Monastir,,,,5.0,4.0,1600.0,,02.05.2026,https://baniola.tn/details/27640/peugeot-508-2012.html
Peugeot 208 2020,30500 DT,Peugeot,,,,,,,100.0,Traction,Compacte,,,Nabeul,,,,5.0,5.0,1199.0,,02.05.2026,https://baniola.tn/details/27641/peugeot-208-2020.html
Volkswagen Jetta 1995,35000 DT,Volkswagen,,,,,,,75.0,Traction,Berline,,,Sfax,,,,5.0,4.0,1595.0,,02.05.2026,https://baniola.tn/details/27638/volkswagen-jetta-1995.html
Byd F1 2022,105000 DT,BYD,,,,,,,102.0,Traction,Berline,,,Monastir,,,,5.0,4.0,1490.0,,02.05.2026,https://baniola.tn/details/27639/byd-f1-2022.html
Volkswagen Caddy 2019,44000 DT,Volkswagen,,,,,,,102.0,Traction,Utilitaire,,,Ariana,,,,5.0,4.0,1600.0,,02.05.2026,https://baniola.tn/details/27637/volkswagen-caddy-2019.html
Peugeot 208 2016 127000 Km,33000 DT,Peugeot,,,,,,,95.0,Traction,Berline,,,Ariana,,,,5.0,5.0,1199.0,,02.05.2026,https://baniola.tn/details/27636/peugeot-208-2016-127000-km.html
Dacia Dokker 2018,32500 DT,Dacia,,,,,,,75.0,Traction,Utilitaire,,,Tunis,,,,5.0,5.0,1461.0,,02.05.2026,https://baniola.tn/details/27633/dacia-dokker-2018.html
Hyundai I20 High Grade,53000 DT,Hyundai,,,,,,,84.0,Traction,Compacte,,,Nabeul,,,,5.0,5.0,1248.0,,02.05.2026,https://baniola.tn/details/27634/hyundai-i20-high-grade.html
Kia Seltos 2023 21000 Km,78000 DT,Kia,,,,,,,115.0,Traction,SUV,,,Kasserine,,,,5.0,5.0,1600.0,,02.05.2026,https://baniola.tn/details/27635/kia-seltos-2023-21000-km.html
Fiat Palio3 Modèle 2009 Kilomètrage 275000 Km,18000 DT,Fiat,,,,,,,85.0,Traction,Berline,,,Kairouan,,,,5.0,4.0,1248.0,,19.12.2025,https://baniola.tn/details/25711/fiat-palio3-modèle-2009-kilomètrage-275000-km.html
Renault Clio 2021 122000 Km,48000 DT,Renault,,,,,,,90.0,Traction,Compacte,,,Tataouine,,,,5.0,5.0,1200.0,,02.05.2026,https://baniola.tn/details/27630/renault-clio-2021-122000-km.html
Citroën Ax,4500 DT,Citroen,,,,,,,60.0,Traction,Citadine,,,Sousse,,,,5.0,5.0,1124.0,,02.05.2026,https://baniola.tn/details/27631/citroen-ax.html
Citroën Berlingo 2009 en Bon État sans Climatisation,17000 DT,Citroen,,,,,,,90.0,Traction,Utilitaire,,,Siliana,,,,5.0,5.0,1560.0,,02.05.2026,https://baniola.tn/details/27629/citroen-berlingo-2009-en-bon-état-sans-climatisation.html
Kia Sorento 2011,45000 DT,Kia,,,,,,,176.0,Intégrale,SUV,,,Medenine,,,,7.0,5.0,2359.0,,02.05.2026,https://baniola.tn/details/27628/kia-sorento-2011.html
Nouvelle 408 Phev Gt,115000 DT,Peugeot,,,,,,,225.0,Traction,Berline,,,Medenine,,,,5.0,4.0,1598.0,,02.05.2026,https://baniola.tn/details/27627/nouvelle-408-phev-gt.html
Renault Megane 2018 180. 000 Km,38000 DT,Renault,,,,,,,115.0,Traction,Berline,,,Nabeul,,,,5.0,4.0,1600.0,,02.05.2026,https://baniola.tn/details/27625/renault-megane-2018-180-000-km.html
Tata Tata Xenon X2 Double Cabine 2017 172300 Km,30000 DT,Tata,,,,,,,115.0,Propulsion,Pick-up,,,Ariana,,,,5.0,4.0,2956.0,,02.05.2026,https://baniola.tn/details/27626/tata-tata-xenon-x2-double-cabine-2017-172300-km.html
Renault Fluence 2017,36000 DT,Renault,,,,,,,110.0,Traction,Berline,,,Sfax,,,,5.0,4.0,1600.0,,02.05.2026,https://baniola.tn/details/27621/renault-fluence-2017.html
Hyundai I20 2019 23000 Km,34000 DT,Hyundai,,,,,,,84.0,Traction,Compacte,,,Ariana,,,,5.0,5.0,1200.0,,02.05.2026,https://baniola.tn/details/27622/hyundai-i20-2019-230000-km.html
Peugeot 208 2020,29000 DT,Peugeot,,,,,,,100.0,Traction,Berline,,,Ben Arous,,,,5.0,5.0,1199.0,,02.05.2026,https://baniola.tn/details/27623/peugeot-208-2020.html
Hyundai I10 2017,27500 DT,Hyundai,,,,,,,87.0,Traction,Citadine,,,Kasserine,,,,5.0,5.0,1197.0,,02.05.2026,https://baniola.tn/details/27620/hyundai-i10-2017.html
Renault Clio Gtline,43000 DT,Renault,,,,,,,90.0,Traction,Compacte,,,Sousse,,,,5.0,5.0,1200.0,,27.04.2026,https://baniola.tn/details/27565/renault-clio-gtline.html
Nissan Qashqai 2012 94500 Km,49000 DT,Nissan,,,,,,,115.0,Traction,SUV,,,Bizerte,,,,5.0,5.0,1600.0,,08.04.2026,https://baniola.tn/details/27384/nissan-qashqai-2012-94500-km.html
Peugeot 106 1998,11 DT,Peugeot,,,,,,,45.0,Traction,Citadine,,,Prix non spécifié Tunis,,,,5.0,3.0,1124.0,,02.05.2026,https://baniola.tn/details/27618/peugeot-106-1998.html
Peugeot 206 2003,11000 DT,Peugeot,,,,,,,90.0,Traction,Compacte,,,Mahdia,,,,5.0,5.0,1587.0,,01.05.2026,https://baniola.tn/details/27614/peugeot-206-2003.html
Renault Clio 2017,35000 DT,Renault,,,,,,,90.0,Traction,Compacte,,,Ariana,,,,5.0,5.0,1200.0,,01.05.2026,https://baniola.tn/details/27615/renault-clio-2017.html
Chevrolet Aveo 2014 2000 Km,22000 DT,Chevrolet,,,,,,,86.0,Traction,Berline,,,Ben Arous,,,,5.0,4.0,1399.0,,01.05.2026,https://baniola.tn/details/27616/chevrolet-aveo-2014-200000-km.html
Chevrolet Aveo 2017 141 Km,28000 DT,Chevrolet,,,,,,,95.0,Traction,Berline,,,Tunis,,,,5.0,4.0,1399.0,,01.05.2026,https://baniola.tn/details/27613/chevrolet-aveo-2017-141-km.html
Seat Ibiza 2019 19000 Km,36000 DT,Seat,,,,,,,95.0,Traction,Compacte,,,Ariana,,,,5.0,5.0,1200.0,,01.05.2026,https://baniola.tn/details/27611/seat-ibiza-2019-190000-km.html
Ds Ds5 Diesel 2015,44000 DT,Ds,,,,,,,115.0,Traction,Berline,,,Tunis,,,,5.0,5.0,1560.0,,29.07.2025,https://baniola.tn/details/23706/ds-ds5-diesel-2015.html
Mercedes Classe Cla 2017 75000 Km,75000 DT,Mercedes,,,,,,,211.0,Traction,Berline,,,Nabeul,,,,5.0,4.0,1991.0,,01.05.2026,https://baniola.tn/details/27606/mercedes-classe-cla-2017-75000-km.html
Chery Tiggo 2024 19000 Km,43500 DT,Chery,,,,,,,150.0,Traction,SUV,,,Manouba,,,,5.0,5.0,2000.0,,01.05.2026,https://baniola.tn/details/27608/chery-tiggo-2024-19000-km.html
Dacia Sandero 2015 128000 Km,32000 DT,Dacia,,,,,,,75.0,Traction,Berline,,,Manouba,,,,5.0,4.0,1200.0,,01.05.2026,https://baniola.tn/details/27607/dacia-sandero-2015-128000-km.html
Renault Twingo 2019 117800 Km,37000 DT,Renault,,,,,,,70.0,Traction,Citadine,,,Monastir,,,,4.0,3.0,1200.0,,01.05.2026,https://baniola.tn/details/27605/renault-twingo-2019-117800-km.html
Citroën C4 2013 232000 Km,29500 DT,Citroen,,,,,,,120.0,Traction,Berline,,,Manouba,,,,5.0,5.0,1600.0,,25.04.2026,https://baniola.tn/details/27546/citroen-c4-2013-232000-km.html
Volkswagen Polo 2009 228000 Km,20000 DT,Volkswagen,,,,,,,85.0,Traction,Compacte,,,,,,,5.0,5.0,1198.0,,30.04.2026,https://baniola.tn/details/27603/volkswagen-polo-2009-228000-km.html
Chevrolet Ssr 2024 44000 Km,78000 DT,Chevrolet,,,,,,,395.0,Propulsion,Pick-up,,,Sousse,,,,2.0,2.0,6200.0,,30.04.2026,https://baniola.tn/details/27600/chevrolet-ssr-2024-44000-km.html
Hyundai I20 2017 64000 Km,46000 DT,Hyundai,,,,,,,85.0,Traction,Compacte,,,Tunis,,,,5.0,5.0,1200.0,,30.04.2026,https://baniola.tn/details/27599/hyundai-i20-2017-64000-km.html
Ford Fusion 2020 Prix Bas,46000 DT,Ford,,,,,,,170.0,Traction,Berline,,,Tunis,,,,5.0,4.0,2000.0,,17.04.2026,https://baniola.tn/details/27472/ford-fusion-2020-prix-bas.html
Chery Tiggo 2 2020 112000 Km,42500 DT,Chery,,,,,,,122.0,Traction,SUV,,,Ariana,,,,5.0,5.0,1598.0,,30.04.2026,https://baniola.tn/details/27598/chery-tiggo-2-2020-112000-km.html
Seat Ibiza Style Plus Tel: 21 36 36 36,54000 DT,Seat,,,,,,,95.0,Traction,Compacte,,,Tunis,,,,5.0,5.0,1200.0,,30.04.2026,https://baniola.tn/details/27597/seat-ibiza-style-plus-tel-21-36-36-36.html
Citroën Saxo 1998,10000 DT,Citroen,,,,,,,60.0,Traction,Compacte,,,Sfax,,,,5.0,3.0,1360.0,,29.04.2026,https://baniola.tn/details/27595/citroen-saxo-1998.html
Mercedes Classe Clk 2003 18000 Km,20000 DT,Mercedes,,,,,,,120.0,Propulsion,Coupé,,,Tunis,,,,4.0,2.0,1796.0,,29.04.2026,https://baniola.tn/details/27594/mercedes-classe-clk-2003-180000-km.html
Peugeot 308 2019 75000 Km,42000 DT,Peugeot,,,,,,,130.0,Traction,Berline,,,Ben Arous,,,,5.0,5.0,1600.0,,29.04.2026,https://baniola.tn/details/27592/peugeot-308-2019-75000-km.html
Hyundai Tucson 2022,91500 DT,Hyundai,,,,,,,170.0,Traction,SUV,,,Ben Arous,,,,5.0,5.0,1600.0,,25.01.2026,https://baniola.tn/details/26493/hyundai-tucson-2022.html
Mercedes Classe C 2017 12000 Km,84000 DT,Mercedes,,,,,,,184.0,Traction,Berline,,,Tunis,,,,5.0,4.0,2143.0,,23.02.2026,https://baniola.tn/details/27002/mercedes-classe-c-2017-120000-km.html
Seat Tarraco Phev 2022 66000 Km,110000 DT,Seat,,,,,,,150.0,Traction,SUV,,,Sfax,,,,5.0,5.0,1498.0,,22.04.2026,https://baniola.tn/details/27515/seat-tarraco-phev-2022-66000-km.html
Hyundai Tucson 2021/3,74000 DT,Hyundai,,,,,,,170.0,Traction,SUV,,,,,,,5.0,5.0,1600.0,,20.04.2026,https://baniola.tn/details/27494/hyundai-tucson-2021-3.html
Ford Focus Titanium 169419 Km,47900 DT,Ford,,,,,,,125.0,Traction,Compacte,,,Ben Arous,,,,5.0,5.0,1600.0,,28.04.2026,https://baniola.tn/details/27578/ford-focus-titanium-169419-km.html
Peugeot 208 2017 3000 Km,36000 DT,Peugeot,,,,,,,82.0,Traction,Compacte,,,Nabeul,,,,5.0,5.0,1199.0,,29.04.2026,https://baniola.tn/details/27588/peugeot-208-2017-300000-km.html
Peugeot 301 2013 107000 Km,22000 DT,Peugeot,,,,,,,90.0,Traction,Berline,,,Ariana,,,,5.0,4.0,1600.0,,10.03.2026,https://baniola.tn/details/27122/peugeot-301-2013-107000-km.html
Fiat Palio 5Cv Motour Brazily Essence Gaz,13500 DT,Fiat,,,,,,,75.0,Traction,Compacte,,,Sfax,,,,5.0,4.0,1150.0,,28.04.2026,https://baniola.tn/details/27584/fiat-palio-5cv-motour-brazily-essence-gaz.html
Dacia Dokker 2020 182 Km,30500 DT,Dacia,,,,,,,75.0,Traction,Utilitaire,,,Sousse,,,,5.0,5.0,1461.0,,28.04.2026,https://baniola.tn/details/27586/dacia-dokker-2020-182-km.html
Hyundai I20 - High Grade,58000 DT,Hyundai,,,,,,,85.0,Traction,Compacte,,,Tunis,,,,5.0,5.0,1200.0,,28.04.2026,https://baniola.tn/details/27583/hyundai-i20-high-grade.html
Citroën Berlingo 2015 180 Km,55000 DT,Citroen,,,,,,,90.0,Traction,Utilitaire,,,Tunis,,,,5.0,5.0,1560.0,,28.04.2026,https://baniola.tn/details/27582/citroen-berlingo-2015-180-km.html
Mahindra Kuv 100 2022 6000 Km,33000 DT,Mahindra,,,,,,,82.0,Traction,SUV,,,Tunis,,,,5.0,5.0,1198.0,,22.03.2026,https://baniola.tn/details/27209/mahindra-kuv-100-2022-60000-km.html
Renault Captur 2015 168000 Km,40000 DT,Renault,,,,,,,90.0,Traction,SUV,,,Sidi Bouzid,,,,5.0,5.0,1197.0,,17.04.2026,https://baniola.tn/details/27471/renault-captur-2015-168000-km.html
Renault Symbol,31000 DT,Renault,,,,,,,75.0,Traction,Berline,,,occasion Toutes les marques Toutes les régions Publier une annonce Se connecter Accédez à vos annonces et favoris Renault symbol Voitures Renault Renault Symbol Renault Symbol Prix non spécifié Négociable Tunis,,,,5.0,4.0,1390.0,,10.04.2026,https://baniola.tn/details/27415/renault-symbol.html
Opel Corsa 2014 205000 Km,26000 DT,Opel,,,,,,,95.0,Traction,Compacte,,,Ariana,,,,5.0,5.0,1200.0,,24.04.2026,https://baniola.tn/details/27542/opel-corsa-2014-205000-km.html
Volkswagen Passat 2020 160. 000 Km,95000 DT,Volkswagen,,,,,,,190.0,Traction,Berline,,,Ariana,,,,5.0,4.0,2000.0,,26.04.2026,https://baniola.tn/details/27553/volkswagen-passat-2020-160-000-km.html
Mg Mg Hs 2021 110 Km,63000 DT,MG,,,,,,,160.0,Traction,SUV,,,Sousse,,,,5.0,5.0,1500.0,,28.04.2026,https://baniola.tn/details/27575/mg-mg-hs-2021-110-km.html
Peugeot 407 2006 Moteur Jdid,19500 DT,Peugeot,,,,,,,110.0,Traction,Berline,,,Le Kef,,,,5.0,4.0,1600.0,,28.04.2026,https://baniola.tn/details/27576/peugeot-407-2006-moteur-jdid.html
Ssangyong Actyon 2011 28000 Km,25000 DT,Ssangyong,,,,,,,141.0,Intégrale,SUV,,,Mahdia,,,,5.0,5.0,1998.0,,28.04.2026,https://baniola.tn/details/27573/ssangyong-actyon-2011-280000-km.html
Fiat Uno 2005 451000 Km,9100 DT,Fiat,,,,,,,45.0,Traction,Citadine,,,Nabeul,,,,5.0,3.0,1100.0,,28.04.2026,https://baniola.tn/details/27572/fiat-uno-2005-451000-km.html
Mahindra Kuv 100 2022 3000 Km,35000 DT,Mahindra,,,,,,,82.0,Traction,SUV,,,Tunis,,,,6.0,5.0,1198.0,,28.04.2026,https://baniola.tn/details/27571/mahindra-kuv-100-2022-30000-km.html
Hyundai Accent 2013 300 Km,30000 DT,Hyundai,,,,,,,107.0,Traction,Berline,,,Sfax,,,,5.0,4.0,1591.0,,27.04.2026,https://baniola.tn/details/27569/hyundai-accent-2013-300-km.html
Camion Renault Benne,35000 DT,Renault,,,,,,,120.0,Propulsion,Utilitaire,,,Medenine,,,,2.0,2.0,2500.0,,27.04.2026,https://baniola.tn/details/27570/camion-renault-benne.html
Toyota Hilux 2019 178000 Km,165000 DT,Toyota,,,,,,,163.0,Intégrale,Pick-up,,,Nabeul,,,,5.0,4.0,2755.0,,27.04.2026,https://baniola.tn/details/27567/toyota-hilux-2019-178000-km.html
Renault Autres 1990 000 Km,25000000 DT,Renault,,,,,,,60.0,Traction,Berline,,,Bizerte,,,,5.0,4.0,1400.0,,27.04.2026,https://baniola.tn/details/27568/renault-autres-1990-000-km.html
Ssangyong Tivoli 2017 372000 Km,46000 DT,Ssangyong,,,,,,,115.0,Traction,SUV,,,Ben Arous,,,,5.0,5.0,1600.0,,27.04.2026,https://baniola.tn/details/27566/ssangyong-tivoli-2017-372000-km.html
Kia Picanto a Vendre,29000 DT,Kia,,,,,,,67.0,Traction,Citadine,,,Sfax,,,,5.0,5.0,998.0,,27.04.2026,https://baniola.tn/details/27563/kia-picanto-a-vendre.html
Hyundai I20 2023 94000 Km,55000 DT,Hyundai,,,,,,,84.0,Traction,Compacte,,,Sidi Bouzid,,,,5.0,5.0,1200.0,,27.04.2026,https://baniola.tn/details/27562/hyundai-i20-2023-94000-km.html
Mercedes Classe C 2009 32000 Km,42000 DT,Mercedes,,,,,,,156.0,Traction,Berline,,,Ariana,,,,5.0,4.0,1796.0,,27.04.2026,https://baniola.tn/details/27560/mercedes-classe-c-2009-320000-km.html
Volkswagen Jetta 2013 229000 Km,35000 DT,Volkswagen,,,,,,,105.0,Traction,Berline,,,Tataouine,,,,5.0,4.0,1600.0,,27.04.2026,https://baniola.tn/details/27561/volkswagen-jetta-2013-229000-km.html
Belle Peugeot 206. Vendue,14500 DT,Peugeot,,,,,,,90.0,Traction,Compacte,,,Ben Arous,,,,5.0,5.0,1587.0,,16.04.2026,https://baniola.tn/details/27456/belle-peugeot-206-vendue.html
Ford Focus,37500 DT,Ford,,,,,,,125.0,Traction,Compacte,,,Ben Arous,,,,5.0,5.0,1600.0,,26.04.2026,https://baniola.tn/details/27558/ford-focus.html
Peugeot 206 2010 180 Km,22000 DT,Peugeot,,,,,,,90.0,Traction,Compacte,,,Bizerte,,,,5.0,5.0,1360.0,,26.04.2026,https://baniola.tn/details/27556/peugeot-206-2010-180-km.html
Fiat Doblo 2013 194000 Km,22500 DT,Fiat,,,,,,,95.0,Traction,Utilitaire,,,Monastir,,,,5.0,5.0,1400.0,,26.04.2026,https://baniola.tn/details/27554/fiat-doblo-2013-194000-km.html
Citroën C4 Cactus,32000 DT,Citroen,,,,,,,110.0,Traction,Compacte,,,Monastir,,,,5.0,5.0,1598.0,,26.04.2026,https://baniola.tn/details/27552/citroen-c4-cactus.html
Fiat Panda 2023 4 Cylindres 66000 Km,38500 DT,Fiat,,,,,,,69.0,Traction,Citadine,,,Tunis,,,,5.0,5.0,999.0,,13.03.2026,https://baniola.tn/details/27153/fiat-panda-2023-4-cylindres-66000-km.html
Opel Insignia 2012 420 Km,30000 DT,Opel,,,,,,,115.0,Traction,Berline,,,Monastir,,,,5.0,4.0,1998.0,,25.04.2026,https://baniola.tn/details/27551/opel-insignia-2012-420-km.html
Renault Clio 1993 3000 Km,11500 DT,Renault,,,,,,,60.0,Traction,Compacte,,,Monastir,,,,5.0,3.0,1100.0,,25.04.2026,https://baniola.tn/details/27545/renault-clio-1993-300000-km.html
Dongfeng Sx3 2022 55000 Km,50000 DT,Dongfeng,,,,,,,120.0,Traction,SUV,,,,,,,5.0,5.0,1500.0,,25.04.2026,https://baniola.tn/details/27548/dongfeng-sx3-2022-55000-km.html
Volkswagen Golf 6 2011 19000 Km,55046412 DT,Volkswagen,,,,,,,105.0,Traction,Compacte,,,Sousse,,,,5.0,5.0,1600.0,,25.04.2026,https://baniola.tn/details/27549/volkswagen-golf-6-2011-190000-km.html
Toyota C-Hr 2023 95000 Km,86000 DT,Toyota,,,,,,,116.0,Traction,SUV,,,Ariana,,,,5.0,5.0,1798.0,,23.04.2026,https://baniola.tn/details/27528/toyota-c-hr-2023-95000-km.html
Chery Qq 2020 75000 Km,21000 DT,Chery,,,,,,,60.0,Traction,Citadine,,,Beja,,,,4.0,4.0,812.0,,24.04.2026,https://baniola.tn/details/27539/chery-qq-2020-75000-km.html
Nissan Juke 2022 163600 Km,55000 DT,Nissan,,,,,,,117.0,Traction,SUV,,,Ben Arous,,,,5.0,5.0,1197.0,,27.03.2026,https://baniola.tn/details/27291/nissan-juke-2022-163600-km.html
Renault Megane 2012 218000 Km,57000 DT,Renault,,,,,,,110.0,Traction,Berline,,,Tunis,,,,5.0,4.0,1600.0,,23.04.2026,https://baniola.tn/details/27537/renault-megane-2012-218000-km.html
Fiat Cinquecento 1996 218947 Km,6000 DT,Fiat,,,,,,,30.0,Traction,Citadine,,,Kairouan,,,,4.0,3.0,704.0,,23.04.2026,https://baniola.tn/details/27534/fiat-cinquecento-1996-218947-km.html
Renault Megane 2011 27000 Km,28200 DT,Renault,,,,,,,110.0,Traction,Berline,,,Tunis,,,,5.0,5.0,1600.0,,23.04.2026,https://baniola.tn/details/27530/renault-megane-2011-270000-km.html
Renault Megane 2006 360 Km,57000 DT,Renault,,,,,,,115.0,Traction,Berline,,,Sousse,,,,5.0,4.0,1600.0,,23.04.2026,https://baniola.tn/details/27529/renault-megane-2006-360-km.html
Fiât Siena 2004 à Vendre,12500 DT,Fiat,,,,,,,75.0,Traction,Berline,,,Beja,,,,5.0,4.0,1370.0,,22.04.2026,https://baniola.tn/details/27526/fiât-siena-2004-à-vendre.html
Volkswagen Caddy 2014 26000 Km,26500 DT,Volkswagen,,,,,,,102.0,Traction,Utilitaire,,,Ariana,,,,5.0,4.0,1600.0,,22.04.2026,https://baniola.tn/details/27525/volkswagen-caddy-2014-260000-km.html
Renault Megane 2005 357000 Km,18500 DT,Renault,,,,,,,80.0,Traction,Berline,,,Sfax,,,,5.0,4.0,1400.0,,22.04.2026,https://baniola.tn/details/27520/renault-megane-2005-357000-km.html
Peugeot Partner 2021 111000 Km,47000 DT,Peugeot,,,,,,,120.0,Traction,Utilitaire,,,Mahdia,,,,5.0,5.0,1600.0,,22.04.2026,https://baniola.tn/details/27523/peugeot-partner-2021-111000-km.html
Peugeot 206+ Hdi,14500 DT,Peugeot,,,,,,,70.0,Traction,Compacte,,,Manouba,,,,5.0,5.0,1560.0,,21.04.2026,https://baniola.tn/details/27511/peugeot-206-hdi.html
Volkswagen Caddy,29000 DT,Volkswagen,,,,,,,102.0,Traction,Utilitaire,,,Ariana,,,,5.0,4.0,1600.0,,21.04.2026,https://baniola.tn/details/27512/volkswagen-caddy.html
Ford Fiesta 1. 25 2017 125000 Km,335000 DT,Ford,,,,,,,95.0,Traction,Compacte,,,Sfax,,,,5.0,5.0,1250.0,,22.04.2026,https://baniola.tn/details/27514/ford-fiesta-1-25-2017-125000-km.html
Chery X1 2024 64000 Km,41000 DT,Chery,,,,,,,120.0,Traction,SUV,,,Manouba,,,,5.0,5.0,1600.0,,22.04.2026,https://baniola.tn/details/27516/chery-x1-2024-64000-km.html
Toyota Corolla 2017 83000 Km,65000 DT,Toyota,,,,,,,105.0,Traction,Berline,,,Sousse,,,,5.0,4.0,1600.0,,22.04.2026,https://baniola.tn/details/27517/toyota-corolla-2017-83000-km.html
Škoda Scala 2021 175000 Km,57999 DT,Skoda,,,,,,,115.0,Traction,Compacte,,,Sousse,,,,5.0,5.0,1000.0,,22.04.2026,https://baniola.tn/details/27518/skoda-scala-2021-175000-km.html
Bmw Serie 2,90000 DT,Bmw,,,,,,,184.0,Propulsion,Coupé,,,Tunis,,,,4.0,2.0,1998.0,,16.03.2026,https://baniola.tn/details/27175/bmw-serie-2.html
Volkswagen Polo 2011 152000 Km,1234 DT,Volkswagen,,,,,,,85.0,Traction,Compacte,,,Sfax,,,,5.0,5.0,1198.0,,20.04.2026,https://baniola.tn/details/27493/volkswagen-polo-2011-152000-km.html
Toyota Corolla 2021 121000 Km,66500 DT,Toyota,,,,,,,121.0,Traction,Berline,,,Ben Arous,,,,5.0,4.0,1600.0,,16.04.2026,https://baniola.tn/details/27457/toyota-corolla-2021-121000-km.html
Land Rover Range Rover 2016 162000 Km,76000 DT,Land rover,,,,,,,340.0,Intégrale,SUV,,,Bizerte,,,,5.0,5.0,2995.0,,20.04.2026,https://baniola.tn/details/27497/land-rover-range-rover-2016-162000-km.html
Haval Jolion 2022 74000 Km,85000 DT,Haval,,,,,,,190.0,Traction,SUV,,,Jendouba,,,,5.0,5.0,1500.0,,25.03.2026,https://baniola.tn/details/27264/haval-jolion-2022-74000-km.html
Ford Fiesta 2005 3000 Km,17000 DT,Ford,,,,,,,60.0,Traction,Citadine,,,Tunis,,,,5.0,3.0,1600.0,,21.04.2026,https://baniola.tn/details/27507/ford-fiesta-2005-300000-km.html
Seat Arona 2022 53000 Km,78000 DT,Seat,,,,,,,115.0,Traction,SUV,,,Tunis,,,,5.0,5.0,1000.0,,21.04.2026,https://baniola.tn/details/27506/seat-arona-2022-53000-km.html
Toyota Previa 2012 115000 Km,42000 DT,Toyota,,,,,,,163.0,Traction,Monospace,,,Manouba,,,,8.0,4.0,2000.0,,20.04.2026,https://baniola.tn/details/27505/toyota-previa-2012-115000-km.html
Opel Astra 2016 263000 Km,35000 DT,Opel,,,,,,,115.0,Traction,Berline,,,Tunis,,,,5.0,5.0,1400.0,,24.03.2026,https://baniola.tn/details/27253/opel-astra-2016-263000-km.html
Fiat Tipo 1990 7000 Km,9000 DT,Fiat,,,,,,,75.0,Traction,Berline,,,Sousse,,,,5.0,4.0,1585.0,,20.04.2026,https://baniola.tn/details/27503/fiat-tipo-1990-70000-km.html
Chevrolet Aveo 2016 158000 Km,24500 DT,Chevrolet,,,,,,,95.0,Traction,Berline,,,Ariana,,,,5.0,4.0,1399.0,,20.04.2026,https://baniola.tn/details/27502/chevrolet-aveo-2016-158000-km.html
Peugeot 308 2010 24000 Km,23000 DT,Peugeot,,,,,,,110.0,Traction,Berline,,,Nabeul,,,,5.0,5.0,1598.0,,18.04.2026,https://baniola.tn/details/27475/peugeot-308-2010-240000-km.html
Dacia Dokker 2022 17000 Km,37000 DT,Dacia,,,,,,,95.0,Traction,Utilitaire,,,Nabeul,,,,5.0,5.0,1461.0,,20.04.2026,https://baniola.tn/details/27495/dacia-dokker-2022-17000-km.html
Renault Clio 2009 345000 Km,18000 DT,Renault,,,,,,,75.0,Traction,Compacte,,,Sousse,,,,5.0,5.0,1149.0,,20.04.2026,https://baniola.tn/details/27499/renault-clio-2009-345000-km.html
Hyundai I30 2021 3000 Km,65 DT,Hyundai,,,,,,,120.0,Traction,Compacte,,,Ben Arous,,,,5.0,5.0,1600.0,,09.04.2026,https://baniola.tn/details/27393/hyundai-i30-2021-30000-km.html
Volkswagen Passat B2 1986 3000 Km,4200 DT,Volkswagen,,,,,,,70.0,Traction,Berline,,,Beja,,,,5.0,4.0,1595.0,,19.04.2026,https://baniola.tn/details/27490/volkswagen-passat-b2-1986-300000-km.html
Toyota C-Hr Essence 2022,85000 DT,Toyota,,,,,,,114.0,Traction,SUV,,,Ben Arous,,,,5.0,5.0,1798.0,,04.09.2025,https://baniola.tn/details/24194/toyota-c-hr-essence-2022.html
Chery Tiggo 2021 87000 Km,10 DT,Chery,,,,,,,136.0,Traction,SUV,,,Ariana,,,,5.0,5.0,1997.0,,19.04.2026,https://baniola.tn/details/27487/chery-tiggo-2021-87000-km.html
Citroën C4 2012 92000 Km,34000 DT,Citroen,,,,,,,120.0,Traction,Berline,,,Jendouba,,,,5.0,5.0,1598.0,,19.04.2026,https://baniola.tn/details/27489/citroen-c4-2012-92000-km.html
Dongfeng Sx3 2022 65000 Km,48000000 DT,Dongfeng,,,,,,,120.0,Traction,SUV,,,,,,,5.0,5.0,1500.0,,09.04.2026,https://baniola.tn/details/27394/dongfeng-sx3-2022-65000-km.html
Seat Ibiza 2012 47000 Km,18000 DT,Seat,,,,,,,75.0,Traction,Compacte,,,Ariana,,,,5.0,5.0,1200.0,,19.04.2026,https://baniola.tn/details/27485/seat-ibiza-2012-470000-km.html
Mercedes Classe E 2002 455000 Km,1 DT,Mercedes,,,,,,,136.0,Propulsion,Berline,,,,,,,5.0,4.0,1998.0,,19.04.2026,https://baniola.tn/details/27483/mercedes-classe-e-2002-455000-km.html
Volkswagen Passat Cc 2. 0 Tsi 2010 – Élégance &Amp; Perfo...,35000 DT,Volkswagen,,,,,,,200.0,Traction,Berline,,,Sfax,,,,5.0,4.0,2000.0,,18.04.2026,https://baniola.tn/details/27481/volkswagen-passat-cc-2-0-tsi-2010-élégance-amp-amp-performance.html
Fiat Tipo 2020 33000 Km,47000 DT,Fiat,,,,,,,95.0,Traction,Berline,,,Tunis,,,,5.0,4.0,1368.0,,18.04.2026,https://baniola.tn/details/27479/fiat-tipo-2020-33000-km.html
Peugeot 407 2009 227000 Km,24000 DT,Peugeot,,,,,,,140.0,Traction,Berline,,,Ben Arous,,,,5.0,4.0,1997.0,,18.04.2026,https://baniola.tn/details/27474/peugeot-407-2009-227000-km.html
Volkswagen Caddy Prestige 2020 163000 Km,45000 DT,Volkswagen,,,,,,,102.0,Traction,Utilitaire,,,Ariana,,,,5.0,5.0,1600.0,,18.04.2026,https://baniola.tn/details/27476/volkswagen-caddy-prestige-2020-163000-km.html
Volkswagen Polo 2007 24000 Km,21000 DT,Volkswagen,,,,,,,75.0,Traction,Compacte,,,Kairouan,,,,5.0,3.0,1200.0,,18.04.2026,https://baniola.tn/details/27477/volkswagen-polo-2007-240000-km.html
Citroën Berlingo 2021 2000 Km,41000 DT,Citroen,,,,,,,130.0,Traction,Utilitaire,,,Kairouan,,,,5.0,5.0,1560.0,,17.04.2026,https://baniola.tn/details/27473/citroen-berlingo-2021-200000-km.html
Peugeot Expert 2010 999 Km,14000 DT,Peugeot,,,,,,,90.0,Traction,Utilitaire,,,Beja,,,,5.0,4.0,1997.0,,16.04.2026,https://baniola.tn/details/27462/peugeot-expert-2010-999999999-km.html
Mercedes Classe C,70000 DT,Mercedes,,,,,,,184.0,Traction,Berline,,,Kebili,,,,5.0,4.0,1991.0,,16.04.2026,https://baniola.tn/details/27463/mercedes-classe-c.html
Hyundai I20 High Grade 2022 1Ère Main,48500 DT,Hyundai,,,,,,,84.0,Traction,Compacte,,,Nabeul,,,,5.0,5.0,1200.0,,16.04.2026,https://baniola.tn/details/27466/hyundai-i20-high-grade-2022-1ère-main.html
Opel Astra 1. 7 Cdti,21500 DT,Opel,,,,,,,110.0,Traction,Berline,,,Tunis,,,,5.0,5.0,1686.0,,23.03.2026,https://baniola.tn/details/27233/opel-astra-1-7-cdti.html
Kia Picanto 2013 14000 Km,310000 DT,Kia,,,,,,,85.0,Traction,Citadine,,,Tunis,,,,5.0,5.0,1248.0,,07.04.2026,https://baniola.tn/details/27380/kia-picanto-2013-140000-km.html
Renault Scenic E-Tech 2010 216000 Km,20000 DT,Renault,,,,,,,110.0,Traction,Monospace,,,Nabeul,,,,5.0,5.0,1600.0,,07.04.2026,https://baniola.tn/details/27377/renault-scenic-e-tech-2010-216000-km.html
Toyota C-Hr 2020 103 Km,65000 DT,Toyota,,,,,,,116.0,Traction,SUV,,,Ariana,,,,5.0,5.0,1600.0,,07.04.2026,https://baniola.tn/details/27373/toyota-c-hr-2020-103-km.html
Renault Clio 2015 182000 Km,28000 DT,Renault,,,,,,,75.0,Traction,Compacte,,,Tunis,,,,5.0,5.0,1200.0,,05.04.2026,https://baniola.tn/details/27365/renault-clio-2015-182000-km.html
Peugeot Rifter 2019 11000 Km,82400 DT,Peugeot,,,,,,,130.0,Traction,Monospace,,,Kasserine,,,,5.0,5.0,1499.0,,05.04.2026,https://baniola.tn/details/27366/peugeot-rifter-2019-110000-km.html
Peugeot 206 2002 503 Km,17500 DT,Peugeot,,,,,,,90.0,Traction,Compacte,,,Kairouan,,,,5.0,3.0,1360.0,,06.04.2026,https://baniola.tn/details/27367/peugeot-206-2002-503-km.html
Volkswagen Caddy 2013 66000 Km,25000 DT,Volkswagen,,,,,,,75.0,Traction,Utilitaire,,,Ben Arous,,,,5.0,4.0,1600.0,,06.04.2026,https://baniola.tn/details/27368/volkswagen-caddy-2013-660000-km.html
Audi Q3 2019 187000 Km,125000 DT,Audi,,,,,,,150.0,Traction,SUV,,,Ben Arous,,,,5.0,5.0,1600.0,,06.04.2026,https://baniola.tn/details/27369/audi-q3-2019-187000-km.html
Evo T5 Forthing,92000 DT,Dongfeng,,,,,,,150.0,Traction,SUV,,,Monastir,,,,5.0,5.0,1500.0,,05.04.2026,https://baniola.tn/details/27359/evo-t5-forthing.html
Renault Kadjar 2018 139000 Km,65000 DT,Renault,,,,,,,115.0,Traction,SUV,,,Sousse,,,,5.0,5.0,1197.0,,05.04.2026,https://baniola.tn/details/27361/renault-kadjar-2018-139000-km.html
Renault Clio 2006 286 Km,1 DT,Renault,,,,,,,75.0,Traction,Berline,,,Bizerte,,,,5.0,3.0,1149.0,,05.04.2026,https://baniola.tn/details/27362/renault-clio-2006-286-km.html
Toyota C-Hr 98363963,1000 DT,Toyota,,,,,,,115.0,Traction,SUV,,,Manouba,,,,5.0,5.0,1600.0,,04.04.2026,https://baniola.tn/details/27354/toyota-c-hr-98363963.html
Suzuki Celerio 2020 66000 Km,31000 DT,Suzuki,,,,,,,68.0,Traction,Citadine,,,Ariana,,,,5.0,4.0,998.0,,04.04.2026,https://baniola.tn/details/27358/suzuki-celerio-2020-66000-km.html
Citroën C4 Picasso Ii 2009 360 Km,27500 DT,Citroen,,,,,,,120.0,Traction,Monospace,,,Siliana,,,,5.0,5.0,1598.0,,19.03.2026,https://baniola.tn/details/27193/citroen-c4-picasso-ii-2009-360-km.html
Hyundai I10 2021 106000 Km,38500 DT,Hyundai,,,,,,,67.0,Traction,Citadine,,,Ben Arous,,,,5.0,5.0,998.0,,03.04.2026,https://baniola.tn/details/27347/hyundai-i10-2021-106000-km.html
Renault Clio 2023 -74000 Km,1 DT,Renault,,,,,,,90.0,Traction,Compacte,,,Le Kef,,,,5.0,5.0,1200.0,,21.11.2025,https://baniola.tn/details/25043/renault-clio-2023-74000-km.html
Kia Picanto 2022 22000 Km,42000 DT,Kia,,,,,,,84.0,Traction,Citadine,,,Sousse,,,,5.0,5.0,1248.0,,02.04.2026,https://baniola.tn/details/27341/kia-picanto-2022-22000-km.html
Opel Corsa 2015 157000 Km,29500 DT,Opel,,,,,,,95.0,Traction,Compacte,,,Ariana,,,,5.0,5.0,1200.0,,02.04.2026,https://baniola.tn/details/27340/opel-corsa-2015-157000-km.html
Mazda Mazda2 2016 116000 Km,40000 DT,Mazda,,,,,,,90.0,Traction,Compacte,,,Medenine,,,,5.0,5.0,1400.0,,02.04.2026,https://baniola.tn/details/27339/mazda-mazda2-2016-116000-km.html
Chevrolet Matiz 2010 266 Km,17500 DT,Chevrolet,,,,,,,65.0,Traction,Citadine,,,Tozeur,,,,5.0,5.0,796.0,,01.04.2026,https://baniola.tn/details/27333/chevrolet-matiz-2010-266-km.html
Kia Sportage 2014 118000 Km,68000 DT,Kia,,,,,,,161.0,Traction,SUV,,,Sfax,,,,5.0,5.0,1995.0,,01.04.2026,https://baniola.tn/details/27331/kia-sportage-2014-118000-km.html
Chevrolet Matiz 2010 266 Km,17500 DT,Chevrolet,,,,,,,65.0,Traction,Citadine,,,Tozeur,,,,5.0,5.0,796.0,,01.04.2026,https://baniola.tn/details/27330/chevrolet-matiz-2010-266-km.html
Kia Picanto 2021 36 Km,46 DT,Kia,,,,,,,67.0,Traction,Citadine,,,Tunis,,,,5.0,5.0,998.0,,01.04.2026,https://baniola.tn/details/27328/kia-picanto-2021-36-km.html
Suzuki Swift 2023 1000 Km,41000 DT,Suzuki,,,,,,,82.0,Traction,Compacte,,,Tunis,,,,5.0,4.0,1197.0,,01.04.2026,https://baniola.tn/details/27329/suzuki-swift-2023-100000-km.html
Hyundai Accent 2023,69000 DT,Hyundai,,,,,,,100.0,Traction,Berline,,,Bizerte,,,,5.0,4.0,1600.0,,01.04.2026,https://baniola.tn/details/27326/hyundai-accent-2023.html
Opel Corsa 2015 144000 Km,28000 DT,Opel,,,,,,,95.0,Traction,Compacte,,,Ariana,,,,5.0,5.0,1200.0,,31.03.2026,https://baniola.tn/details/27320/opel-corsa-2015-144000-km.html
Iveco Daily 2022 29 Km,60 DT,Iveco,,,,,,,146.0,Propulsion,Utilitaire,,,Kebili,,,,3.0,2.0,2998.0,,30.03.2026,https://baniola.tn/details/27318/iveco-daily-2022-29-km.html
Volkswagen Passat 2009 343000 Km,31000 DT,Volkswagen,,,,,,,160.0,Traction,Berline,,,Sfax,,,,5.0,4.0,2000.0,,30.03.2026,https://baniola.tn/details/27319/volkswagen-passat-2009-343000-km.html
Ford Ecosport 2023 37000 Km,69000 DT,Ford,,,,,,,125.0,Traction,SUV,,,Tunis,,,,5.0,5.0,1499.0,,30.03.2026,https://baniola.tn/details/27313/ford-ecosport-2023-37000-km.html
Renault Scenic 2004 000 Km,17900 DT,Renault,,,,,,,115.0,Traction,Monospace,,,Tunis,,,,5.0,5.0,1598.0,,30.03.2026,https://baniola.tn/details/27316/renault-scenic-2004-000000-km.html
Chery Tiggo 3X 2025 3000 Km,14000 DT,Chery,,,,,,,132.0,Traction,SUV,,,,,,,5.0,5.0,1598.0,,29.03.2026,https://baniola.tn/details/27306/chery-tiggo-3x-2025-30000-km.html
Nissan Qashqai 2021 107961 Km,68000 DT,Nissan,,,,,,,140.0,Traction,SUV,,,Monastir,,,,5.0,5.0,1600.0,,29.03.2026,https://baniola.tn/details/27308/nissan-qashqai-2021-107961-km.html
Peugeot Partner 2005 35000 Km,18000 DT,Peugeot,,,,,,,70.0,Traction,Utilitaire,,,Tunis,,,,2.0,5.0,1360.0,,29.03.2026,https://baniola.tn/details/27309/peugeot-partner-2005-350000-km.html
Mazda Mazda2 2015 82000 Km,40000 DT,Mazda,,,,,,,115.0,Traction,Compacte,,,Sfax,,,,5.0,5.0,1496.0,,30.03.2026,https://baniola.tn/details/27310/mazda-mazda2-2015-82000-km.html
Hyundai Accent 2004 /Portable 58279137,18500 DT,Hyundai,,,,,,,95.0,Traction,Berline,,,Beja,,,,5.0,4.0,1600.0,,01.03.2026,https://baniola.tn/details/27061/hyundai-accent-2004-portable-58279137.html
Renault Clio 2002 285739 Km,11111111 DT,Renault,,,,,,,75.0,Traction,Berline,,,Mahdia,,,,5.0,3.0,1149.0,,27.03.2026,https://baniola.tn/details/27290/renault-clio-2002-285739-km.html
Renault Kadjar 2018 113 Km,70000 DT,Renault,,,,,,,115.0,Traction,SUV,,,Mahdia,,,,5.0,5.0,1197.0,,13.02.2026,https://baniola.tn/details/26883/renault-kadjar-2018-113-km.html
Isuzu D Max 2020 102 Km,55500 DT,Isuzu,,,,,,,163.0,Intégrale,Pick-up,,,Tunis,,,,5.0,4.0,2999.0,,29.03.2026,https://baniola.tn/details/27304/isuzu-d-max-2020-102-km.html
Hyundai Tucson 2019 81 Km,1 DT,Hyundai,,,,,,,177.0,Traction,SUV,,,Siliana,,,,5.0,5.0,1600.0,,29.03.2026,https://baniola.tn/details/27302/hyundai-tucson-2019-81-km.html
Renault Clio 2020 118 Km,43000 DT,Renault,,,,,,,90.0,Traction,Compacte,,,Manouba,,,,5.0,5.0,1200.0,,29.03.2026,https://baniola.tn/details/27303/renault-clio-2020-118-km.html
Citroën C-Elysée 2015 245000 Km,24600 DT,Citroen,,,,,,,115.0,Traction,Berline,,,Sousse,,,,5.0,4.0,1587.0,,29.03.2026,https://baniola.tn/details/27300/citroen-c-elysée-2015-245000-km.html
Chery Tiggo 3X 2022 55000 Km,52000 DT,Chery,,,,,,,122.0,Traction,SUV,,,Tunis,,,,5.0,5.0,1598.0,,29.03.2026,https://baniola.tn/details/27301/chery-tiggo-3x-2022-55000-km.html
Renault Clio 2001 383000 Km,16800 DT,Renault,,,,,,,75.0,Traction,Compacte,,,Ariana,,,,5.0,3.0,1149.0,,29.03.2026,https://baniola.tn/details/27299/renault-clio-2001-383000-km.html
Renault Megane 2007 294000 Km,22000 DT,Renault,,,,,,,80.0,Traction,Berline,,,Nabeul,,,,5.0,4.0,1400.0,,28.03.2026,https://baniola.tn/details/27296/renault-megane-2007-294000-km.html
Volkswagen Golf 6 Team 182000 Km - Très Bon État,38000 DT,Volkswagen,,,,,,,105.0,Traction,Compacte,,,Tunis,,,,5.0,5.0,1600.0,,25.12.2025,https://baniola.tn/details/25803/volkswagen-golf-6-team-182000-km-très-bon-état.html
Mercedes Classe C 2022 44000 Km,160000 DT,Mercedes,,,,,,,184.0,Traction,Berline,,,Tunis,,,,5.0,4.0,1991.0,,27.03.2026,https://baniola.tn/details/27293/mercedes-classe-c-2022-44000-km.html
Kia Rio 2010 247000 Km,23000 DT,Kia,,,,,,,80.0,Traction,Citadine,,,Sfax,,,,5.0,5.0,1400.0,,27.03.2026,https://baniola.tn/details/27292/kia-rio-2010-247000-km.html
Renault Scenic 3 Grand 7 Places,36000 DT,Renault,,,,,,,110.0,Traction,Monospace,,,Sousse,,,,7.0,5.0,1600.0,,27.03.2026,https://baniola.tn/details/27289/renault-scenic-3-grand-7-places.html
Volkswagen Polo 2014 225 Km,28 DT,Volkswagen,,,,,,,85.0,Traction,Compacte,,,Tunis,,,,5.0,5.0,1198.0,,27.03.2026,https://baniola.tn/details/27288/volkswagen-polo-2014-225-km.html
Peugeot 2008 2020 133000 Km,72000 DT,Peugeot,,,,,,,130.0,Traction,SUV,,,Ariana,,,,5.0,5.0,1600.0,,27.03.2026,https://baniola.tn/details/27287/peugeot-2008-2020-133000-km.html
أوبل Corsa 4 Cylindre,10000 DT,Opel,,,,,,,95.0,Traction,Compacte,,,Nabeul,,,,5.0,5.0,1200.0,,27.03.2026,https://baniola.tn/details/27285/أوبل-corsa-4-cylindre.html
Haval H6 2022 138778 Km,60000 DT,Haval,,,,,,,190.0,Traction,SUV,,,Sousse,,,,5.0,5.0,1997.0,,27.03.2026,https://baniola.tn/details/27284/haval-h6-2022-138778-km.html
Citroën C4 2007,25000 DT,Citroen,,,,,,,110.0,Traction,Berline,,,Monastir,,,,5.0,5.0,1587.0,,26.03.2026,https://baniola.tn/details/27271/citroen-c4-2007.html
Volkswagen Passat 2008 320 Km,28900 DT,Volkswagen,,,,,,,160.0,Traction,Berline,,,Le Kef,,,,5.0,4.0,2000.0,,27.03.2026,https://baniola.tn/details/27282/volkswagen-passat-2008-320-km.html
Ford Fiesta Titanuim 2011,26000 DT,Ford,,,,,,,96.0,Traction,Compacte,,,Sousse,,,,5.0,5.0,1600.0,,26.03.2026,https://baniola.tn/details/27277/ford-fiesta-titanuim-2011.html
Volkswagen Polo 2011 2000 Km,28000 DT,Volkswagen,,,,,,,85.0,Traction,Compacte,,,Sfax,,,,5.0,5.0,1198.0,,26.03.2026,https://baniola.tn/details/27278/volkswagen-polo-2011-200000-km.html
Škoda Kamiq 2024 6000 Km,59000 DT,Skoda,,,,,,,110.0,Traction,SUV,,,Nabeul,,,,5.0,5.0,1000.0,,26.03.2026,https://baniola.tn/details/27279/skoda-kamiq-2024-60000-km.html
Renault Megane 2010 256000 Km,26000 DT,Renault,,,,,,,110.0,Traction,Berline,,,Nabeul,,,,5.0,5.0,1600.0,,26.03.2026,https://baniola.tn/details/27280/renault-megane-2010-256000-km.html
Volkswagen Golf 2008 285 Km,29 DT,Volkswagen,,,,,,,105.0,Traction,Compacte,,,Sousse,,,,5.0,5.0,1600.0,,26.03.2026,https://baniola.tn/details/27281/volkswagen-golf-2008-285-km.html
Mazda Mazda6 Skyactiv Boite Auto 2013 275000 Km,30500 DT,Mazda,,,,,,,184.0,Traction,Berline,,,Tunis,,,,5.0,4.0,2488.0,,26.03.2026,https://baniola.tn/details/27274/mazda-mazda6-skyactiv-boite-auto-2013-275000-km.html
Peugeot 307 2008 330 Mkm,20000 DT,Peugeot,,,,,,,115.0,Traction,Berline,,,Tunis,,,,5.0,4.0,1587.0,,22.03.2026,https://baniola.tn/details/27218/peugeot-307-2008-330-mkm.html
Volkswagen Passat 2008 335000 Km,33000 DT,Volkswagen,,,,,,,160.0,Traction,Berline,,,Tunis,,,,5.0,4.0,2000.0,,26.03.2026,https://baniola.tn/details/27273/volkswagen-passat-2008-335000-km.html
Hyundai I10 2012 200 Km,26000 DT,Hyundai,,,,,,,69.0,Traction,Citadine,,,Nabeul,,,,5.0,5.0,1248.0,,26.03.2026,https://baniola.tn/details/27272/hyundai-i10-2012-200-km.html
Opel Astra 2021 163000 Km,63000 DT,Opel,,,,,,,110.0,Traction,Berline,,,Tunis,,,,5.0,5.0,1400.0,,25.03.2026,https://baniola.tn/details/27269/opel-astra-2021-163000-km.html
Chery Tiggo 2020 7000 Km,38000 DT,Chery,,,,,,,126.0,Traction,SUV,,,Sousse,,,,5.0,5.0,1997.0,,25.03.2026,https://baniola.tn/details/27267/chery-tiggo-2020-70000-km.html
Hyundai I20 2019 216000 Km,38000 DT,Hyundai,,,,,,,84.0,Traction,Compacte,,,Tunis,,,,5.0,5.0,1200.0,,25.03.2026,https://baniola.tn/details/27266/hyundai-i20-2019-216000-km.html
Kia Sportage 2022 14000 Km,116000 DT,Kia,,,,,,,115.0,Traction,SUV,,,Nabeul,,,,5.0,5.0,1600.0,,25.03.2026,https://baniola.tn/details/27263/kia-sportage-2022-140000-km.html
A Vendre Megane 3 Phase 3,35500 DT,Renault,,,,,,,110.0,Traction,Berline,,,Tunis,,,,5.0,5.0,1600.0,,24.03.2026,https://baniola.tn/details/27261/a-vendre-megane-3-phase-3.html
Hyundai I10 2021 78000 Km,1 DT,Hyundai,,,,,,,67.0,Traction,Citadine,,,Nabeul,,,,5.0,5.0,998.0,,24.03.2026,https://baniola.tn/details/27260/hyundai-i10-2021-78000-km.html
Renault R19 Esaanse 6 Chv Haja Ndhifaa 28654792,11500 DT,Renault,,,,,,,90.0,Traction,Berline,,,Mahdia,,,,5.0,4.0,1600.0,,24.03.2026,https://baniola.tn/details/27259/renault-r19-esaanse-6-chv-haja-ndhifaa-28654792.html
Volkswagen T-Cross 2021 82. 000 Km,74000 DT,Volkswagen,,,,,,,110.0,Traction,SUV,,,Nabeul,,,,5.0,5.0,1000.0,,24.03.2026,https://baniola.tn/details/27256/volkswagen-t-cross-2021-82-000-km.html
Peugeot 107 2011 201000 Km,22500 DT,Peugeot,,,,,,,68.0,Traction,Citadine,,,Ben Arous,,,,4.0,3.0,998.0,,06.01.2026,https://baniola.tn/details/26072/peugeot-107-2011-201000-km.html
Renault Clio 2015 1790 Km,35500 DT,Renault,,,,,,,75.0,Traction,Compacte,,,Nabeul,,,,5.0,5.0,1200.0,,23.03.2026,https://baniola.tn/details/27250/renault-clio-2015-1790-km.html
Iveco Daily 2017 300 Km,50000 DT,Iveco,,,,,,,146.0,Propulsion,Utilitaire,,,Sousse,,,,3.0,2.0,2998.0,,24.03.2026,https://baniola.tn/details/27252/iveco-daily-2017-300-km.html
Kia Opirus V6,0 DT,Kia,,,,,,,180.0,Traction,Berline,,,Ariana,,,,5.0,4.0,2972.0,,12.02.2026,https://baniola.tn/details/26856/kia-opirus-v6.html
Isuzu Super Faster,45000000 DT,Isuzu,,,,,,,130.0,Intégrale,Pick-up,,,Kairouan,,,,5.0,4.0,2999.0,,23.03.2026,https://baniola.tn/details/27248/isuzu-super-faster.html
Peugeot 206 2011 223000 Km,25000 DT,Peugeot,,,,,,,90.0,Traction,Berline,,,Tunis,,,,5.0,4.0,1587.0,,23.03.2026,https://baniola.tn/details/27247/peugeot-206-2011-223000-km.html
Fiat Fiorino 2017 230 Km,21000 DT,Fiat,,,,,,,75.0,Traction,Utilitaire,,,Gafsa,,,,2.0,2.0,1200.0,,23.03.2026,https://baniola.tn/details/27240/fiat-fiorino-2017-230-km.html
Tata Tata Xenon X2 Double Cabine 2016 207000 Km,28000 DT,Tata,,,,,,,115.0,Propulsion,Pick-up,,,Manouba,,,,5.0,4.0,2956.0,,23.03.2026,https://baniola.tn/details/27242/tata-tata-xenon-x2-double-cabine-2016-207000-km.html
Peugeot 208 Essence 2017,25000 DT,Peugeot,,,,,,,82.0,Traction,Compacte,,,,,,,5.0,5.0,1199.0,,01.10.2025,https://baniola.tn/details/24464/peugeot-208-essence-2017.html
Ford Fiesta 2017 167000 Km,33000 DT,Ford,,,,,,,85.0,Traction,Citadine,,,Tunis,,,,5.0,5.0,1200.0,,23.03.2026,https://baniola.tn/details/27239/ford-fiesta-2017-167000-km.html
Ford Focus 2016 307000 Km,31500 DT,Ford,,,,,,,120.0,Traction,Compacte,,,Tunis,,,,5.0,5.0,1600.0,,23.03.2026,https://baniola.tn/details/27235/ford-focus-2016-307000-km.html
Peugeot Autres 2013 350 Km,0 DT,Peugeot,,,,,,,115.0,Traction,Berline,,,Nabeul,,,,5.0,4.0,1600.0,,22.03.2026,https://baniola.tn/details/27221/peugeot-autres-2013-350-km.html
Kia Picanto 2020 92000 Km,38000 DT,Kia,,,,,,,84.0,Traction,Citadine,,,Monastir,,,,5.0,5.0,1248.0,,22.03.2026,https://baniola.tn/details/27224/kia-picanto-2020-92000-km.html
Chery Qq 2020 85500 Km,23000 DT,Chery,,,,,,,60.0,Traction,Citadine,,,Ben Arous,,,,4.0,4.0,812.0,,23.03.2026,https://baniola.tn/details/27228/chery-qq-2020-85500-km.html
Volkswagen Golf 8 2022 Etsi,79 DT,Volkswagen,,,,,,,110.0,Traction,Compacte,,,Tunis,,,,5.0,5.0,1000.0,,23.03.2026,https://baniola.tn/details/27227/volkswagen-golf-8-2022-etsi.html
Bmw 520 2019 9000 Km,145000 DT,Bmw,,,,,,,184.0,Propulsion,Berline,,,Tunis,,,,5.0,4.0,1995.0,,23.03.2026,https://baniola.tn/details/27229/bmw-520-2019-90000-km.html
Ssangyong Actyon Diesel 2014,36000 DT,Ssangyong,,,,,,,175.0,Intégrale,SUV,,,Tunis,,,,5.0,5.0,1998.0,,04.11.2025,https://baniola.tn/details/24838/ssangyong-actyon-diesel-2014.html
Audi A4 2009 237000 Km,25000 DT,Audi,,,,,,,170.0,Traction,Berline,,,Tunis,,,,5.0,4.0,2000.0,,23.03.2026,https://baniola.tn/details/27225/audi-a4-2009-237000-km.html
Citroën Berlingo,40000 DT,Citroen,,,,,,,110.0,Traction,Utilitaire,,,Ariana,,,,5.0,5.0,1560.0,,22.03.2026,https://baniola.tn/details/27217/citroen-berlingo.html
Citroën C-Elysée 2013 12000 Km,24000 DT,Citroen,,,,,,,72.0,Traction,Berline,,,Nabeul,,,,5.0,4.0,1199.0,,22.03.2026,https://baniola.tn/details/27220/citroen-c-elysée-2013-120000-km.html
Peugeot 208 2016 107000 Km,34000 DT,Peugeot,,,,,,,95.0,Traction,Compacte,,,Tunis,,,,5.0,5.0,1199.0,,22.03.2026,https://baniola.tn/details/27213/peugeot-208-2016-107000-km.html
Volkswagen Golf 7 2015 248000 Km,45000 DT,Volkswagen,,,,,,,105.0,Traction,Compacte,,,Ariana,,,,5.0,5.0,1600.0,,22.03.2026,https://baniola.tn/details/27216/volkswagen-golf-7-2015-248000-km.html
Peugeot 307 2006 2000 Km,19000 DT,Peugeot,,,,,,,110.0,Traction,Berline,,,Le Kef,,,,5.0,4.0,1587.0,,21.03.2026,https://baniola.tn/details/27207/peugeot-307-2006-200000-km.html
Bmw 316 1986 3000 Km,8000 DT,Bmw,,,,,,,100.0,Propulsion,Berline,,,Gafsa,,,,5.0,4.0,1766.0,,22.03.2026,https://baniola.tn/details/27208/bmw-316-1986-300000-km.html
Bmw 520 2013 (98000 Km) 1Ere Main,71000 DT,Bmw,,,,,,,184.0,Propulsion,Berline,,,Medenine,,,,5.0,4.0,1995.0,,21.03.2026,https://baniola.tn/details/27204/bmw-520-2013-98000-km-1ere-main.html
Toyota Hilux 2026 2042 Km,115000 DT,Toyota,,,,,,,150.0,Intégrale,Pick-up,,,Kairouan,,,,5.0,4.0,2755.0,,21.03.2026,https://baniola.tn/details/27203/toyota-hilux-2026-2042-km.html
Chery Tiggo 2 2020 135000 Km,39500 DT,Chery,,,,,,,122.0,Traction,SUV,,,Ariana,,,,5.0,5.0,1598.0,,21.03.2026,https://baniola.tn/details/27202/chery-tiggo-2-2020-135000-km.html
Opel Astra 2009 154000 Km,30000 DT,Opel,,,,,,,120.0,Traction,Berline,,,Ariana,,,,5.0,5.0,1600.0,,20.03.2026,https://baniola.tn/details/27198/opel-astra-2009-154000-km.html
Fiat Panda Cross 2023 1Ere Main - 4 Cylindres - 60Mille Km,39500 DT,Fiat,,,,,,,70.0,Traction,Citadine,,,Tunis,,,,5.0,5.0,875.0,,15.03.2026,https://baniola.tn/details/27166/fiat-panda-cross-2023-1ere-main-4-cylindres-60mille-km.html
Kia Sportage 2021 78000 Km,78000 DT,Kia,,,,,,,115.0,Traction,SUV,,,Nabeul,,,,5.0,5.0,1600.0,,20.03.2026,https://baniola.tn/details/27195/kia-sportage-2021-78000-km.html
Kia Sportage 2021 114000 Km,78000 DT,Kia,,,,,,,115.0,Traction,SUV,,,Nabeul,,,,5.0,5.0,1600.0,,09.02.2026,https://baniola.tn/details/26800/kia-sportage-2021-114000-km.html
Renault Clio 2009 279000 Km,20000 DT,Renault,,,,,,,75.0,Traction,Compacte,,,Tunis,,,,5.0,5.0,1149.0,,20.03.2026,https://baniola.tn/details/27197/renault-clio-2009-279000-km.html
Peugeot 3008 Essence 2012,39 DT,Peugeot,,,,,,,120.0,Traction,SUV,,,Mahdia,,,,5.0,5.0,1598.0,,06.07.2025,https://baniola.tn/details/23508/peugeot-3008-essence-2012.html
Toyota Yaris 2007,19800 DT,Toyota,,,,,,,85.0,Traction,Compacte,,,Monastir,,,,5.0,4.0,1299.0,,18.03.2026,https://baniola.tn/details/27186/toyota-yaris-2007.html
Opel Corsa 1998 3000 Km,9800 DT,Opel,,,,,,,60.0,Traction,Compacte,,,,,,,5.0,3.0,1200.0,,18.03.2026,https://baniola.tn/details/27189/opel-corsa-1998-300000-km.html
Renault Captur 2018 177000 Km,37000 DT,Renault,,,,,,,90.0,Traction,SUV,,,Tunis,,,,5.0,5.0,1197.0,,18.03.2026,https://baniola.tn/details/27190/renault-captur-2018-177000-km.html
Peugeot 3008 2021 117000 Km,78000 DT,Peugeot,,,,,,,130.0,Traction,SUV,,,Tunis,,,,5.0,5.0,1600.0,,19.03.2026,https://baniola.tn/details/27192/peugeot-3008-2021-117000-km.html
Citroën C3 2017 133000 Km,32000 DT,Citroen,,,,,,,68.0,Traction,Compacte,,,Ariana,,,,5.0,5.0,1199.0,,18.03.2026,https://baniola.tn/details/27182/citroen-c3-2017-133000-km.html
Renault Megane 2006 315000 Km,19500 DT,Renault,,,,,,,80.0,Traction,Berline,,,Sousse,,,,5.0,4.0,1400.0,,18.03.2026,https://baniola.tn/details/27181/renault-megane-2006-315000-km.html
Ford Fiesta 2011 212000 Km,26000 DT,Ford,,,,,,,95.0,Traction,Citadine,,,Manouba,,,,5.0,5.0,1600.0,,18.03.2026,https://baniola.tn/details/27184/ford-fiesta-2011-212000-km.html
Kia Rio 2014 212000 Km,32000 DT,Kia,,,,,,,87.0,Traction,Citadine,,,Mahdia,,,,5.0,5.0,1400.0,,16.03.2026,https://baniola.tn/details/27177/kia-rio-2014-212000-km.html
Fiat Doblo 2021 84. 000 Km,38000 DT,Fiat,,,,,,,95.0,Traction,Utilitaire,,,Monastir,,,,5.0,5.0,1400.0,,26.01.2026,https://baniola.tn/details/26535/fiat-doblo-2021-84-000-km.html
Peugeot 3008 2022 15000 Km,76000 DT,Peugeot,,,,,,,130.0,Traction,SUV,,,Medenine,,,,5.0,5.0,1600.0,,15.03.2026,https://baniola.tn/details/27173/peugeot-3008-2022-150000-km.html
Golf 6 en Bonne État à Vendre ( Rades ),33000 DT,Volkswagen,,,,,,,105.0,Traction,Compacte,,,,,,,5.0,5.0,1600.0,,15.03.2026,https://baniola.tn/details/27167/golf-6-en-bonne-état-à-vendre-rades.html
Volkswagen Golf 2017 53000 Km,62000 DT,Volkswagen,,,,,,,110.0,Traction,Compacte,,,Kairouan,,,,5.0,5.0,1600.0,,15.03.2026,https://baniola.tn/details/27169/volkswagen-golf-2017-53000-km.html
Peugeot 2008 Très Propre,38000 DT,Peugeot,,,,,,,130.0,Traction,SUV,,,Tunis,,,,5.0,5.0,1598.0,,12.03.2026,https://baniola.tn/details/27148/peugeot-2008-très-propre.html
Byd F1 2022 75000 Km,110000 DT,BYD,,,,,,,105.0,Traction,Berline,,,Sfax,,,,5.0,4.0,1490.0,,09.03.2026,https://baniola.tn/details/27116/byd-f1-2022-75000-km.html
Volkswagen Polo 7 2013 25000 Km,26000 DT,Volkswagen,,,,,,,85.0,Traction,Compacte,,,Tunis,,,,5.0,5.0,1198.0,,14.03.2026,https://baniola.tn/details/27163/volkswagen-polo-7-2013-250000-km.html
Citroën Berlingo 2020 176000 Km,73000 DT,Citroen,,,,,,,130.0,Traction,Utilitaire,,,Monastir,,,,5.0,5.0,1560.0,,14.03.2026,https://baniola.tn/details/27165/citroen-berlingo-2020-176000-km.html
Volkswagen Caddy 2020,42000 DT,Volkswagen,,,,,,,102.0,Traction,Utilitaire,,,Beja,,,,5.0,4.0,1600.0,,24.01.2026,https://baniola.tn/details/26471/volkswagen-caddy-2020.html
Range Rover Evoque 2017 Première Main – Importé D’allemagne,75500 DT,Land rover,,,,,,,180.0,Intégrale,SUV,,,Sousse,,,,5.0,5.0,1999.0,,13.03.2026,https://baniola.tn/details/27158/range-rover-evoque-2017-première-main-importé-d-allemagne.html
Volkswagen Polo 2008 158000 Km,24000 DT,Volkswagen,,,,,,,75.0,Traction,Compacte,,,Sfax,,,,5.0,3.0,1200.0,,13.03.2026,https://baniola.tn/details/27154/volkswagen-polo-2008-158000-km.html
Isuzu D Max 2021 1000 Km,90000 DT,Isuzu,,,,,,,150.0,Intégrale,Pick-up,,,Gafsa,,,,5.0,4.0,2999.0,,12.03.2026,https://baniola.tn/details/27151/isuzu-d-max-2021-100000-km.html
Bmw 316 2006 1000 Km,33000 DT,Bmw,,,,,,,115.0,Propulsion,Berline,,,Gabes,,,,5.0,4.0,1596.0,,12.03.2026,https://baniola.tn/details/27152/bmw-316-2006-10000-km.html
"Etat: Bon, Citroën C4 Full Options - Importée de France",1 DT,Citroen,,,,,,,120.0,Traction,Berline,,,Ben Arous,,,,5.0,4.0,1600.0,,08.03.2026,https://baniola.tn/details/27107/etat-bon-citroën-c4-full-options-importée-de-france.html
Peugeot 407 2006 450 Km,22000 DT,Peugeot,,,,,,,110.0,Traction,Berline,,,Le Kef,,,,5.0,4.0,1600.0,,11.03.2026,https://baniola.tn/details/27133/peugeot-407-2006-450-km.html
Seat Ibiza 2014 2000 Km,30000 DT,Seat,,,,,,,75.0,Traction,Compacte,,,Ben Arous,,,,5.0,5.0,1200.0,,11.03.2026,https://baniola.tn/details/27140/seat-ibiza-2014-200000-km.html
Seat Ibiza 2014 2000 Km,30000 DT,Seat,,,,,,,75.0,Traction,Compacte,,,Ben Arous,,,,5.0,5.0,1200.0,,11.03.2026,https://baniola.tn/details/27141/seat-ibiza-2014-200000-km.html
Volkswagen Caddy 2013 24000 Km,28 DT,Volkswagen,,,,,,,75.0,Traction,Utilitaire,,,Tunis,,,,5.0,4.0,1600.0,,12.03.2026,https://baniola.tn/details/27143/volkswagen-caddy-2013-240000-km.html
Hyundai I10 2017 178000 Km,28000 DT,Hyundai,,,,,,,87.0,Traction,Citadine,,,Mahdia,,,,5.0,5.0,1197.0,,12.03.2026,https://baniola.tn/details/27144/hyundai-i10-2017-178000-km.html
Dacia Autre 2022 8000 Km,60000 DT,Dacia,,,,,,,95.0,Traction,Berline,,,Jendouba,,,,5.0,4.0,1200.0,,25.11.2025,https://baniola.tn/details/25128/dacia-autre-2022-80000-km.html
"Renault Kadjar Bva – Toutes Options, 2022‎",70000 DT,Renault,,,,,,,115.0,Traction,SUV,,,Ben Arous,,,,5.0,5.0,1197.0,,31.01.2026,https://baniola.tn/details/26632/renault-kadjar-bva-toutes-options-2022.html
Kia Sportage 2023 31000 Km,95 DT,Kia,,,,,,,115.0,Traction,SUV,,,Gafsa,,,,5.0,5.0,1600.0,,11.03.2026,https://baniola.tn/details/27130/kia-sportage-2023-31000-km.html
Mercedes 2004 379 Km,33 DT,Mercedes,,,,,,,136.0,Traction,Berline,,,Ariana,,,,5.0,4.0,1998.0,,10.03.2026,https://baniola.tn/details/27119/mercedes-2004-379-km.html
Geely Lc 2024 43000 Km,90000 DT,Geely,,,,,,,90.0,Traction,Berline,,,Sousse,,,,5.0,4.0,1300.0,,10.03.2026,https://baniola.tn/details/27120/geely-lc-2024-43000-km.html
Nissan Micra en Excellent État,1 DT,Nissan,,,,,,,90.0,Traction,Citadine,,,Ben Arous,,,,5.0,5.0,1200.0,,10.03.2026,https://baniola.tn/details/27124/nissan-micra-en-excellent-état.html
Volkswagen Polo 2018 17000 Km,41000 DT,Volkswagen,,,,,,,90.0,Traction,Compacte,,,Siliana,,,,5.0,5.0,1197.0,,10.03.2026,https://baniola.tn/details/27123/volkswagen-polo-2018-170000-km.html
Mahindra Kuv 100 2023 8000 Km,32500 DT,Mahindra,,,,,,,82.0,Traction,SUV,,,Ariana,,,,6.0,5.0,1198.0,,10.03.2026,https://baniola.tn/details/27118/mahindra-kuv-100-2023-80000-km.html
Audi A3 2018 27000 Km,64000 DT,Audi,,,,,,,150.0,Traction,Berline,,,Mahdia,,,,5.0,4.0,1600.0,,09.03.2026,https://baniola.tn/details/27114/audi-a3-2018-270000-km.html
Fiat Grande Punto 2013 172300 Km,25500 DT,Fiat,,,,,,,75.0,Traction,Compacte,,,Ariana,,,,5.0,5.0,1200.0,,08.03.2026,https://baniola.tn/details/27108/fiat-grande-punto-2013-172300-km.html
Kia Rio 2010 240. 000 Km,24000 DT,Kia,,,,,,,80.0,Traction,Citadine,,,Monastir,,,,5.0,5.0,1400.0,,05.03.2026,https://baniola.tn/details/27091/kia-rio-2010-240-000-km.html
Kia Sportage 2021 130 Km,95 DT,Kia,,,,,,,115.0,Traction,SUV,,,Sousse,,,,5.0,5.0,1600.0,,05.03.2026,https://baniola.tn/details/27097/kia-sportage-2021-130-km.html
Renault Scenic 2011 363000 Km,28000 DT,Renault,,,,,,,110.0,Traction,Monospace,,,Bizerte,,,,5.0,5.0,1600.0,,05.03.2026,https://baniola.tn/details/27100/renault-scenic-2011-363000-km.html
Škoda Kamiq 2021 107000 Km,67000 DT,Skoda,,,,,,,95.0,Traction,SUV,,,Ariana,,,,5.0,5.0,1000.0,,06.03.2026,https://baniola.tn/details/27105/skoda-kamiq-2021-107000-km.html
Hyundai I10 2021 276000 Km,36000000 DT,Hyundai,,,,,,,67.0,Traction,Citadine,,,Ben Arous,,,,5.0,5.0,998.0,,06.03.2026,https://baniola.tn/details/27102/hyundai-i10-2021-276000-km.html
Suzuki Celerio 2023 46500 Km,1 DT,Suzuki,,,,,,,68.0,Traction,Citadine,,,Nabeul,,,,5.0,4.0,998.0,,06.03.2026,https://baniola.tn/details/27103/suzuki-celerio-2023-46500-km.html
Peugeot 206 2012 158000 Km,25500 DT,Peugeot,,,,,,,90.0,Traction,Compacte,,,Monastir,,,,5.0,5.0,1580.0,,02.03.2026,https://baniola.tn/details/27073/peugeot-206-2012-158000-km.html
Chevrolet Aveo 2012 2000 Km,20700 DT,Chevrolet,,,,,,,84.0,Traction,Berline,,,Beja,,,,5.0,4.0,1399.0,,27.02.2026,https://baniola.tn/details/27053/chevrolet-aveo-2012-200000-km.html
Hyundai I10 2022 26200 Km,43000 DT,Hyundai,,,,,,,67.0,Traction,Citadine,,,Sousse,,,,5.0,5.0,998.0,,05.03.2026,https://baniola.tn/details/27099/hyundai-i10-2022-26200-km.html
Mahindra Kuv 100 K8 Ttes Options 2020 56000 Km,28800 DT,Mahindra,,,,,,,82.0,Traction,SUV,,,Ariana,,,,5.0,5.0,1198.0,,27.02.2026,https://baniola.tn/details/27044/mahindra-kuv-100-k8-ttes-options-2020-56000-km.html
Mercedes Classe C 2010 320 Km,52 DT,Mercedes,,,,,,,170.0,Propulsion,Berline,,,Medenine,,,,5.0,4.0,1796.0,,05.03.2026,https://baniola.tn/details/27094/mercedes-classe-c-2010-320-km.html
Volkswagen Golf 7 2013 264000 Km,47000 DT,Volkswagen,,,,,,,105.0,Traction,Compacte,,,Ben Arous,,,,5.0,5.0,1600.0,,04.03.2026,https://baniola.tn/details/27087/volkswagen-golf-7-2013-264000-km.html
Peugeot 208 2022 95000 Km,35000 DT,Peugeot,,,,,,,100.0,Traction,Compacte,,,Sousse,,,,5.0,5.0,1200.0,,04.03.2026,https://baniola.tn/details/27088/peugeot-208-2022-95000-km.html
Bmw X3 2016 198175Km,0 DT,Bmw,,,,,,,184.0,Intégrale,SUV,,,Medenine,,,,5.0,5.0,1997.0,,04.03.2026,https://baniola.tn/details/27090/bmw-x3-2016-198175km.html
Nissan Qashqai 2020 157 Km,75 DT,Nissan,,,,,,,115.0,Traction,SUV,,,Nabeul,,,,5.0,5.0,1600.0,,05.03.2026,https://baniola.tn/details/27092/nissan-qashqai-2020-157-km.html
Kia Picanto 2021 73000 Km,37000 DT,Kia,,,,,,,84.0,Traction,Citadine,,,Mahdia,,,,5.0,5.0,1248.0,,27.02.2026,https://baniola.tn/details/27048/kia-picanto-2021-73000-km.html
Peugeot 207 2007 460 Km,23000 DT,Peugeot,,,,,,,90.0,Traction,Berline,,,Ariana,,,,5.0,4.0,1600.0,,01.03.2026,https://baniola.tn/details/27059/peugeot-207-2007-460-km.html
Peugeot 407 2008 240. 000 Km,23500 DT,Peugeot,,,,,,,140.0,Traction,Berline,,,Sousse,,,,5.0,4.0,1997.0,,02.03.2026,https://baniola.tn/details/27070/peugeot-407-2008-240-000-km.html
Hyundai Veloster 2017 19000 Km,38000 DT,Hyundai,,,,,,,140.0,Traction,Coupé,,,Tunis,,,,4.0,3.0,1600.0,,02.03.2026,https://baniola.tn/details/27074/hyundai-veloster-2017-190000-km.html
Seat Ibiza,33000 DT,Seat,,,,,,,90.0,Traction,Compacte,,,Ariana,,,,5.0,5.0,1200.0,,03.03.2026,https://baniola.tn/details/27080/seat-ibiza.html
Chevrolet Spark 2011 155. 000 Km,24 DT,Chevrolet,,,,,,,80.0,Traction,Citadine,,,Sousse,,,,5.0,5.0,1200.0,,04.03.2026,https://baniola.tn/details/27085/chevrolet-spark-2011-155-000-km.html
Volkswagen Amarok 2011 291037 Km,65000 DT,Volkswagen,,,,,,,163.0,Intégrale,Pick-up,,,Nabeul,,,,5.0,4.0,2800.0,,02.03.2026,https://baniola.tn/details/27069/volkswagen-amarok-2011-291037-km.html
Fiat Panda 2021 97000 Km,36000 DT,Fiat,,,,,,,69.0,Traction,Citadine,,,Tunis,,,,5.0,5.0,999.0,,02.03.2026,https://baniola.tn/details/27071/fiat-panda-2021-97000-km.html
Hyundai I10 2018 158000 Km,33000 DT,Hyundai,,,,,,,87.0,Traction,Citadine,,,Ben Arous,,,,5.0,5.0,1197.0,,02.03.2026,https://baniola.tn/details/27078/hyundai-i10-2018-158000-km.html
Audi A3,52000 DT,Audi,,,,,,,110.0,Traction,Berline,,,Manouba,,,,5.0,4.0,1598.0,,04.01.2026,https://baniola.tn/details/26011/audi-a3.html
Fiat Grande Punto 2012 3000 Km,15000 DT,Fiat,,,,,,,75.0,Traction,Compacte,,,Nabeul,,,,5.0,5.0,1200.0,,01.03.2026,https://baniola.tn/details/27057/fiat-grande-punto-2012-300000-km.html
Hyundai I10 2022 104000 Km,32500 DT,Hyundai,,,,,,,67.0,Traction,Citadine,,,Nabeul,,,,5.0,5.0,998.0,,01.03.2026,https://baniola.tn/details/27058/hyundai-i10-2022-104000-km.html
Peugeot 207 2007 460 Km,23 DT,Peugeot,,,,,,,90.0,Traction,Berline,,,Ariana,,,,5.0,4.0,1600.0,,01.03.2026,https://baniola.tn/details/27060/peugeot-207-2007-460-km.html
Suzuki Celerio 2024 39000 Km,38000 DT,Suzuki,,,,,,,68.0,Traction,Citadine,,,Manouba,,,,5.0,4.0,998.0,,01.03.2026,https://baniola.tn/details/27062/suzuki-celerio-2024-39000-km.html
Hyundai I10 2022 93000 Km,39500 DT,Hyundai,,,,,,,67.0,Traction,Citadine,,,Ben Arous,,,,5.0,5.0,998.0,,02.03.2026,https://baniola.tn/details/27064/hyundai-i10-2022-93000-km.html
Toyota Autres 2022 143000 Km,34500 DT,Toyota,,,,,,,105.0,Traction,Berline,,,Ben Arous,,,,5.0,4.0,1600.0,,02.03.2026,https://baniola.tn/details/27065/toyota-autres-2022-143000-km.html
Kia Rio 2022 123000 Km,47500 DT,Kia,,,,,,,84.0,Traction,Citadine,,,Ben Arous,,,,5.0,5.0,1400.0,,02.03.2026,https://baniola.tn/details/27066/kia-rio-2022-123000-km.html
Suzuki Autres 2019 238000 Km,31500 DT,Suzuki,,,,,,,95.0,Traction,Berline,,,Ben Arous,,,,5.0,4.0,1400.0,,02.03.2026,https://baniola.tn/details/27067/suzuki-autres-2019-238000-km.html
Peugeot 407 2007 27000 Km,27500 DT,Peugeot,,,,,,,140.0,Traction,Berline,,,Ben Arous,,,,5.0,4.0,1997.0,,02.03.2026,https://baniola.tn/details/27068/peugeot-407-2007-270000-km.html
Chevrolet Aveo 2012 2000 Km,21700 DT,Chevrolet,,,,,,,86.0,Traction,Berline,,,Beja,,,,5.0,4.0,1399.0,,27.02.2026,https://baniola.tn/details/27052/chevrolet-aveo-2012-200000-km.html
Av Dongfeng Sx3 2021 84000 Km,45000 DT,Dongfeng,,,,,,,120.0,Traction,SUV,,,Ben Arous,,,,5.0,5.0,1500.0,,04.12.2025,https://baniola.tn/details/25377/av-dongfeng-sx3-2021-84000-km.html
Nissan Juke 2015 21000 Km,38000 DT,Nissan,,,,,,,117.0,Traction,SUV,,,Nabeul,,,,5.0,5.0,1197.0,,28.02.2026,https://baniola.tn/details/27054/nissan-juke-2015-210000-km.html
Fiat 500 2021 7000 Km,44000 DT,Fiat,,,,,,,69.0,Traction,Citadine,,,Sousse,,,,4.0,3.0,999.0,,27.02.2026,https://baniola.tn/details/27049/fiat-500-2021-70000-km.html
Hyundai I10 2023 24700 Km,48000 DT,Hyundai,,,,,,,67.0,Traction,Citadine,,,Tunis,,,,5.0,5.0,998.0,,26.02.2026,https://baniola.tn/details/27037/hyundai-i10-2023-24700-km.html
Ssangyong Tivoli 2021 142600 Km,65 DT,Ssangyong,,,,,,,161.0,Traction,SUV,,,Le Kef,,,,5.0,5.0,1600.0,,26.02.2026,https://baniola.tn/details/27038/ssangyong-tivoli-2021-142600-km.html
Renault Clio 2003 235000 Km,20500 DT,Renault,,,,,,,75.0,Traction,Compacte,,,Tunis,,,,5.0,3.0,1149.0,,27.02.2026,https://baniola.tn/details/27045/renault-clio-2003-235000-km.html
Kia Picanto 2021 73000 Km,37000 DT,Kia,,,,,,,84.0,Traction,Citadine,,,Mahdia,,,,5.0,5.0,1248.0,,27.02.2026,https://baniola.tn/details/27050/kia-picanto-2021-73000-km.html
Peugeot 208 2021 190. 000 Km,53 DT,Peugeot,,,,,,,100.0,Traction,Compacte,,,Tunis,,,,5.0,5.0,1200.0,,27.02.2026,https://baniola.tn/details/27039/peugeot-208-2021-190-000-km.html
Mini One 2010 177900 Km,25000 DT,Mini,,,,,,,98.0,Traction,Compacte,,,Tunis,,,,4.0,3.0,1600.0,,27.02.2026,https://baniola.tn/details/27043/mini-one-2010-177900-km.html
Audi Q5 Quattro 2. 0L Diesel – Modèle 2010 – Boite Auto -...,59000 DT,Audi,,,,,,,170.0,Intégrale,SUV,,,Sousse,,,,5.0,5.0,1968.0,,27.02.2026,https://baniola.tn/details/27046/audi-q5-quattro-2-0l-diesel-modèle-2010-boite-auto-excellent-état.html
Mg Mg 3 2020 57000 Km,38000 DT,MG,,,,,,,110.0,Traction,Compacte,,,Ariana,,,,5.0,4.0,1500.0,,26.02.2026,https://baniola.tn/details/27029/mg-mg-3-2020-57000-km.html
Isuzu D Max 2003 382 Km,90000 DT,Isuzu,,,,,,,95.0,Intégrale,Pick-up,,,Kasserine,,,,5.0,4.0,2839.0,,26.02.2026,https://baniola.tn/details/27032/isuzu-d-max-2003-382-km.html
Audi A6,42 DT,Audi,,,,,,,190.0,Traction,Berline,,,Tunis,,,,5.0,4.0,1984.0,,26.02.2026,https://baniola.tn/details/27035/audi-a6.html
Škoda Fabia 2016 134 Km,31000 DT,Skoda,,,,,,,75.0,Traction,Compacte,,,Sfax,,,,5.0,5.0,1200.0,,25.02.2026,https://baniola.tn/details/27027/skoda-fabia-2016-134-km.html
Isuzu D Max 2003 382 Km,90000 DT,Isuzu,,,,,,,95.0,Intégrale,Pick-up,,,Kasserine,,,,5.0,4.0,2835.0,,26.02.2026,https://baniola.tn/details/27031/isuzu-d-max-2003-382-km.html
"Hyundai I 20 High Grade Soigneusement Entretenue, 1 Ère Main",40000 DT,Hyundai,,,,,,,85.0,Traction,Compacte,,,Ben Arous,,,,5.0,5.0,1248.0,,25.02.2026,https://baniola.tn/details/27024/hyundai-i-20-high-grade-soigneusement-entretenue-1-ère-main.html
Honda Autre 2023 36000 Km,68 DT,Honda,,,,,,,118.0,Traction,Berline,,,Tunis,,,,5.0,4.0,1500.0,,25.02.2026,https://baniola.tn/details/27025/honda-autre-2023-36000-km.html
Peugeot Partner 2002 000 Km,15000 DT,Peugeot,,,,,,,60.0,Traction,Utilitaire,,,Nabeul,,,,2.0,5.0,1360.0,,25.02.2026,https://baniola.tn/details/27026/peugeot-partner-2002-0000-km.html
Audi A5 2014 17000 Km,69000 DT,Audi,,,,,,,170.0,Propulsion,Coupé,,,Sousse,,,,4.0,2.0,2000.0,,06.01.2026,https://baniola.tn/details/26079/audi-a5-2014-170000-km.html
Renault R5 1990 3000 Km,2000 DT,Renault,,,,,,,40.0,Traction,Citadine,,,Gafsa,,,,5.0,3.0,1108.0,,24.02.2026,https://baniola.tn/details/27015/renault-r5-1990-300000-km.html
Renault Clio 2017 172000 Km,37000 DT,Renault,,,,,,,90.0,Traction,Compacte,,,Sfax,,,,5.0,5.0,1200.0,,24.02.2026,https://baniola.tn/details/27017/renault-clio-2017-172000-km.html
Toyota Corolla 2016 10500 Km,62000 DT,Toyota,,,,,,,100.0,Traction,Berline,,,Tunis,,,,5.0,4.0,1600.0,,24.02.2026,https://baniola.tn/details/27020/toyota-corolla-2016-10500-km.html
Bmw 316I Luxury Line (Année: 2014 - Kilométrage: 122000 Km),65000 DT,Bmw,,,,,,,136.0,Traction,Berline,,,Tunis,,,,5.0,4.0,1598.0,,24.02.2026,https://baniola.tn/details/27016/bmw-316i-luxury-line-année-2014-kilométrage-122000-km.html
Volkswagen Golf 2018 157000 Km,64000 DT,Volkswagen,,,,,,,110.0,Traction,Compacte,,,Tunis,,,,5.0,5.0,1600.0,,11.02.2026,https://baniola.tn/details/26841/volkswagen-golf-2018-157000-km.html
Mercedes Vito 2021 95000 Km,75 DT,Mercedes,,,,,,,136.0,Traction,Utilitaire,,,Sousse,,,,9.0,5.0,2143.0,,24.02.2026,https://baniola.tn/details/27014/mercedes-vito-2021-95000-km.html
Fiat 500 2018 85000 Km,42000 DT,Fiat,,,,,,,69.0,Traction,Citadine,,,Ariana,,,,4.0,3.0,999.0,,23.02.2026,https://baniola.tn/details/27010/fiat-500-2018-85000-km.html
Peugeot 508 2019 149000 Km Entretien Maison Tel 22801802,59900 DT,Peugeot,,,,,,,163.0,Traction,Berline,,,Ariana,,,,5.0,4.0,1598.0,,23.02.2026,https://baniola.tn/details/27012/peugeot-508-2019-149000-km-entretien-maison-tel-22801802.html
Peugeot Partner 2002 000 Km,1111 DT,Peugeot,,,,,,,60.0,Traction,Utilitaire,,,Nabeul,,,,2.0,5.0,1360.0,,23.02.2026,https://baniola.tn/details/27013/peugeot-partner-2002-0000-km.html
Citroën C3,18000 DT,Citroen,,,,,,,82.0,Traction,Compacte,,,Tunis,,,,5.0,5.0,1199.0,,15.02.2026,https://baniola.tn/details/26913/citroën-c3.html
Peugeot 206 2003 338 Km,17400 DT,Peugeot,,,,,,,90.0,Traction,Compacte,,,Tunis,,,,5.0,5.0,1587.0,,23.02.2026,https://baniola.tn/details/27005/peugeot-206-2003-338-km.html
Chery Tiggo 8 2021 63000 Km 1Ere Main Entretien Maison Te...,69900 DT,Chery,,,,,,,190.0,Traction,SUV,,,Ariana,,,,7.0,5.0,1997.0,,23.02.2026,https://baniola.tn/details/27007/chery-tiggo-8-2021-63000-km-1ere-main-entretien-maison-tel-22801802.html
Jaguar Xe 2017 123000 Km,110000 DT,Jaguar,,,,,,,200.0,Propulsion,Berline,,,Ariana,,,,5.0,4.0,2000.0,,23.02.2026,https://baniola.tn/details/27008/jaguar-xe-2017-123000-km.html
Peugeot 206 2010 338 Km,17000 DT,Peugeot,,,,,,,90.0,Traction,Compacte,,,Tunis,,,,5.0,5.0,1360.0,,22.02.2026,https://baniola.tn/details/27001/peugeot-206-2010-338-km.html
Mitsubishi L200,47 DT,Mitsubishi,,,,,,,110.0,Intégrale,Pick-up,,,Nabeul,,,,5.0,4.0,2477.0,,22.02.2026,https://baniola.tn/details/26995/mitsubishi-l200.html
Chevrolet Optra 2008 311000 Km,17500 DT,Chevrolet,,,,,,,100.0,Traction,Berline,,,Bizerte,,,,5.0,4.0,1598.0,,22.02.2026,https://baniola.tn/details/26998/chevrolet-optra-2008-311000-km.html
Peugeot 208 2022 15000 Km,32500 DT,Peugeot,,,,,,,130.0,Traction,Compacte,,,Sfax,,,,5.0,5.0,1199.0,,22.02.2026,https://baniola.tn/details/26996/peugeot-208-2022-150000-km.html
Toyota Corolla 2019 160800 Km,66000 DT,Toyota,,,,,,,121.0,Traction,Berline,,,Kebili,,,,5.0,4.0,1600.0,,22.02.2026,https://baniola.tn/details/26988/toyota-corolla-2019-160800-km.html
Seat Arona 2021 167000 Km,59000 DT,Seat,,,,,,,115.0,Traction,SUV,,,Bizerte,,,,5.0,5.0,1000.0,,22.02.2026,https://baniola.tn/details/26990/seat-arona-2021-167000-km.html
Ford Fiesta 2010 281000 Km,25000 DT,Ford,,,,,,,95.0,Traction,Citadine,,,Tunis,,,,5.0,5.0,1600.0,,22.02.2026,https://baniola.tn/details/26993/ford-fiesta-2010-281000-km.html
Fiat Palio 3 Fire 2010 (121582 Km),21800 DT,Fiat,,,,,,,85.0,Traction,Compacte,,,Sousse,,,,5.0,4.0,1242.0,,22.02.2026,https://baniola.tn/details/26991/fiat-palio-3-fire-2010-121582-km.html
Peugeot 208 2015 163000 Km,30000 DT,Peugeot,,,,,,,115.0,Traction,Berline,,,Kairouan,,,,5.0,5.0,1600.0,,08.02.2026,https://baniola.tn/details/26781/peugeot-208-2015-163000-km.html
Hyundai I10 2018 175000 Km,31000 DT,Hyundai,,,,,,,87.0,Traction,Citadine,,,Manouba,,,,5.0,5.0,1197.0,,22.02.2026,https://baniola.tn/details/26985/hyundai-i10-2018-175000-km.html
Nissan Sentra 2015 89000 Km,42000 DT,Nissan,,,,,,,130.0,Traction,Berline,,,Kebili,,,,5.0,4.0,1600.0,,22.02.2026,https://baniola.tn/details/26987/nissan-sentra-2015-89000-km.html
Toyota Yaris 2018 113000 Km,33000 DT,Toyota,,,,,,,95.0,Traction,Compacte,,,Sousse,,,,5.0,5.0,1300.0,,21.02.2026,https://baniola.tn/details/26981/toyota-yaris-2018-113000-km.html
Land Rover Discovery Sport 2016 15000 Km,92000 DT,Land rover,,,,,,,190.0,Intégrale,SUV,,,Gabes,,,,5.0,5.0,1999.0,,21.02.2026,https://baniola.tn/details/26982/land-rover-discovery-sport-2016-150000-km.html
207 Peugeot Hdi,25000 DT,Peugeot,,,,,,,90.0,Traction,Berline,,,Tunis,,,,5.0,5.0,1560.0,,21.02.2026,https://baniola.tn/details/26978/207-peugeot-hdi.html
Citroën C-Elysée 2016 94000 Km,25500 DT,Citroen,,,,,,,115.0,Traction,Berline,,,Manouba,,,,5.0,4.0,1600.0,,21.02.2026,https://baniola.tn/details/26980/citroen-c-elysée-2016-94000-km.html
Chevrolet Aveo 2013 178000 Km,22000 DT,Chevrolet,,,,,,,86.0,Traction,Berline,,,Le Kef,,,,5.0,4.0,1399.0,,21.02.2026,https://baniola.tn/details/26976/chevrolet-aveo-2013-178000-km.html
Ds Ds 7 Crossback 2020 146000 Km,44000 DT,Ds,,,,,,,180.0,Traction,SUV,,,Tunis,,,,5.0,5.0,1598.0,,21.02.2026,https://baniola.tn/details/26973/ds-ds-7-crossback-2020-146000-km.html
Volkswagen T-Cross 2021 62000 Km,76500 DT,Volkswagen,,,,,,,110.0,Traction,SUV,,,Monastir,,,,5.0,5.0,1000.0,,10.02.2026,https://baniola.tn/details/26827/volkswagen-t-cross-2021-62000-km.html
Renault Clio 2001 440 Km,15000 DT,Renault,,,,,,,75.0,Traction,Compacte,,,Medenine,,,,5.0,3.0,1149.0,,17.02.2026,https://baniola.tn/details/26940/renault-clio-2001-440-km.html
Mercedes Classe a 2020 13000 Km,54000 DT,Mercedes,,,,,,,163.0,Traction,Compacte,,,Monastir,,,,5.0,5.0,1332.0,,20.02.2026,https://baniola.tn/details/26969/mercedes-classe-a-2020-130000-km.html
Fiat Stilo Jtd,18000 DT,Fiat,,,,,,,115.0,Traction,Berline,,,Monastir,,,,5.0,4.0,1910.0,,20.02.2026,https://baniola.tn/details/26971/fiat-stilo-jtd.html
Renault R21 1992 32000 Km,12000 DT,Renault,,,,,,,88.0,Traction,Berline,,,Medenine,,,,5.0,4.0,1731.0,,20.02.2026,https://baniola.tn/details/26966/renault-r21-1992-320000-km.html
Bmw 520 2021 22000 Km,171000 DT,Bmw,,,,,,,184.0,Propulsion,Berline,,,Tunis,,,,5.0,4.0,1995.0,,07.02.2026,https://baniola.tn/details/26767/bmw-520-2021-22000-km.html
Citroën Jumpy 2022 69000 Km,0 DT,Citroen,,,,,,,120.0,Traction,Utilitaire,,,Jendouba,,,,5.0,5.0,1997.0,,20.02.2026,https://baniola.tn/details/26965/citroen-jumpy-2022-69000-km.html
Peugeot 207 1. 4 Hdi,25000 DT,Peugeot,,,,,,,70.0,Traction,Berline,,,Tunis,,,,5.0,5.0,1398.0,,20.02.2026,https://baniola.tn/details/26964/peugeot-207-1-4-hdi.html
Volkswagen Golf7 2014 138000 Km,48000 DT,Volkswagen,,,,,,,105.0,Traction,Compacte,,,Tunis,,,,5.0,5.0,1600.0,,16.02.2026,https://baniola.tn/details/26927/volkswagen-golf7-2014-138000-km.html
Peugeot 3008 2020 9000 Km,100000 DT,Peugeot,,,,,,,130.0,Traction,SUV,,,Medenine,,,,5.0,5.0,1598.0,,19.02.2026,https://baniola.tn/details/26962/peugeot-3008-2020-90000-km.html
Nissan Navara 2008 49000 Km,47000 DT,Nissan,,,,,,,170.0,Propulsion,Pick-up,,,Tunis,,,,5.0,4.0,2500.0,,19.02.2026,https://baniola.tn/details/26958/nissan-navara-2008-490000-km.html
Renault Megane 2020 11000 Km,46000 DT,Renault,,,,,,,115.0,Traction,Berline,,,Tunis,,,,5.0,5.0,1600.0,,18.02.2026,https://baniola.tn/details/26941/renault-megane-2020-110000-km.html
Volkswagen Polo 1998 335000 Km,10500 DT,Volkswagen,,,,,,,45.0,Traction,Compacte,,,Nabeul,,,,5.0,3.0,1043.0,,18.02.2026,https://baniola.tn/details/26942/volkswagen-polo-1998-335000-km.html
Kia Sportage 2018 3000 Km,50000 DT,Kia,,,,,,,161.0,Traction,SUV,,,Mahdia,,,,5.0,5.0,1600.0,,19.02.2026,https://baniola.tn/details/26956/kia-sportage-2018-300000-km.html
Hyundai I10 2022 7000 Km,46000 DT,Hyundai,,,,,,,67.0,Traction,Citadine,,,Ben Arous,,,,5.0,5.0,998.0,,18.02.2026,https://baniola.tn/details/26943/hyundai-i10-2022-70000-km.html
Haval H6 2020 180 Km,60000 DT,Haval,,,,,,,190.0,Traction,SUV,,,Tunis,,,,5.0,5.0,1997.0,,18.02.2026,https://baniola.tn/details/26951/haval-h6-2020-180-km.html
Ssangyong Tivoli 2021 98000 Km,58000 DT,Ssangyong,,,,,,,163.0,Traction,SUV,,,Sousse,,,,5.0,5.0,1600.0,,19.02.2026,https://baniola.tn/details/26953/ssangyong-tivoli-2021-98000-km.html
Volkswagen Golf 2017 193000 Km,49000 DT,Volkswagen,,,,,,,110.0,Traction,Compacte,,,Monastir,,,,5.0,5.0,1600.0,,16.02.2026,https://baniola.tn/details/26933/volkswagen-golf-2017-193000-km.html
"Toyota Avenza, 2014 18008 Km",22500 DT,Toyota,,,,,,,147.0,Traction,Monospace,,,Nabeul,,,,7.0,5.0,1998.0,,18.02.2026,https://baniola.tn/details/26945/toyota-avenza-2014-18008-km.html
Peugeot 2008 2014 208000 Km,35000 DT,Peugeot,,,,,,,115.0,Traction,SUV,,,Tunis,,,,5.0,5.0,1600.0,,18.02.2026,https://baniola.tn/details/26944/peugeot-2008-2014-208000-km.html
Peugeot 106 1996,11500 DT,Peugeot,,,,,,,45.0,Traction,Citadine,,,Le Kef,,,,5.0,3.0,1124.0,,17.02.2026,https://baniola.tn/details/26939/peugeot-106-1996.html
Isuzu Annèe 2004 200Alf Km,36000 DT,Isuzu,,,,,,,100.0,Propulsion,Pick-up,,,Nabeul,,,,5.0,4.0,2800.0,,17.02.2026,https://baniola.tn/details/26937/isuzu-annèe-2004-200alf-km.html
Dacia Duster 2020 75500 Km,69800 DT,Dacia,,,,,,,115.0,Traction,SUV,,,Bizerte,,,,5.0,5.0,1461.0,,17.02.2026,https://baniola.tn/details/26938/dacia-duster-2020-75500-km.html
Ford Focus 2006 188400 Km,17000 DT,Ford,,,,,,,100.0,Traction,Compacte,,,Kebili,,,,5.0,5.0,1600.0,,17.02.2026,https://baniola.tn/details/26936/ford-focus-2006-188400-km.html
Volkswagen Passat B7,32000 DT,Volkswagen,,,,,,,160.0,Traction,Berline,,,Tunis,,,,5.0,4.0,1984.0,,17.02.2026,https://baniola.tn/details/26935/volkswagen-passat-b7.html
Citroën C3 2014 124000 Km,27000 DT,Citroen,,,,,,,68.0,Traction,Compacte,,,Tunis,,,,5.0,5.0,1199.0,,16.02.2026,https://baniola.tn/details/26934/citroen-c3-2014-124000-km.html
Nissan Navara 2007 275000 Km,36000 DT,Nissan,,,,,,,174.0,Intégrale,Pick-up,,,Ariana,,,,5.0,4.0,2488.0,,16.02.2026,https://baniola.tn/details/26932/nissan-navara-2007-275000-km.html
Chery Tiggo 3X 2022 39000 Km,52000 DT,Chery,,,,,,,126.0,Traction,SUV,,,Tunis,,,,5.0,5.0,1598.0,,09.02.2026,https://baniola.tn/details/26806/chery-tiggo-3x-2022-39000-km.html
Isuzu D Max 2025 1000 Km,90000 DT,Isuzu,,,,,,,150.0,Intégrale,Pick-up,,,Siliana,,,,5.0,4.0,2999.0,,16.02.2026,https://baniola.tn/details/26930/isuzu-d-max-2025-1000-km.html
Mercedes Classe C 2018 105000 Km,95 DT,Mercedes,,,,,,,184.0,Traction,Berline,,,Tunis,,,,5.0,4.0,1991.0,,02.02.2026,https://baniola.tn/details/26671/mercedes-classe-c-2018-105000-km.html
Volkswagen Golf 2014 138000 Km,48000 DT,Volkswagen,,,,,,,105.0,Traction,Compacte,,,Tunis,,,,5.0,5.0,1600.0,,16.02.2026,https://baniola.tn/details/26928/volkswagen-golf-2014-138000-km.html
Hyundai Accent 2022 46000 Km,66000 DT,Hyundai,,,,,,,100.0,Traction,Compacte,,,Tunis,,,,5.0,4.0,1600.0,,15.02.2026,https://baniola.tn/details/26915/hyundai-accent-2022-46000-km.html
Ssangyong Actyon 2011 250 Km,26000 DT,Ssangyong,,,,,,,175.0,Intégrale,SUV,,,Mahdia,,,,5.0,5.0,1998.0,,15.02.2026,https://baniola.tn/details/26916/ssangyong-actyon-2011-250-km.html
Ssangyong Kyron 2014 198000 Km,38500 DT,Ssangyong,,,,,,,141.0,Intégrale,SUV,,,Tunis,,,,5.0,5.0,1998.0,,15.02.2026,https://baniola.tn/details/26918/ssangyong-kyron-2014-198000-km.html
Volkswagen Passat 2016 213000 Km,60000 DT,Volkswagen,,,,,,,160.0,Traction,Berline,,,Sfax,,,,5.0,4.0,1600.0,,15.02.2026,https://baniola.tn/details/26919/volkswagen-passat-2016-213000-km.html
Hyundai Accent 2022 46000 Km,66000 DT,Hyundai,,,,,,,100.0,Traction,Compacte,,,Tunis,,,,5.0,4.0,1600.0,,15.02.2026,https://baniola.tn/details/26914/hyundai-accent-2022-46000-km.html
Renault Clio 2006 4000 Km,22000 DT,Renault,,,,,,,75.0,Traction,Compacte,,,Ariana,,,,5.0,3.0,1149.0,,15.02.2026,https://baniola.tn/details/26911/renault-clio-2006-400000-km.html
Renault Clio 2003 25000 Km,19000 DT,Renault,,,,,,,75.0,Traction,Compacte,,,Sousse,,,,5.0,3.0,1149.0,,15.02.2026,https://baniola.tn/details/26903/renault-clio-2003-250000-km.html
Volkswagen Passat 2011 195000 Km,42000 DT,Volkswagen,,,,,,,160.0,Traction,Berline,,,Sfax,,,,5.0,4.0,1984.0,,15.02.2026,https://baniola.tn/details/26906/volkswagen-passat-2011-195000-km.html
Renault Clio 2005 667. 598 Km,12000 DT,Renault,,,,,,,75.0,Traction,Compacte,,,Medenine,,,,5.0,5.0,1149.0,,15.02.2026,https://baniola.tn/details/26908/renault-clio-2005-667-598-km.html
Dacia Dokker 2018 215000 Km,26000 DT,Dacia,,,,,,,75.0,Traction,Utilitaire,,,Beja,,,,5.0,5.0,1461.0,,14.02.2026,https://baniola.tn/details/26899/dacia-dokker-2018-215000-km.html
Hyundai I20 2014 157000 Km,1 DT,Hyundai,,,,,,,90.0,Traction,Compacte,,,Tunis,,,,5.0,5.0,1248.0,,08.02.2026,https://baniola.tn/details/26794/hyundai-i20-2014-157000-km.html
Audi A3 Sportback 2014 126000 Km,50000 DT,Audi,,,,,,,110.0,Traction,Compacte,,,Tunis,,,,5.0,5.0,1600.0,,14.02.2026,https://baniola.tn/details/26897/audi-a3-sportback-2014-126000-km.html
Volkswagen Polo 2021 129874 Km,54000 DT,Volkswagen,,,,,,,90.0,Traction,Compacte,,,Bizerte,,,,5.0,5.0,1197.0,,13.02.2026,https://baniola.tn/details/26887/volkswagen-polo-2021-129874-km.html
Renault Clio 2004 22000 Km,22000 DT,Renault,,,,,,,75.0,Traction,Compacte,,,Kairouan,,,,5.0,3.0,1149.0,,13.02.2026,https://baniola.tn/details/26889/renault-clio-2004-22000-km.html
Peugeot 206 2010 222. 000 Km,27000 DT,Peugeot,,,,,,,90.0,Traction,Compacte,,,Gabes,,,,5.0,5.0,1587.0,,13.02.2026,https://baniola.tn/details/26890/peugeot-206-2010-222-000-km.html
Hyundai I10 2017 77300 Km,36800 DT,Hyundai,,,,,,,87.0,Traction,Citadine,,,Sousse,,,,5.0,5.0,1197.0,,13.02.2026,https://baniola.tn/details/26888/hyundai-i10-2017-77300-km.html
Kia Picanto Pop 2018,28000 DT,Kia,,,,,,,67.0,Traction,Citadine,,,Tunis,,,,5.0,5.0,1248.0,,13.02.2026,https://baniola.tn/details/26891/kia-picanto-pop-2018.html
Peugeot 2008 Année 2016,38000 DT,Peugeot,,,,,,,115.0,Traction,SUV,,,Ariana,,,,5.0,5.0,1598.0,,13.02.2026,https://baniola.tn/details/26892/peugeot-2008-année-2016.html
Renault Clio 2004 4000 Km,22000 DT,Renault,,,,,,,75.0,Traction,Compacte,,,Kairouan,,,,5.0,3.0,1149.0,,13.02.2026,https://baniola.tn/details/26886/renault-clio-2004-400000-km.html
Volkswagen T-Roc 2020 95000 Km,83000 DT,Volkswagen,,,,,,,115.0,Traction,SUV,,,Tunis,,,,5.0,5.0,1498.0,,13.02.2026,https://baniola.tn/details/26885/volkswagen-t-roc-2020-95000-km.html
Toyota C-Hr 2020 1000 Km,76000 DT,Toyota,,,,,,,116.0,Traction,SUV,,,Jendouba,,,,5.0,5.0,1798.0,,13.02.2026,https://baniola.tn/details/26880/toyota-c-hr-2020-100000-km.html
Chery Tiggo 3X Luxury 1Ére Main,57000 DT,Chery,,,,,,,126.0,Traction,SUV,,,Tunis,,,,5.0,5.0,1598.0,,13.02.2026,https://baniola.tn/details/26881/chery-tiggo-3x-luxury-1ére-main.html
Toyota Yaris 2017 125000 Km,45000 DT,Toyota,,,,,,,95.0,Traction,Compacte,,,Ariana,,,,5.0,5.0,1300.0,,13.02.2026,https://baniola.tn/details/26882/toyota-yaris-2017-125000-km.html
Seat Ibiza 2020 126 Km,50000 DT,Seat,,,,,,,95.0,Traction,Compacte,,,Manouba,,,,5.0,5.0,999.0,,13.02.2026,https://baniola.tn/details/26875/seat-ibiza-2020-126-km.html
Ford Ecosport 2019 58000 Km,44000 DT,Ford,,,,,,,125.0,Traction,SUV,,,Ben Arous,,,,5.0,5.0,1499.0,,13.02.2026,https://baniola.tn/details/26879/ford-ecosport-2019-58000-km.html
Peugeot 406 Hdi Très Bon État,20000 DT,Peugeot,,,,,,,110.0,Traction,Berline,,,Sidi Bouzid,,,,5.0,4.0,1997.0,,13.02.2026,https://baniola.tn/details/26877/peugeot-406-hdi-très-bon-état.html
Citroën Ax 1987 00 Km,8200 DT,Citroen,,,,,,,35.0,Traction,Citadine,,,Zaghouan,,,,4.0,3.0,652.0,,12.02.2026,https://baniola.tn/details/26873/citroen-ax-1987-00-km.html
Citroën C3 Ii 2017 124 Km,37 DT,Citroen,,,,,,,68.0,Traction,Compacte,,,Manouba,,,,5.0,5.0,1199.0,,12.02.2026,https://baniola.tn/details/26874/citroen-c3-ii-2017-124-km.html
Peugeot 407,25 DT,Peugeot,,,,,,,110.0,Traction,Berline,,,,,,,5.0,4.0,1600.0,,05.01.2026,https://baniola.tn/details/26054/peugeot-407.html
Bmw 316 I 2017 17000 Km,56000 DT,Bmw,,,,,,,136.0,Traction,Berline,,,,,,,5.0,4.0,1598.0,,12.02.2026,https://baniola.tn/details/26871/bmw-316-i-2017-170000-km.html
Renault Clio 2021 9000 Km,43000 DT,Renault,,,,,,,90.0,Traction,Compacte,,,Sousse,,,,5.0,5.0,1200.0,,12.02.2026,https://baniola.tn/details/26868/renault-clio-2021-90000-km.html
Mercedes Classe Cla 2013 Amg Line Bva,63000 DT,Mercedes,,,,,,,211.0,Traction,Berline,,,Sousse,,,,5.0,4.0,1991.0,,12.02.2026,https://baniola.tn/details/26869/mercedes-classe-cla-2013-amg-line-bva.html
Peugeot 208 2017 113000 Km,28000 DT,Peugeot,,,,,,,68.0,Traction,Compacte,,,Manouba,,,,5.0,5.0,1199.0,,12.02.2026,https://baniola.tn/details/26862/peugeot-208-2017-113000-km.html
Volkswagen Golf 8 2022 94000 Km,82000 DT,Volkswagen,,,,,,,110.0,Traction,Compacte,,,Ben Arous,,,,5.0,5.0,1000.0,,12.02.2026,https://baniola.tn/details/26861/volkswagen-golf-8-2022-94000-km.html
Jeep Renegade 2020/ 9000 Km,80000 DT,Jeep,,,,,,,180.0,Intégrale,SUV,,,Ariana,,,,5.0,5.0,1600.0,,12.02.2026,https://baniola.tn/details/26857/jeep-renegade-2020-90000-km.html
Volkswagen Golf 4 1997 000 Km,22000 DT,Volkswagen,,,,,,,115.0,Traction,Compacte,,,Manouba,,,,5.0,3.0,1595.0,,12.02.2026,https://baniola.tn/details/26859/volkswagen-golf-4-1997-000000-km.html
Renault R19 1995 000 Km,6000 DT,Renault,,,,,,,80.0,Traction,Berline,,,Siliana,,,,5.0,4.0,1390.0,,11.02.2026,https://baniola.tn/details/26843/renault-r19-1995-000-km.html
Hyundai I10 2021 11000 Km,34000 DT,Hyundai,,,,,,,67.0,Traction,Citadine,,,Tunis,,,,5.0,5.0,998.0,,12.02.2026,https://baniola.tn/details/26855/hyundai-i10-2021-110000-km.html
Chery A3 2019 138000 Km,25000 DT,Chery,,,,,,,125.0,Traction,Berline,,,Tunis,,,,5.0,4.0,1597.0,,12.02.2026,https://baniola.tn/details/26853/chery-a3-2019-138000-km.html
Seat Inca 2000 55000 Km,13000 DT,Seat,,,,,,,64.0,Traction,Utilitaire,,,Manouba,,,,2.0,2.0,1270.0,,08.02.2026,https://baniola.tn/details/26789/seat-inca-2000-550000-km.html
Renault Clio 2000 375000 Km,16000 DT,Renault,,,,,,,75.0,Traction,Compacte,,,Ben Arous,,,,5.0,5.0,1149.0,,11.02.2026,https://baniola.tn/details/26851/renault-clio-2000-375000-km.html
Toyota Land Cruiser 2022 37000 Km,120000 DT,Toyota,,,,,,,231.0,Intégrale,SUV,,,Nabeul,,,,7.0,5.0,3181.0,,11.02.2026,https://baniola.tn/details/26847/toyota-land-cruiser-2022-37000-km.html
Volkswagen Golf Viii 1. 4 Ehybrid,95000 DT,Volkswagen,,,,,,,204.0,Traction,Compacte,,,Mahdia,,,,5.0,5.0,1395.0,,11.02.2026,https://baniola.tn/details/26846/volkswagen-golf-viii-1-4-ehybrid.html
Volkswagen Golf 5,30000 DT,Volkswagen,,,,,,,105.0,Traction,Compacte,,,,,,,5.0,5.0,1600.0,,31.01.2026,https://baniola.tn/details/26638/volkswagen-golf-5.html
Dongfeng S50 2020 14000 Km,42000 DT,Dongfeng,,,,,,,125.0,Traction,Berline,,,Ben Arous,,,,5.0,4.0,1600.0,,11.02.2026,https://baniola.tn/details/26837/dongfeng-s50-2020-140000-km.html
Ssangyong Autres 2017 45000 Km,38000 DT,Ssangyong,,,,,,,175.0,Intégrale,SUV,,,Tunis,,,,7.0,5.0,2000.0,,11.02.2026,https://baniola.tn/details/26838/ssangyong-autres-2017-450000-km.html
Peugeot Partner 2021 94000 Km,53000 DT,Peugeot,,,,,,,120.0,Traction,Utilitaire,,,Medenine,,,,5.0,5.0,1600.0,,02.02.2026,https://baniola.tn/details/26666/peugeot-partner-2021-94000-km.html
Suzuki Celerio 2024 18500 Km,45000 DT,Suzuki,,,,,,,68.0,Traction,Citadine,,,Ariana,,,,5.0,4.0,998.0,,10.02.2026,https://baniola.tn/details/26830/suzuki-celerio-2024-18500-km.html
Audi Q5 2019 86000 Km,59000 DT,Audi,,,,,,,190.0,Intégrale,SUV,,,Tunis,,,,5.0,5.0,1984.0,,10.02.2026,https://baniola.tn/details/26831/audi-q5-2019-86000-km.html
Land Rover Discovery Sport 2017 12000 Km,92000 DT,Land rover,,,,,,,180.0,Intégrale,SUV,,,Tunis,,,,5.0,5.0,1999.0,,10.02.2026,https://baniola.tn/details/26832/land-rover-discovery-sport-2017-120000-km.html
Kia Xceeed 2022 82000 Km,97000 DT,Kia,,,,,,,118.0,Traction,Compacte,,,,,,,5.0,5.0,1600.0,,11.02.2026,https://baniola.tn/details/26834/kia-xceeed-2022-82000-km.html
Peugeot Partner 2012 3000 Km,27000 DT,Peugeot,,,,,,,90.0,Traction,Utilitaire,,,Siliana,,,,2.0,5.0,1600.0,,09.02.2026,https://baniola.tn/details/26810/peugeot-partner-2012-300000-km.html
Mercedes Classe E200 Cgi,49000 DT,Mercedes,,,,,,,184.0,Traction,Berline,,,Nabeul,,,,5.0,4.0,1796.0,,10.02.2026,https://baniola.tn/details/26824/mercedes-classe-e200-cgi.html
Audi Q3 2017 145000 Km,78000 DT,Audi,,,,,,,150.0,Traction,SUV,,,Ariana,,,,5.0,5.0,1600.0,,10.02.2026,https://baniola.tn/details/26822/audi-q3-2017-145000-km.html
Kia Picanto 2019 97000 Km,34200 DT,Kia,,,,,,,67.0,Traction,Citadine,,,Tunis,,,,5.0,5.0,1248.0,,10.02.2026,https://baniola.tn/details/26820/kia-picanto-2019-97000-km.html
Opel Antara 2007 28000 Km,25000 DT,Opel,,,,,,,140.0,Traction,SUV,,,Monastir,,,,5.0,5.0,2400.0,,09.02.2026,https://baniola.tn/details/26816/opel-antara-2007-280000-km.html
Mitsubishi Space Star 2024 48000 Km,42000 DT,Mitsubishi,,,,,,,75.0,Traction,Compacte,,,Kasserine,,,,5.0,5.0,1200.0,,10.02.2026,https://baniola.tn/details/26819/mitsubishi-space-star-2024-48000-km.html
Peugeot 206 Année 2008 119000 Km,20000 DT,Peugeot,,,,,,,90.0,Traction,Compacte,,,Sfax,,,,5.0,5.0,1587.0,,10.02.2026,https://baniola.tn/details/26818/peugeot-206-année-2008-119000-km.html
Volkswagen Golf 1992 500 Km,11200 DT,Volkswagen,,,,,,,115.0,Traction,Compacte,,,Tunis,,,,5.0,3.0,1781.0,,09.02.2026,https://baniola.tn/details/26813/volkswagen-golf-1992-500-km.html
Dacia Duster 2013 197000 Km,45000 DT,Dacia,,,,,,,105.0,Traction,SUV,,,Tunis,,,,5.0,5.0,1461.0,,09.02.2026,https://baniola.tn/details/26808/dacia-duster-2013-197000-km.html
Chery Tiggo 7 Pro 2024 24800 Km,80000 DT,Chery,,,,,,,190.0,Traction,SUV,,,Sousse,,,,5.0,5.0,1498.0,,09.02.2026,https://baniola.tn/details/26812/chery-tiggo-7-pro-2024-24800-km.html
Fiat Fiorino 2023 125 Km,21000 DT,Fiat,,,,,,,80.0,Traction,Utilitaire,,,Sousse,,,,2.0,2.0,1200.0,,09.02.2026,https://baniola.tn/details/26807/fiat-fiorino-2023-125-km.html
Nissan Juke 2015 222 Km,63000 DT,Nissan,,,,,,,117.0,Traction,SUV,,,Sousse,,,,5.0,5.0,1598.0,,09.02.2026,https://baniola.tn/details/26809/nissan-juke-2015-222222-km.html
Peugeot 3008 Diesel 2010,115000 DT,Peugeot,,,,,,,110.0,Traction,SUV,,,Sousse,,,,5.0,5.0,1997.0,,12.10.2025,https://baniola.tn/details/24588/peugeot-3008-diesel-2010.html
"Peugeot 104 Forsa. , . , . Aaa",4900 DT,Peugeot,,,,,,,60.0,Traction,Citadine,,,Sidi Bouzid,,,,5.0,4.0,954.0,,06.02.2026,https://baniola.tn/details/26751/peugeot-104-forsa-aaaaa.html
Renault Kangoo 2008 21000 Km,30000 DT,Renault,,,,,,,70.0,Traction,Utilitaire,,,Nabeul,,,,2.0,4.0,1200.0,,09.02.2026,https://baniola.tn/details/26805/renault-kangoo-2008-210000-km.html
Suzuki Celerio 2021 47000 Km,33500 DT,Suzuki,,,,,,,68.0,Traction,Citadine,,,Sousse,,,,5.0,4.0,998.0,,04.02.2026,https://baniola.tn/details/26711/suzuki-celerio-2021-47000-km.html
Jeep Cherokee 2015 215000 Km,65000 DT,Jeep,,,,,,,170.0,Intégrale,SUV,,,Jendouba,,,,5.0,4.0,2700.0,,09.02.2026,https://baniola.tn/details/26804/jeep-cherokee-2015-215000-km.html
Hyundai Tucson 2020 133000 Km,84000 DT,Hyundai,,,,,,,170.0,Traction,SUV,,,Nabeul,,,,5.0,5.0,1600.0,,08.02.2026,https://baniola.tn/details/26793/hyundai-tucson-2020-133000-km.html
Mg Mg 5 2025 0 Km,53000 DT,MG,,,,,,,120.0,Traction,Berline,,,Tunis,,,,5.0,4.0,1500.0,,09.02.2026,https://baniola.tn/details/26801/mg-mg-5-2025-0-km.html
Seat Ibiza Fr 2012 270 Km,24000 DT,Seat,,,,,,,105.0,Traction,Compacte,,,Tunis,,,,5.0,5.0,1197.0,,08.02.2026,https://baniola.tn/details/26796/seat-ibiza-fr-2012-270-km.html
Hyundai Grand I10,22000 DT,Hyundai,,,,,,,88.0,Traction,Compacte,,,Tunis,,,,5.0,5.0,1200.0,,09.02.2026,https://baniola.tn/details/26797/hyundai-grand-i10.html
Renault Clio 2015 179000 Km,34500 DT,Renault,,,,,,,75.0,Traction,Compacte,,,Sfax,,,,5.0,5.0,1200.0,,08.02.2026,https://baniola.tn/details/26795/renault-clio-2015-179000-km.html
Citroën Berlingo 2003 49000 Km,15000 DT,Citroen,,,,,,,75.0,Traction,Utilitaire,,,Ariana,,,,5.0,5.0,1580.0,,08.02.2026,https://baniola.tn/details/26786/citroen-berlingo-2003-490000-km.html
Peugeot Partner 2010 430 Km,27000 DT,Peugeot,,,,,,,75.0,Traction,Utilitaire,,,Tunis,,,,2.0,5.0,1600.0,,08.02.2026,https://baniola.tn/details/26791/peugeot-partner-2010-430-km.html
Volkswagen Golf 6 2010 312000 Km,36000 DT,Volkswagen,,,,,,,105.0,Traction,Compacte,,,Tunis,,,,5.0,5.0,1600.0,,08.02.2026,https://baniola.tn/details/26788/volkswagen-golf-6-2010-312000-km.html
Volkswagen Caddy 2020 175000 Km,54 DT,Volkswagen,,,,,,,102.0,Traction,Utilitaire,,,Ariana,,,,5.0,5.0,1600.0,,08.02.2026,https://baniola.tn/details/26790/volkswagen-caddy-2020-175000-km.html
Ford Fiesta 2007 168600 Km,18000 DT,Ford,,,,,,,60.0,Traction,Citadine,,,Ariana,,,,5.0,5.0,1400.0,,08.02.2026,https://baniola.tn/details/26787/ford-fiesta-2007-168600-km.html
Renault Symbol 2010 تسجيل أول,31000 DT,Renault,,,,,,,75.0,Traction,Berline,,,Mahdia,,,,5.0,4.0,1598.0,,08.02.2026,https://baniola.tn/details/26784/renault-symbol-2010-تسجيل-أول.html
Kia Rio Peinture D’origine 1Ere Main,36000 DT,Kia,,,,,,,85.0,Traction,Citadine,,,Sousse,,,,5.0,5.0,1400.0,,04.01.2026,https://baniola.tn/details/26031/kia-rio-peinture-d-origine-1ere-main.html
Citroën Nemo 2017 193000 Km,19000 DT,Citroen,,,,,,,75.0,Traction,Utilitaire,,,Manouba,,,,2.0,2.0,1600.0,,08.02.2026,https://baniola.tn/details/26782/citroen-nemo-2017-193000-km.html
Mercedes Classe a 2014 128500 Km,54000 DT,Mercedes,,,,,,,115.0,Traction,Compacte,,,Medenine,,,,5.0,5.0,1595.0,,06.12.2025,https://baniola.tn/details/25426/mercedes-classe-a-2014-128500-km.html
Audi A4 2003 400 Km,24500 DT,Audi,,,,,,,130.0,Traction,Berline,,,Gafsa,,,,5.0,4.0,1896.0,,07.02.2026,https://baniola.tn/details/26777/audi-a4-2003-400-km.html
Hyundai I10 2020 115000 Km,36500 DT,Hyundai,,,,,,,67.0,Traction,Citadine,,,,,,,5.0,5.0,1197.0,,07.02.2026,https://baniola.tn/details/26773/hyundai-i10-2020-115000-km.html
Renault Kwid 2023 7000 Km,32000 DT,Renault,,,,,,,68.0,Traction,SUV,,,Ariana,,,,5.0,5.0,999.0,,07.02.2026,https://baniola.tn/details/26775/renault-kwid-2023-70000-km.html
Chery Qq 2016 77000 Km,22000 DT,Chery,,,,,,,60.0,Traction,Citadine,,,Tunis,,,,4.0,4.0,812.0,,07.02.2026,https://baniola.tn/details/26774/chery-qq-2016-77000-km.html
Ford Fiesta 2005 296. 000 Km,16500 DT,Ford,,,,,,,60.0,Traction,Citadine,,,Tunis,,,,5.0,3.0,1242.0,,07.02.2026,https://baniola.tn/details/26776/ford-fiesta-2005-296-000-km.html
Hyundai I20 2014 224 Km,29000 DT,Hyundai,,,,,,,85.0,Traction,Compacte,,,Nabeul,,,,5.0,5.0,1248.0,,07.02.2026,https://baniola.tn/details/26772/hyundai-i20-2014-224-km.html
Hyundai I20 2019 15000 Km,36000 DT,Hyundai,,,,,,,85.0,Traction,Compacte,,,Tunis,,,,5.0,5.0,1200.0,,07.02.2026,https://baniola.tn/details/26771/hyundai-i20-2019-150000-km.html
Chery Tiggo 3X 1L Turbo Cvt Luxury 1Ére Main Transfert Do...,28000 DT,Chery,,,,,,,125.0,Traction,SUV,,,Tunis,,,,5.0,5.0,998.0,,26.01.2026,https://baniola.tn/details/26558/chery-tiggo-3x-1l-turbo-cvt-luxury-1ére-main-transfert-dossier-leasing.html
Peugeot 407 2007 32000 Km,24000 DT,Peugeot,,,,,,,140.0,Traction,Berline,,,Tunis,,,,5.0,4.0,1997.0,,06.02.2026,https://baniola.tn/details/26763/peugeot-407-2007-320000-km.html
Kia Stonic 2025 8400 Km,79000 DT,Kia,,,,,,,118.0,Traction,SUV,,,Nabeul,,,,5.0,5.0,1600.0,,07.02.2026,https://baniola.tn/details/26764/kia-stonic-2025-8400-km.html
Volkswagen Golf 2019 178 Km,69500 DT,Volkswagen,,,,,,,110.0,Traction,Compacte,,,Nabeul,,,,5.0,5.0,1400.0,,07.02.2026,https://baniola.tn/details/26765/volkswagen-golf-2019-178-km.html
Kia Picanto 2022 47000Km,40000 DT,Kia,,,,,,,84.0,Traction,Citadine,,,Tunis,,,,5.0,5.0,1248.0,,06.02.2026,https://baniola.tn/details/26762/kia-picanto-2022-47000km.html
Renault R19 1990 000 Km,6000 DT,Renault,,,,,,,60.0,Traction,Berline,,,Siliana,,,,5.0,4.0,1390.0,,05.02.2026,https://baniola.tn/details/26742/renault-r19-1990-00000-km.html
Mazda Mazda6 2014 107000 Km,39000 DT,Mazda,,,,,,,165.0,Traction,Berline,,,Monastir,,,,5.0,4.0,2488.0,,05.02.2026,https://baniola.tn/details/26745/mazda-mazda6-2014-1070000-km.html
Volkswagen Amarok Full Option,57000 DT,Volkswagen,,,,,,,180.0,Intégrale,Pick-up,,,Sfax,,,,5.0,4.0,3000.0,,06.02.2026,https://baniola.tn/details/26753/volkswagen-amarok-full-option.html
Citroën Berlingo Ii 2019 109000 Km,53000 DT,Citroen,,,,,,,90.0,Traction,Utilitaire,,,Sousse,,,,5.0,5.0,1560.0,,06.02.2026,https://baniola.tn/details/26755/citroen-berlingo-ii-2019-109000-km.html
Dongfeng S50 2020 14000 Km,42000 DT,Dongfeng,,,,,,,125.0,Traction,Berline,,,,,,,5.0,4.0,1600.0,,06.02.2026,https://baniola.tn/details/26756/dongfeng-s50-2020-140000-km.html
Peugeot 106 1999 320896 Km,9500 DT,Peugeot,,,,,,,60.0,Traction,Compacte,,,Ben Arous,,,,5.0,3.0,1124.0,,06.02.2026,https://baniola.tn/details/26758/peugeot-106-1999-320896-km.html
Opel Corsa Swing,12800 DT,Opel,,,,,,,70.0,Traction,Citadine,,,Tunis,,,,5.0,3.0,1200.0,,06.02.2026,https://baniola.tn/details/26759/opel-corsa-swing.html
Mazda Mazda6 2014 17000 Km,40000 DT,Mazda,,,,,,,145.0,Traction,Berline,,,Monastir,,,,5.0,4.0,2191.0,,05.02.2026,https://baniola.tn/details/26746/mazda-mazda6-2014-17000000-km.html
Opel Grandland X 2020 115000 Km,82000 DT,Opel,,,,,,,130.0,Traction,SUV,,,Beja,,,,5.0,5.0,1600.0,,06.02.2026,https://baniola.tn/details/26752/opel-grandland-x-2020-115000-km.html
Bmw 316 2007 338000 Km,33500 DT,Bmw,,,,,,,122.0,Propulsion,Berline,,,Ariana,,,,5.0,4.0,1596.0,,06.02.2026,https://baniola.tn/details/26749/bmw-316-2007-338000-km.html
Seat Arona 2019 27000 Km,65000 DT,Seat,,,,,,,115.0,Traction,SUV,,,Sousse,,,,5.0,5.0,1000.0,,05.02.2026,https://baniola.tn/details/26743/seat-arona-2019-270000-km.html
Nissan X-Trail 2005 253000 Km,30000 DT,Nissan,,,,,,,136.0,Traction,SUV,,,Tunis,,,,5.0,5.0,1995.0,,05.02.2026,https://baniola.tn/details/26737/nissan-x-trail-2005-253000-km.html
Kia Rio Sx 21500 Km,56000 DT,Kia,,,,,,,85.0,Traction,Compacte,,,Sfax,,,,5.0,5.0,1400.0,,05.02.2026,https://baniola.tn/details/26740/kia-rio-sx-21500-km.html
Peugeot Bipper 2009 538779 Km,20000 DT,Peugeot,,,,,,,75.0,Traction,Utilitaire,,,Gafsa,,,,2.0,2.0,1600.0,,05.02.2026,https://baniola.tn/details/26733/peugeot-bipper-2009-538779-km.html
Peugeot 106 1992 3000 Km,11000 DT,Peugeot,,,,,,,55.0,Traction,Citadine,,,Zaghouan,,,,5.0,3.0,1124.0,,05.02.2026,https://baniola.tn/details/26738/peugeot-106-1992-300000-km.html
Volkswagen T-Roc 2019 14000 Km,70000 DT,Volkswagen,,,,,,,115.0,Traction,SUV,,,Tunis,,,,5.0,5.0,1498.0,,05.02.2026,https://baniola.tn/details/26736/volkswagen-t-roc-2019-140000-km.html
Peugeot Partner 2024 58500 Km,31000 DT,Peugeot,,,,,,,120.0,Traction,Utilitaire,,,,,,,5.0,5.0,1600.0,,04.02.2026,https://baniola.tn/details/26723/peugeot-partner-2024-58500-km.html
Peugeot Bipper 2009 538779 Km,20000 DT,Peugeot,,,,,,,75.0,Traction,Utilitaire,,,Gafsa,,,,2.0,2.0,1600.0,,05.02.2026,https://baniola.tn/details/26732/peugeot-bipper-2009-538779-km.html
Volkswagen Polo 3. 1. 4,11800 DT,Volkswagen,,,,,,,85.0,Traction,Compacte,,,Ben Arous,,,,5.0,5.0,1390.0,,05.02.2026,https://baniola.tn/details/26728/volkswagen-polo-3-1-4.html
Volkswagen T3,19000 DT,Volkswagen,,,,,,,70.0,Propulsion,Utilitaire,,,Nabeul,,,,9.0,4.0,2000.0,,05.02.2026,https://baniola.tn/details/26730/volkswagen-t3.html
Renault R5,7000 DT,Renault,,,,,,,45.0,Traction,Citadine,,,Nabeul,,,,4.0,3.0,782.0,,05.02.2026,https://baniola.tn/details/26731/renault-r5.html
Audi 80 1988 1000 Km,12 DT,Audi,,,,,,,75.0,Traction,Berline,,,Sfax,,,,5.0,4.0,1296.0,,05.02.2026,https://baniola.tn/details/26725/audi-80-1988-10000-km.html
Kia Sportage 2022 46000 Km,110000 DT,Kia,,,,,,,115.0,Traction,SUV,,,Tunis,,,,5.0,5.0,1600.0,,05.02.2026,https://baniola.tn/details/26726/kia-sportage-2022-46000-km.html
Volkswagen Golf 5 2006 46000 Km,27500 DT,Volkswagen,,,,,,,105.0,Traction,Compacte,,,Tunis,,,,5.0,5.0,1600.0,,04.02.2026,https://baniola.tn/details/26721/volkswagen-golf-5-2006-460000-km.html
Mega Autre 2004 75000 Km,18000 DT,Mega,,,,,,,90.0,Traction,Berline,,,Tunis,,,,5.0,4.0,1300.0,,04.02.2026,https://baniola.tn/details/26722/mega-autre-2004-75000-km.html
Mercedes C200,160000 DT,Mercedes,,,,,,,184.0,Traction,Berline,,,Monastir,,,,5.0,4.0,1991.0,,15.09.2025,https://baniola.tn/details/24348/mercedes-c200.html
Volkswagen Golf 5 2006 258. 000 Km,30000 DT,Volkswagen,,,,,,,105.0,Traction,Compacte,,,Sousse,,,,5.0,5.0,1600.0,,04.02.2026,https://baniola.tn/details/26716/volkswagen-golf-5-2006-258-000-km.html
Toyota Corolla 2002 214556 Km,21000 DT,Toyota,,,,,,,110.0,Traction,Berline,,,Ariana,,,,5.0,4.0,1598.0,,04.02.2026,https://baniola.tn/details/26717/toyota-corolla-2002-214556-km.html
Peugeot Expert 2007 88855 Km,15000 DT,Peugeot,,,,,,,120.0,Traction,Utilitaire,,,Zaghouan,,,,3.0,4.0,1997.0,,04.02.2026,https://baniola.tn/details/26715/peugeot-expert-2007-88855-km.html
Mahindra Scorpio 2014 4000 Km,22000 DT,Mahindra,,,,,,,120.0,Intégrale,SUV,,,Le Kef,,,,7.0,5.0,2179.0,,04.02.2026,https://baniola.tn/details/26708/mahindra-scorpio-2014-4000-km.html
Volkswagen Golf 6 2009 230 Km,32000 DT,Volkswagen,,,,,,,105.0,Traction,Compacte,,,Tunis,,,,5.0,5.0,1600.0,,04.02.2026,https://baniola.tn/details/26709/volkswagen-golf-6-2009-230-km.html
Fiat Palio 2 / 2003 / 32000 Km,15500 DT,Fiat,,,,,,,75.0,Traction,Berline,,,Tunis,,,,5.0,4.0,1242.0,,03.02.2026,https://baniola.tn/details/26699/fiat-palio-2-2003-320000-km.html
Isuzu Autre 2015 1000 Km,43000 DT,Isuzu,,,,,,,130.0,Intégrale,Pick-up,,,Monastir,,,,5.0,4.0,2999.0,,04.02.2026,https://baniola.tn/details/26707/isuzu-autre-2015-100000-km.html
Toyota Yaris 2018 191700 Km,37000 DT,Toyota,,,,,,,95.0,Traction,Compacte,,,Tunis,,,,5.0,5.0,1300.0,,03.02.2026,https://baniola.tn/details/26701/toyota-yaris-2018-191700-km.html
Dame Vends Magnifique Mg Zs Entretenue avec le Plus Grand...,59000 DT,MG,,,,,,,110.0,Traction,SUV,,,Tunis,,,,5.0,5.0,1500.0,,03.02.2026,https://baniola.tn/details/26702/dame-vends-magnifique-mg-zs-entretenue-avec-le-plus-grand-soin.html
Volkswagen Polo Sedan,38000 DT,Volkswagen,,,,,,,90.0,Traction,Berline,,,Le Kef,,,,5.0,4.0,1600.0,,03.02.2026,https://baniola.tn/details/26705/volkswagen-polo-sedan.html
Fiat 500 2018 98000 Km,40000 DT,Fiat,,,,,,,69.0,Traction,Citadine,,,Tunis,,,,4.0,3.0,999.0,,03.02.2026,https://baniola.tn/details/26700/fiat-500-2018-98000-km.html
Citroën C4 2006 29000 Km,18300 DT,Citroen,,,,,,,110.0,Traction,Berline,,,Tunis,,,,5.0,5.0,1587.0,,03.02.2026,https://baniola.tn/details/26697/citroen-c4-2006-290000-km.html
Opel Astra 2002 399000 Km,20000 DT,Opel,,,,,,,90.0,Traction,Berline,,,Gabes,,,,5.0,4.0,1598.0,,03.02.2026,https://baniola.tn/details/26690/opel-astra-2002-399000-km.html
Suzuki Dzire 2019 53531 Km,39990 DT,Suzuki,,,,,,,82.0,Traction,Berline,,,Tunis,,,,5.0,4.0,1197.0,,01.02.2026,https://baniola.tn/details/26645/suzuki-dzire-2019-53531-km.html
Toyota C-Hr 2019 219000 Km,72000 DT,Toyota,,,,,,,116.0,Traction,SUV,,,Monastir,,,,5.0,5.0,1798.0,,03.02.2026,https://baniola.tn/details/26681/toyota-c-hr-2019-219000-km.html
Citroën C3 2025 12000 Km,45000 DT,Citroen,,,,,,,82.0,Traction,Compacte,,,Nabeul,,,,5.0,5.0,1199.0,,03.02.2026,https://baniola.tn/details/26685/citroen-c3-2025-12000-km.html
Volkswagen Golf 2014 225. 000 Km,64000 DT,Volkswagen,,,,,,,105.0,Traction,Compacte,,,,,,,5.0,5.0,1600.0,,02.02.2026,https://baniola.tn/details/26677/volkswagen-golf-2014-225-000-km.html
Peugeot 106 Sketch 1996 3000 Km,13000 DT,Peugeot,,,,,,,60.0,Traction,Citadine,,,Tunis,,,,5.0,3.0,1124.0,,02.02.2026,https://baniola.tn/details/26676/peugeot-106-sketch-1996-300000-km.html
Kia Picanto 2019 97000 Km,34800 DT,Kia,,,,,,,67.0,Traction,Citadine,,,Tunis,,,,5.0,5.0,1248.0,,03.02.2026,https://baniola.tn/details/26683/kia-picanto-2019-97000-km.html
Fiat Punto 2010 163000 Km,22000 DT,Fiat,,,,,,,77.0,Traction,Compacte,,,Ben Arous,,,,5.0,5.0,1248.0,,03.02.2026,https://baniola.tn/details/26682/fiat-punto-2010-163000-km.html
Peugeot Expert 2007 15 Km,15000 DT,Peugeot,,,,,,,90.0,Traction,Utilitaire,,,Zaghouan,,,,3.0,4.0,1997.0,,02.02.2026,https://baniola.tn/details/26674/peugeot-expert-2007-15-km.html
Opel Astra 2004 243 Km,19500 DT,Opel,,,,,,,90.0,Traction,Berline,,,Tunis,,,,5.0,4.0,1400.0,,02.02.2026,https://baniola.tn/details/26675/opel-astra-2004-243-km.html
Dacia Dokker 2021 146000 Km,35000 DT,Dacia,,,,,,,75.0,Traction,Utilitaire,,,Sfax,,,,5.0,5.0,1461.0,,03.02.2026,https://baniola.tn/details/26679/dacia-dokker-2021-146000-km.html
Citroën C2 2008 200. 000 Km,20000 DT,Citroen,,,,,,,60.0,Traction,Compacte,,,Tunis,,,,5.0,3.0,1124.0,,01.02.2026,https://baniola.tn/details/26651/citroen-c2-2008-200-000-km.html
Volkswagen Golf 2023 32000 Km,100000 DT,Volkswagen,,,,,,,110.0,Traction,Compacte,,,Tunis,,,,5.0,5.0,1400.0,,02.02.2026,https://baniola.tn/details/26673/volkswagen-golf-2023-32000-km.html
Fiat Uno 1990 4000 Km,7000 DT,Fiat,,,,,,,45.0,Traction,Citadine,,,Mahdia,,,,5.0,3.0,1108.0,,02.02.2026,https://baniola.tn/details/26672/fiat-uno-1990-40000-km.html
Ford Fiesta 2005 180. 000 Km,19000 DT,Ford,,,,,,,95.0,Traction,Compacte,,,Sfax,,,,5.0,5.0,1600.0,,02.02.2026,https://baniola.tn/details/26670/ford-fiesta-2005-180-000-km.html
Citroën C15 1988 4000 Km,0 DT,Citroen,,,,,,,58.0,Traction,Utilitaire,,,Gabes,,,,2.0,2.0,1124.0,,02.02.2026,https://baniola.tn/details/26669/citroen-c15-1988-400000-km.html
Volkswagen Polo 4 2002 240 Km,14000 DT,Volkswagen,,,,,,,75.0,Traction,Compacte,,,Sfax,,,,5.0,3.0,1200.0,,01.02.2026,https://baniola.tn/details/26663/volkswagen-polo-4-2002-240-km.html
Citroën Berlingo 2016 239 Km,40000 DT,Citroen,,,,,,,90.0,Traction,Utilitaire,,,Kairouan,,,,5.0,5.0,1560.0,,01.02.2026,https://baniola.tn/details/26664/citroen-berlingo-2016-239-km.html
Ford Focus 2016 246000 Km,35000 DT,Ford,,,,,,,120.0,Traction,Compacte,,,Tunis,,,,5.0,5.0,1600.0,,01.02.2026,https://baniola.tn/details/26662/ford-focus-2016-246000-km.html
Volkswagen Polo Sedan,39000 DT,Volkswagen,,,,,,,90.0,Traction,Berline,,,Sousse,,,,5.0,4.0,1600.0,,01.02.2026,https://baniola.tn/details/26665/volkswagen-polo-sedan.html
Ford Mustang Electrique 2022,200000 DT,Ford,,,,,,,460.0,Propulsion,Coupé,,,Tunis,,,,4.0,2.0,,,17.08.2025,https://baniola.tn/details/23978/ford-mustang-electrique-2022.html
Citroën C15 1988 4000 Km,0 DT,Citroen,,,,,,,58.0,Traction,Utilitaire,,,Gabes,,,,2.0,2.0,1124.0,,01.02.2026,https://baniola.tn/details/26648/citroen-c15-1988-400000-km.html
Kia Rio Gtline,55000 DT,Kia,,,,,,,120.0,Traction,Compacte,,,Gabes,,,,5.0,5.0,1400.0,,01.02.2026,https://baniola.tn/details/26659/kia-rio-gtline.html
Audi A4 2014 176000 Km,0 DT,Audi,,,,,,,170.0,Traction,Berline,,,Gabes,,,,5.0,4.0,1984.0,,31.01.2026,https://baniola.tn/details/26634/audi-a4-2014-176000-km.html
Citroën C4 2026 222000 Km,21000 DT,Citroen,,,,,,,130.0,Traction,Berline,,,Kasserine,,,,5.0,4.0,1600.0,,01.02.2026,https://baniola.tn/details/26640/citroen-c4-2026-222000-km.html
Nissan Qashqai 2015 2000 Km,50000 DT,Nissan,,,,,,,115.0,Traction,SUV,,,Sousse,,,,5.0,5.0,1600.0,,01.02.2026,https://baniola.tn/details/26639/nissan-qashqai-2015-200000-km.html
Volkswagen Polo 2002 280 Km,17000 DT,Volkswagen,,,,,,,75.0,Traction,Compacte,,,Sfax,,,,5.0,3.0,1200.0,,01.02.2026,https://baniola.tn/details/26643/volkswagen-polo-2002-280-km.html
Peugeot Partner K9,41500 DT,Peugeot,,,,,,,90.0,Traction,Utilitaire,,,Zaghouan,,,,2.0,5.0,1600.0,,01.02.2026,https://baniola.tn/details/26655/peugeot-partner-k9.html
Kia Rio Gt Line 2021 82000 Km,60000 DT,Kia,,,,,,,120.0,Traction,Compacte,,,Sfax,,,,5.0,5.0,1400.0,,01.02.2026,https://baniola.tn/details/26646/kia-rio-gt-line-2021-82000-km.html
Nissan Juke 2013 147000 Km,28000 DT,Nissan,,,,,,,117.0,Traction,SUV,,,Tunis,,,,5.0,5.0,1598.0,,01.02.2026,https://baniola.tn/details/26647/nissan-juke-2013-147000-km.html
Volkswagen Tiguan 2020 6000 Km,75000 DT,Volkswagen,,,,,,,190.0,Traction,SUV,,,Bizerte,,,,5.0,5.0,1984.0,,01.02.2026,https://baniola.tn/details/26652/volkswagen-tiguan-2020-60000-km.html
Honda Cr-V 2002 359000 Km,27000 DT,Honda,,,,,,,150.0,Intégrale,SUV,,,Ariana,,,,5.0,5.0,1997.0,,01.02.2026,https://baniola.tn/details/26653/honda-cr-v-2002-359000-km.html
Polo 5 a Vendre,17 DT,Volkswagen,,,,,,,70.0,Traction,Compacte,,,Sfax,,,,5.0,5.0,1200.0,,01.02.2026,https://baniola.tn/details/26644/polo-5-a-vendre.html
Dacia Sandero Stepway 2013 192000 Km,37500 DT,Dacia,,,,,,,90.0,Traction,SUV,,,Sousse,,,,5.0,5.0,1200.0,,31.01.2026,https://baniola.tn/details/26636/dacia-sandero-stepway-2013-192000-km.html
Dongfeng Autre 2016 289000 Km,45000 DT,Dongfeng,,,,,,,120.0,Traction,Berline,,,Sfax,,,,5.0,4.0,1600.0,,31.01.2026,https://baniola.tn/details/26633/dongfeng-autre-2016-289000-km.html
Peugeot 305 1983 66000 Km,6200 DT,Peugeot,,,,,,,65.0,Traction,Berline,,,Beja,,,,5.0,4.0,1360.0,,31.01.2026,https://baniola.tn/details/26629/peugeot-305-1983-660000-km.html
Ford Focus 2015 17000 Km,36500 DT,Ford,,,,,,,125.0,Traction,Compacte,,,Sfax,,,,5.0,5.0,1600.0,,31.01.2026,https://baniola.tn/details/26631/ford-focus-2015-170000-km.html
Peugeot Partner 2021 29000 Km,1111 DT,Peugeot,,,,,,,130.0,Traction,Utilitaire,,,Sousse,,,,5.0,5.0,1600.0,,31.01.2026,https://baniola.tn/details/26628/peugeot-partner-2021-290000-km.html
Isuzu Autre 1992 39000 Km,26000 DT,Isuzu,,,,,,,100.0,Propulsion,Pick-up,,,Mahdia,,,,5.0,2.0,2800.0,,30.01.2026,https://baniola.tn/details/26624/isuzu-autre-1992-390000-km.html
Toyota Yaris 2017 11000 Km,380000 DT,Toyota,,,,,,,95.0,Traction,Citadine,,,Tunis,,,,5.0,5.0,1300.0,,31.01.2026,https://baniola.tn/details/26625/toyota-yaris-2017-110000-km.html
Kia Rio 2022 8000 Km,46000 DT,Kia,,,,,,,84.0,Traction,Compacte,,,Nabeul,,,,5.0,5.0,1400.0,,30.01.2026,https://baniola.tn/details/26622/kia-rio-2022-80000-km.html
Toyota Rav4 2018 10850 Km Bleu Azur,135000 DT,Toyota,,,,,,,147.0,Traction,SUV,,,Tunis,,,,5.0,5.0,2000.0,,30.01.2026,https://baniola.tn/details/26623/toyota-rav4-2018-10850-km-bleu-azur.html
Dacia Dokker 2017 2000 Km,28000 DT,Dacia,,,,,,,75.0,Traction,Utilitaire,,,Monastir,,,,5.0,5.0,1461.0,,30.01.2026,https://baniola.tn/details/26621/dacia-dokker-2017-200000-km.html
Citroën Ax,9000 DT,Citroen,,,,,,,60.0,Traction,Citadine,,,Monastir,,,,5.0,5.0,1124.0,,13.01.2026,https://baniola.tn/details/26223/citroen-ax.html
Isuzu D-Max Ii 2006 3000 Km,100000 DT,Isuzu,,,,,,,130.0,Intégrale,Pick-up,,,Ariana,,,,5.0,4.0,2999.0,,30.01.2026,https://baniola.tn/details/26615/isuzu-d-max-ii-2006-300000-km.html
Fiat Fiorino 2020 200. 000 Km,29500 DT,Fiat,,,,,,,80.0,Traction,Utilitaire,,,Mahdia,,,,2.0,2.0,1200.0,,30.01.2026,https://baniola.tn/details/26616/fiat-fiorino-2020-200-000-km.html
Peugeot 208 2013 143000 Km,25000 DT,Peugeot,,,,,,,95.0,Traction,Berline,,,Tunis,,,,5.0,5.0,1600.0,,30.01.2026,https://baniola.tn/details/26617/peugeot-208-2013-143000-km.html
Dacia Duster 2013 14000 Km,33000 DT,Dacia,,,,,,,105.0,Traction,SUV,,,Tunis,,,,5.0,5.0,1461.0,,30.01.2026,https://baniola.tn/details/26612/dacia-duster-2013-140000-km.html
Renault Megane 2019 16000 Km,41800 DT,Renault,,,,,,,115.0,Traction,Berline,,,Ben Arous,,,,5.0,5.0,1600.0,,30.01.2026,https://baniola.tn/details/26613/renault-megane-2019-160000-km.html
Fiat Doblo 2016 13000 Km,16800 DT,Fiat,,,,,,,95.0,Traction,Utilitaire,,,Tunis,,,,5.0,5.0,1400.0,,30.01.2026,https://baniola.tn/details/26610/fiat-doblo-2016-130000-km.html
Kia Rio 2010 332000 Km,25000 DT,Kia,,,,,,,80.0,Traction,Citadine,,,Manouba,,,,5.0,5.0,1400.0,,30.01.2026,https://baniola.tn/details/26611/kia-rio-2010-332000-km.html
Ford Focus 2011 200 Km,22000 DT,Ford,,,,,,,105.0,Traction,Compacte,,,Bizerte,,,,5.0,5.0,1600.0,,29.01.2026,https://baniola.tn/details/26607/ford-focus-2011-200-km.html
Mitsubishi Pajero Pinin 2013 236000 Km,38000 DT,Mitsubishi,,,,,,,118.0,Intégrale,SUV,,,Nabeul,,,,5.0,5.0,1997.0,,30.01.2026,https://baniola.tn/details/26608/mitsubishi-pajero-pinin-2013-236000-km.html
Mercedes Classe C 2009 286 Km,48000 DT,Mercedes,,,,,,,184.0,Traction,Berline,,,Ben Arous,,,,5.0,4.0,1796.0,,30.01.2026,https://baniola.tn/details/26609/mercedes-classe-c-2009-286-km.html
Mg Mg 3 2021 205000 Km,37000 DT,MG,,,,,,,110.0,Traction,Compacte,,,Sousse,,,,5.0,4.0,1500.0,,29.01.2026,https://baniola.tn/details/26606/mg-mg-3-2021-205000-km.html
Renault Captur 2014 245600 Km,32000 DT,Renault,,,,,,,90.0,Traction,SUV,,,Monastir,,,,5.0,5.0,1197.0,,18.01.2026,https://baniola.tn/details/26354/renault-captur-2014-245600-km.html
Peugeot 508 2020 15000 Km,72000 DT,Peugeot,,,,,,,130.0,Traction,Berline,,,Mahdia,,,,5.0,4.0,1600.0,,29.01.2026,https://baniola.tn/details/26605/peugeot-508-2020-150000-km.html
Volkswagen Polo 2017 6000 Km,20000 DT,Volkswagen,,,,,,,90.0,Traction,Compacte,,,Ariana,,,,5.0,5.0,1197.0,,29.01.2026,https://baniola.tn/details/26603/volkswagen-polo-2017-600000-km.html
Hyundai I10 2018 170. 000 Km,31000 DT,Hyundai,,,,,,,87.0,Traction,Citadine,,,Sousse,,,,5.0,5.0,1197.0,,29.01.2026,https://baniola.tn/details/26604/hyundai-i10-2018-170-000-km.html
Renault Clio 2007 252 Km,18500 DT,Renault,,,,,,,75.0,Traction,Berline,,,Manouba,,,,5.0,5.0,1149.0,,29.01.2026,https://baniola.tn/details/26602/renault-clio-2007-252-km.html
Seat Leon 2023 65. 000 Km,80000 DT,Seat,,,,,,,115.0,Traction,Compacte,,,Nabeul,,,,5.0,5.0,1400.0,,27.01.2026,https://baniola.tn/details/26570/seat-leon-2023-65-000-km.html
Honda Brio Amaze 2018 2000 Km,40000 DT,Honda,,,,,,,90.0,Traction,Berline,,,Manouba,,,,5.0,4.0,1200.0,,29.01.2026,https://baniola.tn/details/26601/honda-brio-amaze-2018-200000-km.html
Polo 6 1. 2,16500 DT,Volkswagen,,,,,,,70.0,Traction,Compacte,,,Nabeul,,,,5.0,5.0,1198.0,,29.01.2026,https://baniola.tn/details/26598/polo-6-1-2.html
Citroën Jumpy 4 1. 6 Année 2017,44000 DT,Citroen,,,,,,,95.0,Traction,Utilitaire,,,Manouba,,,,5.0,5.0,1560.0,,27.01.2026,https://baniola.tn/details/26578/citroen-jumpy-4-1-6-année-2017.html
Toyota C-Hr 2020 99800 Km,72000 DT,Toyota,,,,,,,116.0,Traction,SUV,,,Tunis,,,,5.0,5.0,1798.0,,28.01.2026,https://baniola.tn/details/26593/toyota-c-hr-2020-99800-km.html
Ford Fiesta 1997 3000 Km,9000 DT,Ford,,,,,,,60.0,Traction,Citadine,,,Sousse,,,,5.0,3.0,1299.0,,28.01.2026,https://baniola.tn/details/26597/ford-fiesta-1997-300000-km.html
Mercedes Autres 2004 165000 Km,29500 DT,Mercedes,,,,,,,120.0,Traction,Berline,,,Ariana,,,,5.0,4.0,1800.0,,28.01.2026,https://baniola.tn/details/26596/mercedes-autres-2004-165000-km.html
Renault Scenic 2020 195000 Km ( Immatriculé Au Portugal),10 DT,Renault,,,,,,,115.0,Traction,Monospace,,,Tunis,,,,5.0,5.0,1600.0,,28.01.2026,https://baniola.tn/details/26589/renault-scenic-2020-195000-km-immatriculé-au-portugal.html
Škoda,43500 DT,Skoda,,,,,,,110.0,Traction,Berline,,,Tunis,,,,5.0,4.0,1600.0,,27.01.2026,https://baniola.tn/details/26568/skoda.html
Renault Captur 2015 164. 000 Km,47 DT,Renault,,,,,,,90.0,Traction,SUV,,,Sidi Bouzid,,,,5.0,5.0,1197.0,,28.01.2026,https://baniola.tn/details/26595/renault-captur-2015-164-000-km.html
Nissan Juke 2016 250 Km,63000 DT,Nissan,,,,,,,117.0,Traction,SUV,,,Sousse,,,,5.0,5.0,1197.0,,28.01.2026,https://baniola.tn/details/26594/nissan-juke-2016-250-km.html
Volkswagen Tiguan 2009 25000 Km,29900 DT,Volkswagen,,,,,,,140.0,Traction,SUV,,,,,,,5.0,5.0,1984.0,,28.01.2026,https://baniola.tn/details/26592/volkswagen-tiguan-2009-250000-km.html
Fiat Grande Punto 2006 294000 Km,18500 DT,Fiat,,,,,,,75.0,Traction,Compacte,,,Bizerte,,,,5.0,5.0,1200.0,,28.01.2026,https://baniola.tn/details/26591/fiat-grande-punto-2006-294000-km.html
Volkswagen Golf 1988 400 Km,6000 DT,Volkswagen,,,,,,,72.0,Traction,Compacte,,,Ben Arous,,,,5.0,3.0,1272.0,,28.01.2026,https://baniola.tn/details/26590/volkswagen-golf-1988-400-km.html
Volkswagen Polo 2017 180 Km,33000 DT,Volkswagen,,,,,,,70.0,Traction,Compacte,,,Gafsa,,,,5.0,5.0,1197.0,,28.01.2026,https://baniola.tn/details/26588/volkswagen-polo-2017-180-km.html
Fiat Grande Punto 2010 279000 Km,22000 DT,Fiat,,,,,,,75.0,Traction,Compacte,,,Nabeul,,,,5.0,5.0,1200.0,,27.01.2026,https://baniola.tn/details/26585/fiat-grande-punto-2010-279000-km.html
Nissan Navara Se Khalijiya? 2010 38000 Km,45000 DT,Nissan,,,,,,,170.0,Propulsion,Pick-up,,,Ben Arous,,,,5.0,4.0,2500.0,,22.01.2026,https://baniola.tn/details/26423/nissan-navara-se-khalijiya-2010-380000-km.html
Volkswagen T-Roc 2021 84000 Km,84000 DT,Volkswagen,,,,,,,110.0,Traction,SUV,,,Kairouan,,,,5.0,5.0,999.0,,27.01.2026,https://baniola.tn/details/26580/volkswagen-t-roc-2021-84000-km.html
Geely Gx3 2021 115000 Km,46000 DT,Geely,,,,,,,120.0,Traction,SUV,,,Tunis,,,,5.0,5.0,1500.0,,27.01.2026,https://baniola.tn/details/26581/geely-gx3-2021-115000-km.html
Isuzu D Max 2018 5000 Km,42000 DT,Isuzu,,,,,,,163.0,Intégrale,Pick-up,,,,,,,5.0,4.0,2999.0,,27.01.2026,https://baniola.tn/details/26583/isuzu-d-max-2018-500000-km.html
Mercedes Classe a Kit Amg 2022 9000 Km,105000 DT,Mercedes,,,,,,,190.0,Traction,Compacte,,,,,,,5.0,5.0,1332.0,,13.01.2026,https://baniola.tn/details/26215/mercedes-classe-a-kit-amg-2022-90000-km.html
Chery Tiggo 3X 2024 28000 Km,58000 DT,Chery,,,,,,,126.0,Traction,SUV,,,Ariana,,,,5.0,5.0,1598.0,,27.01.2026,https://baniola.tn/details/26579/chery-tiggo-3x-2024-28000-km.html
Fiat Grande Punto 2006 294000 Km,18500 DT,Fiat,,,,,,,75.0,Traction,Compacte,,,Bizerte,,,,5.0,5.0,1200.0,,27.01.2026,https://baniola.tn/details/26575/fiat-grande-punto-2006-294000-km.html
Mg Mg Gs 2017 128000 Km,50000 DT,MG,,,,,,,204.0,Traction,SUV,,,Sousse,,,,5.0,5.0,2300.0,,27.01.2026,https://baniola.tn/details/26577/mg-mg-gs-2017-128000-km.html
Peugeot Partner 2022 155000 Km,55800 DT,Peugeot,,,,,,,120.0,Traction,Utilitaire,,,Tunis,,,,5.0,5.0,1600.0,,27.01.2026,https://baniola.tn/details/26573/peugeot-partner-2022-155000-km.html
Opel Vectra 2001,17000 DT,Opel,,,,,,,100.0,Traction,Berline,,,Medenine,,,,5.0,4.0,1600.0,,27.01.2026,https://baniola.tn/details/26571/opel-vectra-2001.html
Renault Laguna 2004 3000 Km,16000 DT,Renault,,,,,,,110.0,Traction,Berline,,,Kebili,,,,5.0,4.0,1998.0,,27.01.2026,https://baniola.tn/details/26569/renault-laguna-2004-3000000-km.html
Renault Megane 2026,20000 DT,Renault,,,,,,,115.0,Traction,Berline,,,Ben Arous,,,,5.0,5.0,1600.0,,27.01.2026,https://baniola.tn/details/26567/renault-megane-2026.html
Kia Rio 2012 250 Km,32000 DT,Kia,,,,,,,87.0,Traction,Citadine,,,Tunis,,,,5.0,5.0,1400.0,,26.01.2026,https://baniola.tn/details/26563/kia-rio-2012-250-km.html
Volkswagen Tiguan 2015 124000 Km,74500 DT,Volkswagen,,,,,,,140.0,Traction,SUV,,,Gabes,,,,5.0,5.0,1984.0,,26.01.2026,https://baniola.tn/details/26562/volkswagen-tiguan-2015-124000-km.html
Mg Mg Zs 2018 133000 Km,45000 DT,MG,,,,,,,110.0,Traction,SUV,,,Nabeul,,,,5.0,5.0,1500.0,,26.01.2026,https://baniola.tn/details/26560/mg-mg-zs-2018-133000-km.html
Peugeot 208 2022 145 Km,32500 DT,Peugeot,,,,,,,82.0,Traction,Compacte,,,Mahdia,,,,5.0,5.0,1199.0,,26.01.2026,https://baniola.tn/details/26559/peugeot-208-2022-145-km.html
Cupra Cupra Formentor 2023 77000 Km,135000 DT,CUPRA,,,,,,,190.0,Traction,SUV,,,Sidi Bouzid,,,,5.0,5.0,1498.0,,26.01.2026,https://baniola.tn/details/26561/cupra-cupra-formentor-2023-77000-km.html
Chevrolet Groove 2024 4000 Km,400000 DT,Chevrolet,,,,,,,120.0,Traction,SUV,,,Gabes,,,,5.0,5.0,1400.0,,26.01.2026,https://baniola.tn/details/26556/chevrolet-groove-2024-400000-km.html
Kia Rio 2012 200 Km,33000 DT,Kia,,,,,,,87.0,Traction,Citadine,,,Gabes,,,,5.0,5.0,1400.0,,26.01.2026,https://baniola.tn/details/26557/kia-rio-2012-200-km.html
2020 Peugeot Expert 165000 Km 1Ere Main Entretien Maison ...,49900 DT,Peugeot,,,,,,,120.0,Traction,Utilitaire,,,Ariana,,,,3.0,4.0,1997.0,,26.01.2026,https://baniola.tn/details/26552/2020-peugeot-expert-165000-km-1ere-main-entretien-maison-tel-22801802.html
Mercedes Classe E 2014 19000 Km,90000 DT,Mercedes,,,,,,,184.0,Traction,Berline,,,Tunis,,,,5.0,4.0,2143.0,,26.01.2026,https://baniola.tn/details/26554/mercedes-classe-e-2014-190000-km.html
2018 Renault Clio 55000 Km Entretien Maison Peinture D&Am...,43900 DT,Renault,,,,,,,90.0,Traction,Compacte,,,Ariana,,,,5.0,5.0,1200.0,,26.01.2026,https://baniola.tn/details/26548/2018-renault-clio-55000-km-entretien-maison-peinture-d-amp-amp-039-origine-1ere-8230.html
Citroën Berlingo 2020 165000 Km,55 DT,Citroen,,,,,,,120.0,Traction,Utilitaire,,,Zaghouan,,,,5.0,5.0,1560.0,,26.01.2026,https://baniola.tn/details/26544/citroen-berlingo-2020-165000-km.html
Mazda Cx-9 2020 168000 Km,84000 DT,Mazda,,,,,,,250.0,Intégrale,SUV,,,Tunis,,,,7.0,5.0,2389.0,,26.01.2026,https://baniola.tn/details/26545/mazda-cx-9-2020-168000-km.html
Peugeot Partner 2007 370 Km,18500 DT,Peugeot,,,,,,,90.0,Traction,Utilitaire,,,Ariana,,,,5.0,5.0,1600.0,,26.01.2026,https://baniola.tn/details/26541/peugeot-partner-2007-370-km.html
Renault Symbol 2017 56000 Km,39000 DT,Renault,,,,,,,75.0,Traction,Berline,,,Tunis,,,,5.0,4.0,1390.0,,26.01.2026,https://baniola.tn/details/26537/renault-symbol-2017-56000-km.html
Mercedes Classe E 2014 19000 Km,90000 DT,Mercedes,,,,,,,184.0,Traction,Berline,,,Tunis,,,,5.0,4.0,2143.0,,26.01.2026,https://baniola.tn/details/26539/mercedes-classe-e-2014-190000-km.html
Kia Rio 2015,33000 DT,Kia,,,,,,,87.0,Traction,Citadine,,,Tunis,,,,5.0,5.0,1400.0,,26.01.2026,https://baniola.tn/details/26540/kia-rio-2015.html
Mahindra Kuv 100 2018 87000 Km,26500 DT,Mahindra,,,,,,,85.0,Traction,SUV,,,Monastir,,,,5.0,5.0,1198.0,,25.01.2026,https://baniola.tn/details/26533/mahindra-kuv-100-2018-87000-km.html
Toyota Corolla 2024 15000 Km,85000 DT,Toyota,,,,,,,121.0,Traction,Berline,,,Kairouan,,,,5.0,4.0,1600.0,,25.01.2026,https://baniola.tn/details/26523/toyota-corolla-2024-15000-km.html
Kia Cerato 2016 22000 Km,35000 DT,Kia,,,,,,,130.0,Traction,Berline,,,Kebili,,,,5.0,4.0,1600.0,,25.01.2026,https://baniola.tn/details/26528/kia-cerato-2016-220000-km.html
Opel Kadett 1980 2000 Km,2500 DT,Opel,,,,,,,60.0,Traction,Berline,,,Mahdia,,,,5.0,4.0,1196.0,,25.01.2026,https://baniola.tn/details/26529/opel-kadett-1980-2000000-km.html
Isuzu D-Max Ii 2026 1800 Km,100000 DT,Isuzu,,,,,,,163.0,Intégrale,Pick-up,,,Jendouba,,,,5.0,4.0,2999.0,,25.01.2026,https://baniola.tn/details/26531/isuzu-d-max-ii-2026-1800-km.html
Peugeot 208 Année 2018 Kilométrage 137000 Km,29000 DT,Peugeot,,,,,,,115.0,Traction,Compacte,,,Manouba,,,,5.0,5.0,1600.0,,25.01.2026,https://baniola.tn/details/26530/peugeot-208-année-2018-kilométrage-137000-km.html
Peugeot Partner 2004 239000 Km,26000 DT,Peugeot,,,,,,,75.0,Traction,Utilitaire,,,Gafsa,,,,5.0,5.0,1587.0,,25.01.2026,https://baniola.tn/details/26526/peugeot-partner-2004-239000-km.html
Peugeot 206 2012 192 Km,23800 DT,Peugeot,,,,,,,90.0,Traction,Compacte,,,Ben Arous,,,,5.0,5.0,1360.0,,25.01.2026,https://baniola.tn/details/26524/peugeot-206-2012-192-km.html
Kia Rio 2019 Prestige,52500 DT,Kia,,,,,,,84.0,Traction,Compacte,,,Mahdia,,,,5.0,5.0,1400.0,,25.01.2026,https://baniola.tn/details/26525/kia-rio-2019-prestige.html
Citroën C3 2017 147 Km,30000 DT,Citroen,,,,,,,82.0,Traction,Compacte,,,Sousse,,,,5.0,5.0,1199.0,,25.01.2026,https://baniola.tn/details/26522/citroen-c3-2017-147-km.html
Deux Mini Bus Toyota a Vendre,86000 DT,Toyota,,,,,,,102.0,Traction,Minibus,,,Sousse,,,,9.0,4.0,2400.0,,25.01.2026,https://baniola.tn/details/26519/deux-mini-bus-toyota-a-vendre.html
Jeep Renegade 2020 67000 Km,68000 DT,Jeep,,,,,,,180.0,Intégrale,SUV,,,Ben Arous,,,,5.0,5.0,1600.0,,25.01.2026,https://baniola.tn/details/26518/jeep-renegade-2020-67000-km.html
Chevrolet Cruze 2018 180 Km,31000 DT,Chevrolet,,,,,,,140.0,Traction,Berline,,,Manouba,,,,5.0,4.0,1600.0,,25.01.2026,https://baniola.tn/details/26516/chevrolet-cruze-2018-180-km.html
Fiat Palio Weekend 2006 255000 Km,16500 DT,Fiat,,,,,,,75.0,Traction,Break,,,Sfax,,,,5.0,5.0,1242.0,,25.01.2026,https://baniola.tn/details/26517/fiat-palio-weekend-2006-255000-km.html
Renault Clio 2019 149700 Km,39000 DT,Renault,,,,,,,90.0,Traction,Compacte,,,Nabeul,,,,5.0,5.0,1200.0,,25.01.2026,https://baniola.tn/details/26514/renault-clio-2019-149700-km.html
Isuzu D Max 2025 1800 Km,1000000 DT,Isuzu,,,,,,,150.0,Intégrale,Pick-up,,,Jendouba,,,,5.0,4.0,2999.0,,25.01.2026,https://baniola.tn/details/26502/isuzu-d-max-2025-1800-km.html
Volkswagen Caddy 2. 0L 2021 Fin Série 29000717,54000 DT,Volkswagen,,,,,,,140.0,Traction,Utilitaire,,,,,,,5.0,4.0,2000.0,,25.01.2026,https://baniola.tn/details/26500/volkswagen-caddy-2-0l-2021-fin-série-29000717.html
Volkswagen Polo 2001 0 Km,6000 DT,Volkswagen,,,,,,,75.0,Traction,Compacte,,,Sousse,,,,5.0,3.0,1200.0,,25.01.2026,https://baniola.tn/details/26497/volkswagen-polo-2001-0-km.html
Ford Focus C-Max 2017 166000 Km,35000 DT,Ford,,,,,,,115.0,Traction,Monospace,,,Nabeul,,,,5.0,5.0,1600.0,,25.01.2026,https://baniola.tn/details/26504/ford-focus-c-max-2017-166000-km.html
Geely Gk-Gs 2020 430 Km,27000 DT,Geely,,,,,,,125.0,Traction,Berline,,,Siliana,,,,5.0,4.0,1600.0,,25.01.2026,https://baniola.tn/details/26501/geely-gk-gs-2020-430-km.html
Citroën Berlingo 2003 000 Km,19000 DT,Citroen,,,,,,,75.0,Traction,Utilitaire,,,Sidi Bouzid,,,,5.0,5.0,1580.0,,25.01.2026,https://baniola.tn/details/26496/citroen-berlingo-2003-0000-km.html
Hyundai Tucson 2022 49500 Km,95000 DT,Hyundai,,,,,,,170.0,Traction,SUV,,,Ben Arous,,,,5.0,5.0,1600.0,,25.01.2026,https://baniola.tn/details/26492/hyundai-tucson-2022-49500-km.html
Fiat Palio Weekend 2004 287 Km,10000 DT,Fiat,,,,,,,75.0,Traction,Break,,,Manouba,,,,5.0,5.0,1242.0,,25.01.2026,https://baniola.tn/details/26498/fiat-palio-weekend-2004-287-km.html
Renault Symbol 2012 260 Km,24500 DT,Renault,,,,,,,75.0,Traction,Berline,,,Jendouba,,,,5.0,4.0,1390.0,,25.01.2026,https://baniola.tn/details/26512/renault-symbol-2012-260-km.html
Nissan Navara 2010 1000 Km,40000 DT,Nissan,,,,,,,170.0,Intégrale,Pick-up,,,Ariana,,,,5.0,4.0,2500.0,,25.01.2026,https://baniola.tn/details/26503/nissan-navara-2010-100000-km.html
Tata Tata Xenon X2 Double Cabine 2019 192000 Km,32000 DT,Tata,,,,,,,115.0,Propulsion,Pick-up,,,Le Kef,,,,5.0,4.0,2956.0,,25.01.2026,https://baniola.tn/details/26507/tata-tata-xenon-x2-double-cabine-2019-192000-km.html
Citroën Berlingo 2018 192. 000 Km,25000 DT,Citroen,,,,,,,90.0,Traction,Utilitaire,,,Zaghouan,,,,5.0,5.0,1560.0,,25.01.2026,https://baniola.tn/details/26506/citroen-berlingo-2018-192-000-km.html
Chevrolet Aveo 2011 24400 Km,24400 DT,Chevrolet,,,,,,,84.0,Traction,Berline,,,Tunis,,,,5.0,4.0,1399.0,,25.01.2026,https://baniola.tn/details/26508/chevrolet-aveo-2011-24400-km.html
Mazda Mazda2 2017 90. 000 Km,52000 DT,Mazda,,,,,,,90.0,Traction,Compacte,,,Nabeul,,,,5.0,5.0,1200.0,,25.01.2026,https://baniola.tn/details/26509/mazda-mazda2-2017-90-000-km.html
Isuzu Autre 2011 5000 Km,36000 DT,Isuzu,,,,,,,130.0,Intégrale,Pick-up,,,Jendouba,,,,5.0,4.0,2999.0,,25.01.2026,https://baniola.tn/details/26511/isuzu-autre-2011-500000-km.html
Volkswagen Golf 2021 117 Km,77000 DT,Volkswagen,,,,,,,110.0,Traction,Compacte,,,Siliana,,,,5.0,5.0,1400.0,,25.01.2026,https://baniola.tn/details/26499/volkswagen-golf-2021-117-km.html
Citroën C5 Aircross 2020 19000 Km,65000 DT,Citroen,,,,,,,130.0,Traction,SUV,,,Sousse,,,,5.0,5.0,1600.0,,25.01.2026,https://baniola.tn/details/26486/citroen-c5-aircross-2020-190000-km.html
Isuzu D Max 2026 1400 Km,114000 DT,Isuzu,,,,,,,150.0,Intégrale,Pick-up,,,Kairouan,,,,5.0,4.0,2999.0,,25.01.2026,https://baniola.tn/details/26489/isuzu-d-max-2026-1400-km.html
Fiat Fiorino 2018 170 Km,28000 DT,Fiat,,,,,,,75.0,Traction,Utilitaire,,,,,,,2.0,2.0,1200.0,,25.01.2026,https://baniola.tn/details/26485/fiat-fiorino-2018-170-km.html
Peugeot Autres 1965. 01 Km,10000 DT,Peugeot,,,,,,,50.0,Traction,Berline,,,,,,,4.0,4.0,1130.0,,25.01.2026,https://baniola.tn/details/26495/peugeot-autres-1965-01-km.html
Nissan Juke 2021 119000 Km,75000 DT,Nissan,,,,,,,115.0,Traction,SUV,,,Monastir,,,,5.0,5.0,1197.0,,25.01.2026,https://baniola.tn/details/26490/nissan-juke-2021-119000-km.html
Kia Rio 2020 169000 Km,40500 DT,Kia,,,,,,,84.0,Traction,Citadine,,,,,,,5.0,5.0,1400.0,,25.01.2026,https://baniola.tn/details/26494/kia-rio-2020-169000-km.html
Peugeot 106 1995 1 Km,12000 DT,Peugeot,,,,,,,45.0,Traction,Compacte,,,Nabeul,,,,5.0,3.0,1124.0,,25.01.2026,https://baniola.tn/details/26487/peugeot-106-1995-1-km.html
Renault Clio 2010 28500 Km,28500 DT,Renault,,,,,,,75.0,Traction,Berline,,,Siliana,,,,5.0,5.0,1149.0,,24.01.2026,https://baniola.tn/details/26484/renault-clio-2010-28500-km.html
Seat Ibiza 2004 26000 Km,40000 DT,Seat,,,,,,,75.0,Traction,Compacte,,,Beja,,,,5.0,3.0,1400.0,,25.01.2026,https://baniola.tn/details/26491/seat-ibiza-2004-260000-km.html
Toyota Rav4 2023 129000 Km,135000 DT,Toyota,,,,,,,203.0,Intégrale,SUV,,,Bizerte,,,,5.0,5.0,1987.0,,24.01.2026,https://baniola.tn/details/26482/toyota-rav4-2023-129000-km.html
Volkswagen Polo 2013 236800 Km,29500 DT,Volkswagen,,,,,,,85.0,Traction,Compacte,,,Ariana,,,,5.0,5.0,1198.0,,24.01.2026,https://baniola.tn/details/26483/volkswagen-polo-2013-236800-km.html
Citroën Berlingo 2006 3000 Km,16000 DT,Citroen,,,,,,,90.0,Traction,Utilitaire,,,Nabeul,,,,5.0,5.0,1587.0,,24.01.2026,https://baniola.tn/details/26477/citroen-berlingo-2006-300000-km.html
Kia Rio 2020 12000 Km,45000 DT,Kia,,,,,,,84.0,Traction,Compacte,,,Sousse,,,,5.0,5.0,1400.0,,24.01.2026,https://baniola.tn/details/26478/kia-rio-2020-120000-km.html
Renault Clio 2020 117000 Km,16000 DT,Renault,,,,,,,90.0,Traction,Compacte,,,Ariana,,,,5.0,5.0,1200.0,,24.01.2026,https://baniola.tn/details/26479/renault-clio-2020-117000-km.html
Renault Clio 2007 5000 Km,22500 DT,Renault,,,,,,,75.0,Traction,Compacte,,,Manouba,,,,5.0,3.0,1149.0,,24.01.2026,https://baniola.tn/details/26480/renault-clio-2007-500000-km.html
Isuzu D Max 2025 0 Km المهتم يتواصل على 96005024,90000 DT,Isuzu,,,,,,,150.0,Intégrale,Pick-up,,,Ben Arous,,,,5.0,4.0,2999.0,,24.01.2026,https://baniola.tn/details/26481/isuzu-d-max-2025-0-km-المهتم-يتواصل-على-96005024.html
Citroën Jumpy Ii,20000 DT,Citroen,,,,,,,120.0,Traction,Utilitaire,,,,,,,5.0,4.0,1997.0,,24.01.2026,https://baniola.tn/details/26475/citroen-jumpy-ii.html
Fiat Palio Weekend 2000 303000 Km,9000 DT,Fiat,,,,,,,75.0,Traction,Break,,,Medenine,,,,5.0,5.0,1242.0,,24.01.2026,https://baniola.tn/details/26476/fiat-palio-weekend-2000-303000-km.html
Kia Rio 2016 3000 Km,35700 DT,Kia,,,,,,,87.0,Traction,Citadine,,,Jendouba,,,,5.0,5.0,1400.0,,24.01.2026,https://baniola.tn/details/26473/kia-rio-2016-300000-km.html
Renault Clio Classique,23500 DT,Renault,,,,,,,75.0,Traction,Compacte,,,Manouba,,,,5.0,5.0,1149.0,,24.01.2026,https://baniola.tn/details/26474/renault-clio-classique.html
Citroën Berlingo 2004 45000 Km,25000 DT,Citroen,,,,,,,75.0,Traction,Utilitaire,,,Sousse,,,,5.0,5.0,1587.0,,24.01.2026,https://baniola.tn/details/26464/citroen-berlingo-2004-450000-km.html
Seat Leon 2018 15000 Km,54000 DT,Seat,,,,,,,115.0,Traction,Compacte,,,Bizerte,,,,5.0,5.0,1600.0,,24.01.2026,https://baniola.tn/details/26465/seat-leon-2018-150000-km.html
Volkswagen Golf 2010 328 Km,98225724 DT,Volkswagen,,,,,,,105.0,Traction,Compacte,,,Nabeul,,,,5.0,5.0,1600.0,,24.01.2026,https://baniola.tn/details/26466/volkswagen-golf-2010-328-km.html
Peugeot 206 2010 224000 Km,16800 DT,Peugeot,,,,,,,90.0,Traction,Berline,,,Manouba,,,,5.0,4.0,1360.0,,24.01.2026,https://baniola.tn/details/26470/peugeot-206-2010-224000-km.html
Mazda Mazda2 2017 227000 Km,35000 DT,Mazda,,,,,,,115.0,Traction,Compacte,,,Tunis,,,,5.0,5.0,1496.0,,24.01.2026,https://baniola.tn/details/26468/mazda-mazda2-2017-227000-km.html
Ford Fiesta 2012 180 Km,34000 DT,Ford,,,,,,,82.0,Traction,Citadine,,,Sousse,,,,5.0,5.0,1200.0,,24.01.2026,https://baniola.tn/details/26472/ford-fiesta-2012-180-km.html
Mercedes C 180 Amg Line,95000 DT,Mercedes,,,,,,,156.0,Traction,Berline,,,Sfax,,,,5.0,4.0,1597.0,,20.01.2026,https://baniola.tn/details/26396/mercedes-c-180-amg-line.html
Peugeot 2008 2021 14000 Km,61000 DT,Peugeot,,,,,,,130.0,Traction,SUV,,,Sfax,,,,5.0,5.0,1199.0,,24.01.2026,https://baniola.tn/details/26462/peugeot-2008-2021-140000-km.html
Dongfeng S50 2019 113000 Km,32500 DT,Dongfeng,,,,,,,125.0,Traction,Berline,,,Ariana,,,,5.0,4.0,1600.0,,24.01.2026,https://baniola.tn/details/26461/dongfeng-s50-2019-113000-km.html
Hyundai I10 2023 2000 Km,46000 DT,Hyundai,,,,,,,67.0,Traction,Citadine,,,Tunis,,,,5.0,5.0,998.0,,23.01.2026,https://baniola.tn/details/26456/hyundai-i10-2023-20000-km.html
Ford Ranger 2021 83000 Km,36000 DT,Ford,,,,,,,170.0,Intégrale,Pick-up,,,Kairouan,,,,5.0,4.0,2000.0,,24.01.2026,https://baniola.tn/details/26460/ford-ranger-2021-83000-km.html
Mg Mg Zs 2018 152 Km,54000 DT,MG,,,,,,,110.0,Traction,SUV,,,Tunis,,,,5.0,5.0,1500.0,,24.01.2026,https://baniola.tn/details/26458/mg-mg-zs-2018-152-km.html
Audi A4 2010 13000 Km,40000 DT,Audi,,,,,,,170.0,Traction,Berline,,,,,,,5.0,4.0,2000.0,,16.01.2026,https://baniola.tn/details/26291/audi-a4-2010-130000-km.html
Toyota Rav4 Plug-In 2015 17000 Km,63500 DT,Toyota,,,,,,,222.0,Intégrale,SUV,,,,,,,5.0,5.0,2500.0,,13.01.2026,https://baniola.tn/details/26221/toyota-rav4-plug-in-2015-170000-km.html
Ford Ranger 2010 32000 Km,36000 DT,Ford,,,,,,,143.0,Intégrale,Pick-up,,,,,,,5.0,4.0,3200.0,,13.01.2026,https://baniola.tn/details/26218/ford-ranger-2010-320000-km.html
Renault Kadjar 2018 11000 Km,71000 DT,Renault,,,,,,,115.0,Traction,SUV,,,Mahdia,,,,5.0,5.0,1197.0,,02.01.2026,https://baniola.tn/details/25986/renault-kadjar-2018-110000-km.html
Renault Symbol 2006 24000 Km,18000 DT,Renault,,,,,,,75.0,Traction,Berline,,,,,,,5.0,4.0,1390.0,,13.01.2026,https://baniola.tn/details/26217/renault-symbol-2006-240000-km.html
Kia Cerato 2015 3000 Km,37000 DT,Kia,,,,,,,130.0,Traction,Berline,,,,,,,5.0,4.0,1600.0,,13.01.2026,https://baniola.tn/details/26216/kia-cerato-2015-300000-km.html
Volkswagen Jetta 2012 200 Km,25000 DT,Volkswagen,,,,,,,105.0,Traction,Berline,,,Gabes,,,,5.0,4.0,1600.0,,23.01.2026,https://baniola.tn/details/26455/volkswagen-jetta-2012-200-km.html
Citroën C-Elysée 2014 185000 Km,21000 DT,Citroen,,,,,,,115.0,Traction,Berline,,,Manouba,,,,5.0,4.0,1587.0,,17.01.2026,https://baniola.tn/details/26305/citroen-c-elysée-2014-185000-km.html
Volkswagen Golf 2012 36000 Km,41000 DT,Volkswagen,,,,,,,105.0,Traction,Compacte,,,Ben Arous,,,,5.0,5.0,1600.0,,21.01.2026,https://baniola.tn/details/26404/volkswagen-golf-2012-360000-km.html
Suzuki Celerio 2019 177000 Km,26500 DT,Suzuki,,,,,,,68.0,Traction,Citadine,,,Tunis,,,,5.0,4.0,998.0,,21.01.2026,https://baniola.tn/details/26411/suzuki-celerio-2019-177000-km.html
Seat Ibiza 2018 115000 Km,40000 DT,Seat,,,,,,,90.0,Traction,Compacte,,,Manouba,,,,5.0,5.0,1200.0,,21.01.2026,https://baniola.tn/details/26410/seat-ibiza-2018-115000-km.html
Volkswagen Passat 2000,19500 DT,Volkswagen,,,,,,,115.0,Traction,Berline,,,Bizerte,,,,5.0,4.0,1595.0,,23.01.2026,https://baniola.tn/details/26454/volkswagen-passat-2000.html
Citroën C1 2014 156 Km,24500 DT,Citroen,,,,,,,68.0,Traction,Citadine,,,Manouba,,,,4.0,3.0,998.0,,19.01.2026,https://baniola.tn/details/26366/citroen-c1-2014-156-km.html
Mini One 2008 199 Km,24000 DT,Mini,,,,,,,95.0,Traction,Compacte,,,Monastir,,,,4.0,3.0,1600.0,,23.01.2026,https://baniola.tn/details/26449/mini-one-2008-199-km.html
Citroën C4 2006 306500 Km,21000 DT,Citroen,,,,,,,110.0,Traction,Berline,,,Ben Arous,,,,5.0,4.0,1587.0,,23.01.2026,https://baniola.tn/details/26447/citroen-c4-2006-306500-km.html
Mercedes Classe Gla 2023 5000 Km,195000 DT,Mercedes,,,,,,,190.0,Traction,SUV,,,Sfax,,,,5.0,5.0,1332.0,,23.01.2026,https://baniola.tn/details/26445/mercedes-classe-gla-2023-5000-km.html
Volkswagen Golf 2021 96000 Km,95000 DT,Volkswagen,,,,,,,110.0,Traction,Compacte,,,Sfax,,,,5.0,5.0,1400.0,,23.01.2026,https://baniola.tn/details/26442/volkswagen-golf-2021-96000-km.html
Seat Ateca 2021 44000 Km,86000 DT,Seat,,,,,,,115.0,Traction,SUV,,,Sfax,,,,5.0,5.0,1498.0,,23.01.2026,https://baniola.tn/details/26443/seat-ateca-2021-44000-km.html
Renault Clio 2021 29000 Km,44000 DT,Renault,,,,,,,90.0,Traction,Compacte,,,Sfax,,,,5.0,5.0,1200.0,,23.01.2026,https://baniola.tn/details/26444/renault-clio-2021-29000-km.html
Mg Mg Zs 2018 172 Km,53000 DT,MG,,,,,,,110.0,Traction,SUV,,,Tunis,,,,5.0,5.0,1500.0,,23.01.2026,https://baniola.tn/details/26439/mg-mg-zs-2018-172-km.html
Mercedes Classe Gla 2021 103000 Km,135000 DT,Mercedes,,,,,,,161.0,Traction,SUV,,,Sfax,,,,5.0,5.0,1332.0,,23.01.2026,https://baniola.tn/details/26441/mercedes-classe-gla-2021-103000-km.html
Volkswagen Amarok 2023 92000 Km,145000 DT,Volkswagen,,,,,,,204.0,Intégrale,Pick-up,,,Sfax,,,,5.0,4.0,2967.0,,23.01.2026,https://baniola.tn/details/26440/volkswagen-amarok-2023-92000-km.html
Citroën C1 2016 155 Km,30000 DT,Citroen,,,,,,,68.0,Traction,Citadine,,,Manouba,,,,4.0,3.0,998.0,,22.01.2026,https://baniola.tn/details/26426/citroen-c1-2016-155-km.html
Mercedes Classe Cla 2024 1000 Km,160000 DT,Mercedes,,,,,,,190.0,Traction,Berline,,,Sfax,,,,5.0,4.0,1332.0,,23.01.2026,https://baniola.tn/details/26437/mercedes-classe-cla-2024-10000-km.html
Peugeot Partner 2017 28000 Km,42000 DT,Peugeot,,,,,,,98.0,Traction,Utilitaire,,,Kairouan,,,,5.0,5.0,1600.0,,23.01.2026,https://baniola.tn/details/26436/peugeot-partner-2017-280000-km.html
Seat Ateca 2023 79000 Km,100000 DT,Seat,,,,,,,115.0,Traction,SUV,,,Sfax,,,,5.0,5.0,1498.0,,23.01.2026,https://baniola.tn/details/26438/seat-ateca-2023-79000-km.html
Citroën Nemo 2015 270 Km,34000 DT,Citroen,,,,,,,75.0,Traction,Utilitaire,,,Sfax,,,,2.0,2.0,1600.0,,23.01.2026,https://baniola.tn/details/26433/citroen-nemo-2015-270-km.html
Audi Q5 2011 26000 Km,50000 DT,Audi,,,,,,,170.0,Intégrale,SUV,,,Kairouan,,,,5.0,5.0,2000.0,,22.01.2026,https://baniola.tn/details/26431/audi-q5-2011-260000-km.html
Renault Scenic 2007 45000 Km,23500 DT,Renault,,,,,,,105.0,Traction,Monospace,,,Manouba,,,,5.0,5.0,1600.0,,18.01.2026,https://baniola.tn/details/26323/renault-scenic-2007-45000-km.html
Kangoo,16500 DT,Peugeot,,,,,,,95.0,Traction,Utilitaire,,,Nabeul,,,,5.0,5.0,1461.0,,22.01.2026,https://baniola.tn/details/26430/kangoo.html
Nissan Qashqai 2014 165 Km,48000 DT,Nissan,,,,,,,115.0,Traction,SUV,,,Sfax,,,,5.0,5.0,1600.0,,22.01.2026,https://baniola.tn/details/26428/nissan-qashqai-2014-165-km.html
Volkswagen Polo 2006 25000 Km 2000Dt,20000 DT,Volkswagen,,,,,,,75.0,Traction,Compacte,,,Medenine,,,,5.0,3.0,1200.0,,22.01.2026,https://baniola.tn/details/26429/volkswagen-polo-2006-250000-km-20000dt.html
Mazda Pick Up 2008 466000 Km,30000 DT,Mazda,,,,,,,100.0,Propulsion,Pick-up,,,Bizerte,,,,5.0,2.0,2500.0,,22.01.2026,https://baniola.tn/details/26422/mazda-pick-up-2008-466000-km.html
Citroën Jumpy 2021 19000 Km,0 DT,Citroen,,,,,,,120.0,Traction,Utilitaire,,,Sidi Bouzid,,,,5.0,5.0,1600.0,,22.01.2026,https://baniola.tn/details/26419/citroen-jumpy-2021-190000-km.html
Volkswagen Polo 2011 244400 Km,31500 DT,Volkswagen,,,,,,,85.0,Traction,Compacte,,,Tataouine,,,,5.0,5.0,1198.0,,22.01.2026,https://baniola.tn/details/26420/volkswagen-polo-2011-244400-km.html
Volkswagen Polo 2010 192000 Km,28500 DT,Volkswagen,,,,,,,85.0,Traction,Compacte,,,Sousse,,,,5.0,5.0,1198.0,,22.01.2026,https://baniola.tn/details/26421/volkswagen-polo-2010-192000-km.html
Volkswagen Polo 2008 333 Km,33000 DT,Volkswagen,,,,,,,75.0,Traction,Compacte,,,Gabes,,,,5.0,3.0,1200.0,,22.01.2026,https://baniola.tn/details/26418/volkswagen-polo-2008-333-km.html
Volkswagen Polo 2001 3000 Km,13500 DT,Volkswagen,,,,,,,75.0,Traction,Compacte,,,Sousse,,,,5.0,3.0,1200.0,,22.01.2026,https://baniola.tn/details/26414/volkswagen-polo-2001-300000-km.html
Fiat Doblo 2021 2000 Km,46000 DT,Fiat,,,,,,,95.0,Traction,Utilitaire,,,Tunis,,,,5.0,5.0,1400.0,,22.01.2026,https://baniola.tn/details/26415/fiat-doblo-2021-200000-km.html
Dacia Dokker 2022 000 Km,32500 DT,Dacia,,,,,,,95.0,Traction,Utilitaire,,,Tunis,,,,5.0,5.0,1461.0,,22.01.2026,https://baniola.tn/details/26416/dacia-dokker-2022-0000-km.html
Kia Xceeed 2021 8000 Km,97000 DT,Kia,,,,,,,118.0,Traction,Compacte,,,Ben Arous,,,,5.0,5.0,1600.0,,22.01.2026,https://baniola.tn/details/26417/kia-xceeed-2021-80000-km.html
Peugeot 3008 2011 32000 Km,32500 DT,Peugeot,,,,,,,120.0,Traction,SUV,,,Ariana,,,,5.0,5.0,1598.0,,22.01.2026,https://baniola.tn/details/26412/peugeot-3008-2011-320000-km.html
Ssangyong Actyon 2019 160 Km,38000 DT,Ssangyong,,,,,,,175.0,Intégrale,SUV,,,Beja,,,,5.0,5.0,2000.0,,17.01.2026,https://baniola.tn/details/26312/ssangyong-actyon-2019-160-km.html
Voiture à Vendre,35000 DT,Peugeot,,,,,,,115.0,Traction,Berline,,,Sousse,,,,5.0,4.0,1600.0,,21.01.2026,https://baniola.tn/details/26403/voiture-à-vendre.html
Geely Gx3 2021 94000 Km,44000 DT,Geely,,,,,,,120.0,Traction,SUV,,,Tunis,,,,5.0,5.0,1500.0,,21.01.2026,https://baniola.tn/details/26408/geely-gx3-2021-94000-km.html
Peugeot Expert 2007 888 Km,15000 DT,Peugeot,,,,,,,90.0,Traction,Utilitaire,,,Zaghouan,,,,3.0,4.0,1997.0,,21.01.2026,https://baniola.tn/details/26407/peugeot-expert-2007-888888-km.html
Ford Fiesta 2012 143 Km,34000 DT,Ford,,,,,,,82.0,Traction,Citadine,,,,,,,5.0,5.0,1200.0,,13.12.2025,https://baniola.tn/details/25576/ford-fiesta-2012-143-km.html
Hyundai I10 Sedant Année 2016 234000 Km,31500 DT,Hyundai,,,,,,,87.0,Traction,Berline,,,Beja,,,,5.0,4.0,1248.0,,21.01.2026,https://baniola.tn/details/26406/hyundai-i10-sedant-année-2016-234000-km.html
Volkswagen Golf 6 2013,33000 DT,Volkswagen,,,,,,,105.0,Traction,Compacte,,,Kairouan,,,,5.0,5.0,1600.0,,21.01.2026,https://baniola.tn/details/26402/volkswagen-golf-6-2013.html
Bmw 328 2015 158000 Km,73500 DT,Bmw,,,,,,,245.0,Propulsion,Berline,,,Monastir,,,,5.0,4.0,1997.0,,17.12.2025,https://baniola.tn/details/25648/bmw-328-2015-158000-km.html
Ford Fiesta 2017 186000 Km,34000 DT,Ford,,,,,,,82.0,Traction,Citadine,,,Monastir,,,,5.0,5.0,1200.0,,20.01.2026,https://baniola.tn/details/26394/ford-fiesta-2017-186000-km.html
Volkswagen Passat 2012 12000 Km,42000 DT,Volkswagen,,,,,,,160.0,Traction,Berline,,,Le Kef,,,,5.0,4.0,1984.0,,20.01.2026,https://baniola.tn/details/26389/volkswagen-passat-2012-120000-km.html
Škoda Fabia 2021 93000 Km,43000 DT,Skoda,,,,,,,95.0,Traction,Compacte,,,Tunis,,,,5.0,5.0,1000.0,,19.01.2026,https://baniola.tn/details/26383/skoda-fabia-2021-93000-km.html
Hyundai I20 2017 170 Km,37000 DT,Hyundai,,,,,,,85.0,Traction,Compacte,,,Monastir,,,,5.0,5.0,1248.0,,19.01.2026,https://baniola.tn/details/26381/hyundai-i20-2017-170-km.html
Peugeot 306 2010,11000 DT,Peugeot,,,,,,,90.0,Traction,Berline,,,Beja,,,,5.0,4.0,1580.0,,19.01.2026,https://baniola.tn/details/26382/peugeot-306-2010.html
Suzuki Celerio 2024 15000 Km,36700 DT,Suzuki,,,,,,,68.0,Traction,Citadine,,,Sousse,,,,5.0,4.0,998.0,,20.01.2026,https://baniola.tn/details/26384/suzuki-celerio-2024-15000-km.html
Citroën C3 Zenith. Num 25150028,37 DT,Citroen,,,,,,,115.0,Traction,Compacte,,,Bizerte,,,,5.0,5.0,1600.0,,20.01.2026,https://baniola.tn/details/26388/citroen-c3-zenith-num-25150028.html
Isuzu D Max 2026 000 Km,90000 DT,Isuzu,,,,,,,150.0,Intégrale,Pick-up,,,Kairouan,,,,5.0,4.0,2999.0,,20.01.2026,https://baniola.tn/details/26390/isuzu-d-max-2026-0000-km.html
Cupra Formentor Phase 2,135000 DT,CUPRA,,,,,,,190.0,Traction,SUV,,,Tunis,,,,5.0,5.0,1498.0,,19.01.2026,https://baniola.tn/details/26380/cupra-formentor-phase-2.html
Peugeot 107 2010 188000 Km,23000 DT,Peugeot,,,,,,,68.0,Traction,Citadine,,,Bizerte,,,,4.0,3.0,998.0,,19.01.2026,https://baniola.tn/details/26377/peugeot-107-2010-188000-km.html
Ford Ranger 2013 237 Km,79000 DT,Ford,,,,,,,163.0,Intégrale,Pick-up,,,Ariana,,,,5.0,4.0,3200.0,,20.12.2025,https://baniola.tn/details/25717/ford-ranger-2013-237-km.html
Peugeot 3008 2011 360 Km,34000 DT,Peugeot,,,,,,,120.0,Traction,SUV,,,Monastir,,,,5.0,5.0,1598.0,,19.01.2026,https://baniola.tn/details/26378/peugeot-3008-2011-360-km.html
Peugeot Traveller 2022 93000 Km,32000 DT,Peugeot,,,,,,,150.0,Traction,Monospace,,,Nabeul,,,,8.0,5.0,1997.0,,19.01.2026,https://baniola.tn/details/26376/peugeot-traveller-2022-93000-km.html
Une Belle Chery Tiggo 4 2020 99500 Km,53000 DT,Chery,,,,,,,126.0,Traction,SUV,,,Ben Arous,,,,5.0,5.0,1997.0,,19.01.2026,https://baniola.tn/details/26372/une-belle-chery-tiggo-4-2020-99500-km.html
Kia Sportage 2017 12000 Km,70000 DT,Kia,,,,,,,161.0,Traction,SUV,,,Ariana,,,,5.0,5.0,1999.0,,19.01.2026,https://baniola.tn/details/26373/kia-sportage-2017-120000-km.html
Bmw X3 2007 294000 Km,0 DT,Bmw,,,,,,,150.0,Intégrale,SUV,,,Tunis,,,,5.0,5.0,1995.0,,19.01.2026,https://baniola.tn/details/26374/bmw-x3-2007-294000-km.html
Citroën Ds5 2014 173. 500 Km,36000 DT,Citroen,,,,,,,163.0,Traction,Berline,,,Tunis,,,,5.0,5.0,1598.0,,19.01.2026,https://baniola.tn/details/26370/citroen-ds5-2014-173-500-km.html
Volkswagen Caddy 2017,54 DT,Volkswagen,,,,,,,102.0,Traction,Utilitaire,,,Ariana,,,,5.0,5.0,1600.0,,19.01.2026,https://baniola.tn/details/26369/volkswagen-caddy-2017.html
Peugeot Expert 2007 8885 Km,15 DT,Peugeot,,,,,,,90.0,Traction,Utilitaire,,,Zaghouan,,,,3.0,4.0,1997.0,,19.01.2026,https://baniola.tn/details/26358/peugeot-expert-2007-88885-km.html
Kia Soul 2012,38500 DT,Kia,,,,,,,140.0,Traction,Compacte,,,Ariana,,,,5.0,4.0,1600.0,,16.01.2026,https://baniola.tn/details/26295/kia-soul-2012.html
Avandre _Citroen Ds3,25000 DT,Citroen,,,,,,,110.0,Traction,Compacte,,,Zaghouan,,,,5.0,3.0,1598.0,,18.01.2026,https://baniola.tn/details/26325/avandre-citroen-ds3.html
Volkswagen Tiguan 2015 124199 Km,68000 DT,Volkswagen,,,,,,,140.0,Traction,SUV,,,Gabes,,,,5.0,5.0,1984.0,,17.01.2026,https://baniola.tn/details/26313/volkswagen-tiguan-2015-124199-km.html
Land Rover Evoque 2018 180. 000 Km,119000 DT,Land rover,,,,,,,180.0,Intégrale,SUV,,,Sousse,,,,5.0,5.0,1999.0,,18.01.2026,https://baniola.tn/details/26322/land-rover-evoque-2018-180-000-km.html
Ford Fiesta 1998,10500 DT,Ford,,,,,,,60.0,Traction,Compacte,,,Ariana,,,,5.0,3.0,1299.0,,19.01.2026,https://baniola.tn/details/26363/ford-fiesta-1998.html
Mazda 323 1995 35000 Km,10000 DT,Mazda,,,,,,,88.0,Traction,Berline,,,Nabeul,,,,5.0,4.0,1324.0,,07.01.2026,https://baniola.tn/details/26091/mazda-323-1995-350000-km.html
Peugeot 301 2018 128500 Km,25900 DT,Peugeot,,,,,,,115.0,Traction,Berline,,,Tunis,,,,5.0,4.0,1600.0,,02.12.2025,https://baniola.tn/details/25301/peugeot-301-2018-128500-km.html
Hyundai I20 2024 52000 Km,74000 DT,Hyundai,,,,,,,84.0,Traction,Compacte,,,Ben Arous,,,,5.0,5.0,1200.0,,19.01.2026,https://baniola.tn/details/26361/hyundai-i20-2024-52000-km.html
Škoda Fabia 2022 111000 Km,43000 DT,Skoda,,,,,,,95.0,Traction,Compacte,,,Sousse,,,,5.0,5.0,1000.0,,19.01.2026,https://baniola.tn/details/26359/skoda-fabia-2022-111000-km.html
Volkswagen Polo 2014,33500 DT,Volkswagen,,,,,,,85.0,Traction,Compacte,,,Ben Arous,,,,5.0,5.0,1198.0,,19.01.2026,https://baniola.tn/details/26357/volkswagen-polo-2014.html
Peugeot 407 2012 300 Km,25000 DT,Peugeot,,,,,,,140.0,Traction,Berline,,,Tunis,,,,5.0,4.0,1997.0,,18.01.2026,https://baniola.tn/details/26353/peugeot-407-2012-300-km.html
Citroën Berlingo 2009 338236 Km,28000 DT,Citroen,,,,,,,90.0,Traction,Utilitaire,,,Tunis,,,,5.0,5.0,1560.0,,18.01.2026,https://baniola.tn/details/26355/citroen-berlingo-2009-338236-km.html
Kia Cerato 2014 Coupé,33500 DT,Kia,,,,,,,130.0,Traction,Coupé,,,Tunis,,,,5.0,2.0,1600.0,,18.01.2026,https://baniola.tn/details/26356/kia-cerato-2014-coupé.html
Toyota Hilux 2016 54000 Km,150000 DT,Toyota,,,,,,,160.0,Intégrale,Pick-up,,,Medenine,,,,5.0,4.0,2800.0,,18.01.2026,https://baniola.tn/details/26348/toyota-hilux-2016-54000-km.html
Mercedes Classe E 2000 0 Km,21500 DT,Mercedes,,,,,,,136.0,Traction,Berline,,,Tunis,,,,5.0,4.0,2000.0,,18.01.2026,https://baniola.tn/details/26351/mercedes-classe-e-2000-0-km.html
Kia Rio 2021 9000 Km,55000 DT,Kia,,,,,,,84.0,Traction,Citadine,,,Ariana,,,,5.0,5.0,1400.0,,18.01.2026,https://baniola.tn/details/26352/kia-rio-2021-90000-km.html
Mahindra Kuv 100 2020 4000 Km,31000 DT,Mahindra,,,,,,,85.0,Traction,SUV,,,Ariana,,,,5.0,5.0,1198.0,,11.01.2026,https://baniola.tn/details/26169/mahindra-kuv-100-2020-40000-km.html
Renault Clio 1998 250 Km,13500 DT,Renault,,,,,,,75.0,Traction,Compacte,,,Sfax,,,,5.0,3.0,1149.0,,18.01.2026,https://baniola.tn/details/26347/renault-clio-1998-250-km.html
Fiat Autre 2020 168000 Km,105000 DT,Fiat,,,,,,,95.0,Traction,Berline,,,,,,,5.0,4.0,1400.0,,18.01.2026,https://baniola.tn/details/26344/fiat-autre-2020-168000-km.html
Hyundai I20 2023 22000 Km,65000 DT,Hyundai,,,,,,,84.0,Traction,Compacte,,,Nabeul,,,,5.0,5.0,1200.0,,18.01.2026,https://baniola.tn/details/26345/hyundai-i20-2023-22000-km.html
Chevrolet Spark 2011 121000 Km,25000 DT,Chevrolet,,,,,,,68.0,Traction,Citadine,,,Sfax,,,,5.0,5.0,1200.0,,18.01.2026,https://baniola.tn/details/26343/chevrolet-spark-2011-121000-km.html
Renault Fluence 2011 260 Km,33000 DT,Renault,,,,,,,110.0,Traction,Berline,,,,,,,5.0,4.0,1600.0,,18.01.2026,https://baniola.tn/details/26339/renault-fluence-2011-260-km.html
Bmw 318 2011 224000 Km,43000 DT,Bmw,,,,,,,136.0,Propulsion,Berline,,,Sfax,,,,5.0,4.0,1995.0,,18.01.2026,https://baniola.tn/details/26342/bmw-318-2011-224000-km.html
Citroën C1 2014 155000 Km,23000 DT,Citroen,,,,,,,68.0,Traction,Citadine,,,Tunis,,,,4.0,3.0,998.0,,18.01.2026,https://baniola.tn/details/26338/citroen-c1-2014-155000-km.html
Kia Picanto 2025 9000 Km,51000 DT,Kia,,,,,,,67.0,Traction,Citadine,,,Ben Arous,,,,5.0,5.0,998.0,,18.01.2026,https://baniola.tn/details/26337/kia-picanto-2025-9000-km.html
Audi A5 Sportback 2019 155 Km,88000 DT,Audi,,,,,,,190.0,Traction,Berline,,,Ariana,,,,5.0,5.0,1984.0,,18.01.2026,https://baniola.tn/details/26330/audi-a5-sportback-2019-155-km.html
Renault Clio4 2018 3000 Km,35000 DT,Renault,,,,,,,90.0,Traction,Compacte,,,Kasserine,,,,5.0,5.0,1200.0,,18.01.2026,https://baniola.tn/details/26335/renault-clio4-2018-300000-km.html
Isuzu D Max 2017 00 Km,90000 DT,Isuzu,,,,,,,163.0,Intégrale,Pick-up,,,Kairouan,,,,5.0,4.0,2999.0,,18.01.2026,https://baniola.tn/details/26336/isuzu-d-max-2017-00-km.html
Gw Wingle Haval 4X4 Diesel 2018,46000 DT,Geely,,,,,,,120.0,Intégrale,Pick-up,,,Ben Arous,,,,5.0,4.0,2800.0,,21.07.2025,https://baniola.tn/details/23651/gw-wingle-haval-4x4-diesel-2018.html
Bmw 318 2011 224000 Km,43000 DT,Bmw,,,,,,,136.0,Propulsion,Berline,,,Sfax,,,,5.0,4.0,1995.0,,18.01.2026,https://baniola.tn/details/26329/bmw-318-2011-224000-km.html
Volkswagen Passat 2012 212000 Km,46000 DT,Volkswagen,,,,,,,160.0,Traction,Berline,,,Sousse,,,,5.0,4.0,1984.0,,18.01.2026,https://baniola.tn/details/26326/volkswagen-passat-2012-212000-km.html
Kia Rio Gt-Line 2021 7000 Km,58000 DT,Kia,,,,,,,120.0,Traction,Compacte,,,Ben Arous,,,,5.0,5.0,1400.0,,18.01.2026,https://baniola.tn/details/26328/kia-rio-gt-line-2021-70000-km.html
Volkswagen Gol 2021 73000 Km,82000 DT,Volkswagen,,,,,,,85.0,Traction,Compacte,,,Manouba,,,,5.0,4.0,1000.0,,17.01.2026,https://baniola.tn/details/26319/volkswagen-gol-2021-73000-km.html
Peugeot 308 2010 225 Km,24500 DT,Peugeot,,,,,,,110.0,Traction,Berline,,,Zaghouan,,,,5.0,5.0,1598.0,,17.01.2026,https://baniola.tn/details/26320/peugeot-308-2010-225-km.html
Volkswagen Golf 2014 280 Km,40000 DT,Volkswagen,,,,,,,105.0,Traction,Compacte,,,Sousse,,,,5.0,5.0,1600.0,,17.01.2026,https://baniola.tn/details/26314/volkswagen-golf-2014-280-km.html
Fiat Ritmo 1983 25000 Km,5500 DT,Fiat,,,,,,,60.0,Traction,Berline,,,Tunis,,,,5.0,4.0,1300.0,,17.01.2026,https://baniola.tn/details/26316/fiat-ritmo-1983-250000-km.html
Hyundai I20 2017 168 Km,37000 DT,Hyundai,,,,,,,85.0,Traction,Compacte,,,Monastir,,,,5.0,5.0,1248.0,,17.01.2026,https://baniola.tn/details/26317/hyundai-i20-2017-168-km.html
Fiat Panda 2012 145000 Km,24000 DT,Fiat,,,,,,,69.0,Traction,Citadine,,,Manouba,,,,5.0,5.0,1248.0,,17.01.2026,https://baniola.tn/details/26311/fiat-panda-2012-145000-km.html
Volkswagen Transporter 2004 25000 Km,30 DT,Volkswagen,,,,,,,84.0,Traction,Utilitaire,,,Ariana,,,,9.0,4.0,1896.0,,17.01.2026,https://baniola.tn/details/26306/volkswagen-transporter-2004-250000-km.html
Isuzu Autre 2000 500 Km,36000 DT,Isuzu,,,,,,,105.0,Intégrale,Pick-up,,,Le Kef,,,,5.0,4.0,2800.0,,17.01.2026,https://baniola.tn/details/26309/isuzu-autre-2000-500-km.html
Kia Sportage Importée,96000 DT,Kia,,,,,,,140.0,Traction,SUV,,,Tunis,,,,5.0,5.0,1600.0,,17.01.2026,https://baniola.tn/details/26307/kia-sportage-importée.html
Kia Picanto 2023 97000 Km,37000 DT,Kia,,,,,,,84.0,Traction,Citadine,,,Nabeul,,,,5.0,5.0,998.0,,17.01.2026,https://baniola.tn/details/26308/kia-picanto-2023-97000-km.html
Peugeot 2008 2016 100 Km,39000 DT,Peugeot,,,,,,,115.0,Traction,SUV,,,Bizerte,,,,5.0,5.0,1600.0,,17.01.2026,https://baniola.tn/details/26304/peugeot-2008-2016-100-km.html
Seat Ibiza 2014 179000 Km,29000 DT,Seat,,,,,,,75.0,Traction,Compacte,,,Tunis,,,,5.0,5.0,1200.0,,31.12.2025,https://baniola.tn/details/25945/seat-ibiza-2014-179000-km.html
Hyundai I10 2023 72000 Km,38000 DT,Hyundai,,,,,,,67.0,Traction,Citadine,,,Tozeur,,,,5.0,5.0,998.0,,17.01.2026,https://baniola.tn/details/26301/hyundai-i10-2023-72000-km.html
Hyundai I10 2015 13000 Km,32500 DT,Hyundai,,,,,,,87.0,Traction,Citadine,,,Tunis,,,,5.0,5.0,1248.0,,17.01.2026,https://baniola.tn/details/26297/hyundai-i10-2015-130000-km.html
Kia Sportage 2022 77000 Km,112000 DT,Kia,,,,,,,115.0,Traction,SUV,,,Sfax,,,,5.0,5.0,1600.0,,16.01.2026,https://baniola.tn/details/26294/kia-sportage-2022-77000-km.html
Peugeot 3008 2017 17000 Km,68000 DT,Peugeot,,,,,,,130.0,Traction,SUV,,,Le Kef,,,,5.0,5.0,1600.0,,17.01.2026,https://baniola.tn/details/26296/peugeot-3008-2017-170000-km.html
Peugeot 3008,36000 DT,Peugeot,,,,,,,130.0,Traction,SUV,,,Sfax,,,,5.0,5.0,1600.0,,17.01.2026,https://baniola.tn/details/26299/peugeot-3008.html
Vendu,21500 DT,Renault,,,,,,,90.0,Traction,Berline,,,Ben Arous,,,,5.0,4.0,1200.0,,14.01.2026,https://baniola.tn/details/26235/vendu.html
Bmw 116 Essence 2016,59000 DT,Bmw,,,,,,,136.0,Traction,Berline,,,Medenine,,,,5.0,5.0,1598.0,,23.10.2025,https://baniola.tn/details/24717/bmw-116-essence-2016.html
Fiat Panda 2021 161000 Km,33000 DT,Fiat,,,,,,,69.0,Traction,Citadine,,,Tunis,,,,5.0,5.0,999.0,,16.01.2026,https://baniola.tn/details/26289/fiat-panda-2021-161000-km.html
Fiat Punto 1996 60 Km,8500 DT,Fiat,,,,,,,60.0,Traction,Compacte,,,Nabeul,,,,5.0,3.0,1100.0,,16.01.2026,https://baniola.tn/details/26290/fiat-punto-1996-60-km.html
Peugeot 206 2005 27000 Km,18500 DT,Peugeot,,,,,,,90.0,Traction,Berline,,,Bizerte,,,,5.0,4.0,1360.0,,16.01.2026,https://baniola.tn/details/26292/peugeot-206-2005-270000-km.html
Kia Sportage 2022 77000 Km,112000 DT,Kia,,,,,,,115.0,Traction,SUV,,,Sfax,,,,5.0,5.0,1600.0,,16.01.2026,https://baniola.tn/details/26293/kia-sportage-2022-77000-km.html
Citroën Ds3 2015 12000 Km,31000 DT,Citroen,,,,,,,115.0,Traction,Compacte,,,Sfax,,,,5.0,3.0,1598.0,,16.01.2026,https://baniola.tn/details/26283/citroen-ds3-2015-120000-km.html
Renault Clio 1998 0 Km,6500 DT,Renault,,,,,,,75.0,Traction,Compacte,,,Sousse,,,,5.0,3.0,1149.0,,16.01.2026,https://baniola.tn/details/26282/renault-clio-1998-0-km.html
Volkswagen Lt 1999,79500 DT,Volkswagen,,,,,,,75.0,Propulsion,Utilitaire,,,Jendouba,,,,3.0,4.0,2383.0,,16.01.2026,https://baniola.tn/details/26277/volkswagen-lt-1999.html
Mazda Mazda2 2017 237000 Km,31000 DT,Mazda,,,,,,,90.0,Traction,Compacte,,,Tunis,,,,5.0,5.0,1400.0,,16.01.2026,https://baniola.tn/details/26278/mazda-mazda2-2017-237000-km.html
Peugeot 308 2019 200. 000 Km,32000 DT,Peugeot,,,,,,,130.0,Traction,Berline,,,Tunis,,,,5.0,5.0,1600.0,,16.01.2026,https://baniola.tn/details/26275/peugeot-308-2019-200-000-km.html
Ssangyong Actyon 2020 16000 Km,40000 DT,Ssangyong,,,,,,,175.0,Intégrale,SUV,,,Beja,,,,5.0,5.0,2000.0,,16.01.2026,https://baniola.tn/details/26272/ssangyong-actyon-2020-160000-km.html
Hyundai I10 2023 24000 Km,42000 DT,Hyundai,,,,,,,67.0,Traction,Citadine,,,Sfax,,,,5.0,5.0,998.0,,16.01.2026,https://baniola.tn/details/26273/hyundai-i10-2023-24000-km.html
Nissan Juke 2021 30800 Km,73000 DT,Nissan,,,,,,,115.0,Traction,SUV,,,Ariana,,,,5.0,5.0,1197.0,,16.01.2026,https://baniola.tn/details/26274/nissan-juke-2021-30800-km.html
Renault Captur 2021 64000 Km,45000 DT,Renault,,,,,,,115.0,Traction,SUV,,,Tunis,,,,5.0,5.0,1197.0,,16.01.2026,https://baniola.tn/details/26271/renault-captur-2021-64000-km.html
Peugeot 107,23000 DT,Peugeot,,,,,,,68.0,Traction,Citadine,,,Bizerte,,,,4.0,3.0,998.0,,15.01.2026,https://baniola.tn/details/26268/peugeot-107.html
Nissan Juke 2015 35000 Km,35000 DT,Nissan,,,,,,,117.0,Traction,SUV,,,Sousse,,,,5.0,5.0,1197.0,,15.01.2026,https://baniola.tn/details/26265/nissan-juke-2015-35000-km.html
Citroën Berlingo 2021 116000 Km,45000 DT,Citroen,,,,,,,95.0,Traction,Utilitaire,,,Tozeur,,,,5.0,5.0,1560.0,,15.01.2026,https://baniola.tn/details/26267/citroen-berlingo-2021-116000-km.html
Bmw Série X2 2024 38000 Km,215000 DT,Bmw,,,,,,,190.0,Traction,SUV,,,Sousse,,,,5.0,5.0,2000.0,,15.01.2026,https://baniola.tn/details/26270/bmw-série-x2-2024-38000-km.html
Peugeot 407 2005 4000 Km,20500 DT,Peugeot,,,,,,,109.0,Traction,Berline,,,Sousse,,,,5.0,4.0,1600.0,,15.01.2026,https://baniola.tn/details/26264/peugeot-407-2005-400000-km.html
Peugeot 406 2000 470 Km,17000 DT,Peugeot,,,,,,,110.0,Traction,Berline,,,Jendouba,,,,5.0,4.0,1580.0,,15.01.2026,https://baniola.tn/details/26263/peugeot-406-2000-470-km.html
Isuzu D-Max Ii 1998 52273 Km,33000 DT,Isuzu,,,,,,,105.0,Propulsion,Pick-up,,,Le Kef,,,,5.0,4.0,2839.0,,15.01.2026,https://baniola.tn/details/26256/isuzu-d-max-ii-1998-52273-km.html
Kia Carnival,0 DT,Kia,,,,,,,174.0,Traction,Monospace,,,Sfax,,,,8.0,4.0,2359.0,,15.01.2026,https://baniola.tn/details/26262/kia-carnival.html
Land Rover Freelander 2001 3000 Km,50000 DT,Land rover,,,,,,,136.0,Intégrale,SUV,,,Sfax,,,,5.0,5.0,1796.0,,15.01.2026,https://baniola.tn/details/26258/land-rover-freelander-2001-300000-km.html
Renault Symbol 2016 18000 Km,32500 DT,Renault,,,,,,,75.0,Traction,Berline,,,Jendouba,,,,5.0,4.0,1390.0,,15.01.2026,https://baniola.tn/details/26254/renault-symbol-2016-180000-km.html
Kia Cerato 2014 154000 Km,38500 DT,Kia,,,,,,,130.0,Traction,Berline,,,Ben Arous,,,,5.0,4.0,1600.0,,15.01.2026,https://baniola.tn/details/26253/kia-cerato-2014-154000-km.html
Kia Picanto 2023 100 Km,15000 DT,Kia,,,,,,,67.0,Traction,Citadine,,,Sidi Bouzid,,,,5.0,5.0,998.0,,14.01.2026,https://baniola.tn/details/26247/kia-picanto-2023-100-km.html
Jetour Dashing 2025 Comme Neuve,104800 DT,Wallyscar,,,,,,,150.0,Traction,SUV,,,Monastir,,,,5.0,5.0,1600.0,,15.01.2026,https://baniola.tn/details/26251/jetour-dashing-2025-comme-neuve.html
Peugeot 207 2009 36000 Km,22000 DT,Peugeot,,,,,,,90.0,Traction,Berline,,,Kasserine,,,,5.0,4.0,1600.0,,15.01.2026,https://baniola.tn/details/26252/peugeot-207-2009-360000-km.html
Ford Fiesta 2008 227000 Km,22000 DT,Ford,,,,,,,60.0,Traction,Citadine,,,Sfax,,,,5.0,5.0,1400.0,,14.01.2026,https://baniola.tn/details/26243/ford-fiesta-2008-227000-km.html
Hyundai I20 2022 13000 Km,55000 DT,Hyundai,,,,,,,84.0,Traction,Compacte,,,Sousse,,,,5.0,5.0,1200.0,,14.01.2026,https://baniola.tn/details/26244/hyundai-i20-2022-130000-km.html
Renault Symbol 2013 257 Km,25000 DT,Renault,,,,,,,75.0,Traction,Berline,,,Gabes,,,,5.0,4.0,1390.0,,14.01.2026,https://baniola.tn/details/26245/renault-symbol-2013-257-km.html
Seat Ibiza 2018 115 Km,43000 DT,Seat,,,,,,,90.0,Traction,Compacte,,,Manouba,,,,5.0,5.0,1200.0,,14.01.2026,https://baniola.tn/details/26246/seat-ibiza-2018-115-km.html
Kia Rio 2021 4000 Km,53500 DT,Kia,,,,,,,84.0,Traction,Citadine,,,Bizerte,,,,5.0,5.0,1400.0,,15.01.2026,https://baniola.tn/details/26249/kia-rio-2021-40000-km.html
Renault Clio 2001 371000 Km,17500 DT,Renault,,,,,,,75.0,Traction,Compacte,,,Bizerte,,,,5.0,3.0,1149.0,,12.01.2026,https://baniola.tn/details/26191/renault-clio-2001-371000-km.html
Opel Astra 1984 479710 Km,13000 DT,Opel,,,,,,,60.0,Traction,Berline,,,Tunis,,,,5.0,4.0,1297.0,,13.01.2026,https://baniola.tn/details/26229/opel-astra-1984-479710-km.html
Fiat Panda 2012 94000 Km,25000 DT,Fiat,,,,,,,69.0,Traction,Citadine,,,Bizerte,,,,5.0,5.0,1248.0,,14.01.2026,https://baniola.tn/details/26242/fiat-panda-2012-94000-km.html
Peugeot 207 2009 36000 Km,22000 DT,Peugeot,,,,,,,90.0,Traction,Berline,,,Kasserine,,,,5.0,4.0,1600.0,,14.01.2026,https://baniola.tn/details/26238/peugeot-207-2009-360000-km.html
Suzuki Swift 2021 107000 Km,43000 DT,Suzuki,,,,,,,90.0,Traction,Compacte,,,Ariana,,,,5.0,4.0,1200.0,,14.01.2026,https://baniola.tn/details/26236/suzuki-swift-2021-107000-km.html
Renault R19 1992 247000 Km,12800 DT,Renault,,,,,,,80.0,Traction,Berline,,,Bizerte,,,,5.0,4.0,1390.0,,14.01.2026,https://baniola.tn/details/26237/renault-r19-1992-247000-km.html
Suzuki Swift 5Cv Toutes Options,43000 DT,Suzuki,,,,,,,90.0,Traction,Compacte,,,Ariana,,,,5.0,5.0,1200.0,,09.01.2026,https://baniola.tn/details/26131/suzuki-swift-5cv-toutes-options.html
Fiat Grande Punto 2014 181 Km,24800 DT,Fiat,,,,,,,75.0,Traction,Compacte,,,Tunis,,,,5.0,5.0,1200.0,,14.01.2026,https://baniola.tn/details/26233/fiat-grande-punto-2014-181-km.html
Ford Escort 2012 2000 Km,26000 DT,Ford,,,,,,,95.0,Traction,Berline,,,Monastir,,,,5.0,4.0,1600.0,,14.01.2026,https://baniola.tn/details/26231/ford-escort-2012-200000-km.html
Peugeot 2008 2015 179000 Km,35000 DT,Peugeot,,,,,,,115.0,Traction,SUV,,,Monastir,,,,5.0,5.0,1600.0,,13.01.2026,https://baniola.tn/details/26213/peugeot-2008-2015-179000-km.html
Opel Astra 1984 479710 Km,13000 DT,Opel,,,,,,,60.0,Traction,Berline,,,Tunis,,,,5.0,4.0,1300.0,,13.01.2026,https://baniola.tn/details/26230/opel-astra-1984-479710-km.html
Dacia Dokker 2018 250 Km,27000 DT,Dacia,,,,,,,75.0,Traction,Utilitaire,,,Ben Arous,,,,5.0,5.0,1461.0,,13.01.2026,https://baniola.tn/details/26228/dacia-dokker-2018-250-km.html
Volkswagen Passat Cc 2009 300. 000 Km,35000 DT,Volkswagen,,,,,,,160.0,Traction,Berline,,,Sidi Bouzid,,,,5.0,4.0,2000.0,,13.01.2026,https://baniola.tn/details/26226/volkswagen-passat-cc-2009-300-000-km.html
Peugeot 206 2010 180 Km,18500 DT,Peugeot,,,,,,,90.0,Traction,Compacte,,,Tunis,,,,5.0,5.0,1360.0,,13.01.2026,https://baniola.tn/details/26225/peugeot-206-2010-180-km.html
Hyundai I20 2022 27000 Km,69000 DT,Hyundai,,,,,,,84.0,Traction,Compacte,,,Tunis,,,,5.0,5.0,1200.0,,13.01.2026,https://baniola.tn/details/26212/hyundai-i20-2022-27000-km.html
Kia Rio 2020 116000 Km,45000 DT,Kia,,,,,,,84.0,Traction,Citadine,,,Bizerte,,,,5.0,5.0,1400.0,,13.01.2026,https://baniola.tn/details/26211/kia-rio-2020-116000-km.html
Ford Ka,27300 DT,Ford,,,,,,,68.0,Traction,Citadine,,,Tunis,,,,5.0,3.0,1198.0,,13.01.2026,https://baniola.tn/details/26210/ford-ka.html
Ssangyong Korando 2021 98000 Km,76000 DT,Ssangyong,,,,,,,163.0,Traction,SUV,,,Ariana,,,,5.0,5.0,1591.0,,12.01.2026,https://baniola.tn/details/26188/ssangyong-korando-2021-98000-km.html
Peugeot 206 Essence 2011,19000 DT,Peugeot,,,,,,,95.0,Traction,Compacte,,,Tunis,,,,5.0,5.0,1587.0,,13.06.2025,https://baniola.tn/details/23347/peugeot-206-essence-2011.html
Renault Captur 2016 96000 Km,42000 DT,Renault,,,,,,,90.0,Traction,SUV,,,Monastir,,,,5.0,5.0,1197.0,,25.12.2025,https://baniola.tn/details/25798/renault-captur-2016-96000-km.html
Citroën C-Elysée 2018 113000 Km,26000 DT,Citroen,,,,,,,115.0,Traction,Berline,,,Ben Arous,,,,5.0,4.0,1600.0,,13.01.2026,https://baniola.tn/details/26204/citroen-c-elysée-2018-113000-km.html
Peugeot Partner 2022 69300 Km,49900 DT,Peugeot,,,,,,,130.0,Traction,Utilitaire,,,Bizerte,,,,5.0,5.0,1600.0,,13.01.2026,https://baniola.tn/details/26205/peugeot-partner-2022-69300-km.html
Peugeot 3008 Diesel 2021,78000 DT,Peugeot,,,,,,,130.0,Traction,SUV,,,Ariana,,,,5.0,5.0,1997.0,,26.10.2025,https://baniola.tn/details/24754/peugeot-3008-diesel-2021.html
A Vendre Peugeot Landtrek Double Cabine Business,78000 DT,Peugeot,,,,,,,163.0,Intégrale,Pick-up,,,Nabeul,,,,5.0,4.0,1500.0,,13.01.2026,https://baniola.tn/details/26202/a-vendre-peugeot-landtrek-double-cabine-business.html
Hyundai Veloster 2013 188000 Km,35000 DT,Hyundai,,,,,,,140.0,Traction,Coupé,,,Ben Arous,,,,4.0,3.0,1600.0,,26.11.2025,https://baniola.tn/details/25134/hyundai-veloster-2013-188000-km.html
Citroën C3 2020 17000 Km,46 DT,Citroen,,,,,,,82.0,Traction,Compacte,,,Medenine,,,,5.0,5.0,1199.0,,13.01.2026,https://baniola.tn/details/26201/citroen-c3-2020-170000-km.html
Citroën Nemo 2015 23000 Km,23500 DT,Citroen,,,,,,,75.0,Traction,Utilitaire,,,Monastir,,,,2.0,2.0,1600.0,,13.01.2026,https://baniola.tn/details/26200/citroen-nemo-2015-230000-km.html
Seat Leon 2021 7000 Km,72000 DT,Seat,,,,,,,115.0,Traction,Compacte,,,Ben Arous,,,,5.0,5.0,1400.0,,13.01.2026,https://baniola.tn/details/26199/seat-leon-2021-70000-km.html
Hyundai I10 2024 2000 Km,43500 DT,Hyundai,,,,,,,67.0,Traction,Citadine,,,Ariana,,,,5.0,5.0,998.0,,13.01.2026,https://baniola.tn/details/26198/hyundai-i10-2024-20000-km.html
Volkswagen Touareg 2004 15000 Km,8000 DT,Volkswagen,,,,,,,230.0,Intégrale,SUV,,,Monastir,,,,5.0,5.0,2967.0,,04.12.2025,https://baniola.tn/details/25356/volkswagen-touareg-2004-150000-km.html
Volkswagen Touareg sans Carte Grise 2004 155000 Km,8000 DT,Volkswagen,,,,,,,174.0,Intégrale,SUV,,,Monastir,,,,5.0,5.0,2800.0,,29.12.2025,https://baniola.tn/details/25902/volkswagen-touareg-sans-carte-grise-2004-155000-km.html
Volkswagen Golf 7 2014 280 Km,42000 DT,Volkswagen,,,,,,,105.0,Traction,Compacte,,,Sousse,,,,5.0,5.0,1400.0,,12.01.2026,https://baniola.tn/details/26197/volkswagen-golf-7-2014-280-km.html
Peugeot 2008 Active 1. 2 Thp Puretech 12V S&Amp; S 110 Cv,40000 DT,Peugeot,,,,,,,110.0,Traction,SUV,,,Sfax,,,,5.0,5.0,1199.0,,12.01.2026,https://baniola.tn/details/26195/peugeot-2008-active-1-2-thp-puretech-12v-s-amp-amp-s-110-cv.html
Renault Clio 2003 353000 Km,21000 DT,Renault,,,,,,,75.0,Traction,Berline,,,Manouba,,,,5.0,5.0,1149.0,,12.01.2026,https://baniola.tn/details/26194/renault-clio-2003-353000-km.html
Opel Crossland X 2021 50 Km,70000 DT,Opel,,,,,,,110.0,Traction,SUV,,,Kasserine,,,,5.0,5.0,1200.0,,12.01.2026,https://baniola.tn/details/26190/opel-crossland-x-2021-50-km.html
Renault Megane 2003 45000 Km,16800 DT,Renault,,,,,,,115.0,Traction,Berline,,,Nabeul,,,,5.0,4.0,1598.0,,12.01.2026,https://baniola.tn/details/26193/renault-megane-2003-450000-km.html
Citroën C4 2017 105 Km,37000 DT,Citroen,,,,,,,115.0,Traction,Berline,,,Tunis,,,,5.0,5.0,1600.0,,12.01.2026,https://baniola.tn/details/26189/citroen-c4-2017-105-km.html
Citroën C3 2018 173000 Km,31000 DT,Citroen,,,,,,,82.0,Traction,Compacte,,,Bizerte,,,,5.0,5.0,1199.0,,12.01.2026,https://baniola.tn/details/26182/citroen-c3-2018-173000-km.html
Kia Optima 2010 22000 Km,25000 DT,Kia,,,,,,,175.0,Traction,Berline,,,Kairouan,,,,5.0,4.0,2359.0,,12.01.2026,https://baniola.tn/details/26183/kia-optima-2010-220000-km.html
Seat Ibiza 2011 238000 Km,40000 DT,Seat,,,,,,,70.0,Traction,Compacte,,,Beja,,,,5.0,5.0,1200.0,,12.01.2026,https://baniola.tn/details/26186/seat-ibiza-2011-238000-km.html
Geely Gk-Gs 2021 143000 Km,42000 DT,Geely,,,,,,,120.0,Traction,Berline,,,Nabeul,,,,5.0,4.0,1600.0,,12.01.2026,https://baniola.tn/details/26187/geely-gk-gs-2021-143000-km.html
Peugeot 208 2013 195000 Km,24500 DT,Peugeot,,,,,,,98.0,Traction,Compacte,,,Nabeul,,,,5.0,5.0,1600.0,,12.01.2026,https://baniola.tn/details/26179/peugeot-208-2013-195000-km.html
Ford Focus 2011 200 Km,21000 DT,Ford,,,,,,,115.0,Traction,Compacte,,,Bizerte,,,,5.0,5.0,1600.0,,12.01.2026,https://baniola.tn/details/26178/ford-focus-2011-200-km.html
Geely Gx3 2021 115000 Km,45000 DT,Geely,,,,,,,120.0,Traction,SUV,,,Ariana,,,,5.0,5.0,1500.0,,12.01.2026,https://baniola.tn/details/26177/geely-gx3-2021-115000-km.html
Peugeot Expert 2007 8000 Km,15000 DT,Peugeot,,,,,,,90.0,Traction,Utilitaire,,,Zaghouan,,,,3.0,4.0,1997.0,,12.01.2026,https://baniola.tn/details/26176/peugeot-expert-2007-800000-km.html
Volkswagen Polo 2022 70 Km,53 DT,Volkswagen,,,,,,,80.0,Traction,Compacte,,,Gafsa,,,,5.0,5.0,999.0,,11.01.2026,https://baniola.tn/details/26171/volkswagen-polo-2022-70-km.html
Hyundai I10 2021 93000 Km,38000 DT,Hyundai,,,,,,,67.0,Traction,Citadine,,,Tunis,,,,5.0,5.0,998.0,,11.01.2026,https://baniola.tn/details/26173/hyundai-i10-2021-93000-km.html
Peugeot 301 2018 134000 Km,29000 DT,Peugeot,,,,,,,115.0,Traction,Berline,,,Bizerte,,,,5.0,4.0,1600.0,,12.01.2026,https://baniola.tn/details/26175/peugeot-301-2018-134000-km.html
Peugeot 505,14000 DT,Peugeot,,,,,,,75.0,Traction,Berline,,,Zaghouan,,,,5.0,4.0,1971.0,,12.01.2026,https://baniola.tn/details/26174/peugeot-505.html
Mercedes Glc 2021 13000 Km,200000 DT,Mercedes,,,,,,,194.0,Intégrale,SUV,,,Tunis,,,,5.0,5.0,1991.0,,11.01.2026,https://baniola.tn/details/26170/mercedes-glc-2021-130000-km.html
Volkswagen Polo 2022 70 Km,53000 DT,Volkswagen,,,,,,,80.0,Traction,Compacte,,,Gafsa,,,,5.0,5.0,999.0,,11.01.2026,https://baniola.tn/details/26172/volkswagen-polo-2022-70-km.html
Citroën Berlingo 2020 14000 Km,48000 DT,Citroen,,,,,,,110.0,Traction,Utilitaire,,,Kasserine,,,,5.0,5.0,1560.0,,11.01.2026,https://baniola.tn/details/26167/citroen-berlingo-2020-140000-km.html
Kia Sportage 2017 58000 Km,88000 DT,Kia,,,,,,,161.0,Traction,SUV,,,Jendouba,,,,5.0,5.0,1600.0,,11.01.2026,https://baniola.tn/details/26168/kia-sportage-2017-58000-km.html
Nissan X-Trail 2017 122300 Km,60000 DT,Nissan,,,,,,,171.0,Intégrale,SUV,,,Medenine,,,,5.0,5.0,1997.0,,30.11.2025,https://baniola.tn/details/25224/nissan-x-trail-2017-122300-km.html
Peugeot 308 2013 225000 Km,36000 DT,Peugeot,,,,,,,115.0,Traction,Berline,,,Tunis,,,,5.0,5.0,1598.0,,11.01.2026,https://baniola.tn/details/26164/peugeot-308-2013-225000-km.html
Volkswagen Golf 2001 300. 000 Km,21000 DT,Volkswagen,,,,,,,115.0,Traction,Compacte,,,Medenine,,,,5.0,3.0,1595.0,,11.01.2026,https://baniola.tn/details/26159/volkswagen-golf-2001-300-000-km.html
Volkswagen Golf 7 2019 16000 Km,38000 DT,Volkswagen,,,,,,,110.0,Traction,Compacte,,,Siliana,,,,5.0,5.0,1600.0,,11.01.2026,https://baniola.tn/details/26163/volkswagen-golf-7-2019-160000-km.html
Volkswagen Bora 2001 48000 Km,22000 DT,Volkswagen,,,,,,,90.0,Traction,Berline,,,Siliana,,,,5.0,4.0,1595.0,,10.01.2026,https://baniola.tn/details/26156/volkswagen-bora-2001-480000-km.html
Renault Symbol 2009 342 Km,26000 DT,Renault,,,,,,,75.0,Traction,Berline,,,Ariana,,,,5.0,4.0,1390.0,,10.01.2026,https://baniola.tn/details/26157/renault-symbol-2009-342-km.html
Peugeot Partner 2022 14000 Km,47000 DT,Peugeot,,,,,,,110.0,Traction,Utilitaire,,,Nabeul,,,,5.0,5.0,1600.0,,10.01.2026,https://baniola.tn/details/26153/peugeot-partner-2022-140000-km.html
Chevrolet Optra 2007 300 Km,15000 DT,Chevrolet,,,,,,,100.0,Traction,Berline,,,Manouba,,,,5.0,4.0,1600.0,,10.01.2026,https://baniola.tn/details/26152/chevrolet-optra-2007-300-km.html
Peugeot 308 2011 151000 Km,25000 DT,Peugeot,,,,,,,110.0,Traction,Berline,,,Monastir,,,,5.0,5.0,1598.0,,10.12.2025,https://baniola.tn/details/25504/peugeot-308-2011-151000-km.html
Mg 5 2022 64000 Km,55000 DT,MG,,,,,,,120.0,Traction,Berline,,,Ariana,,,,5.0,4.0,1500.0,,07.01.2026,https://baniola.tn/details/26097/mg-5-2022-64000-km.html
Peugeot 308 2010 340 Km,32000 DT,Peugeot,,,,,,,110.0,Traction,Berline,,,Sousse,,,,5.0,5.0,1598.0,,10.01.2026,https://baniola.tn/details/26147/peugeot-308-2010-340-km.html
Dacia Duster 2013 266 Km,54400 DT,Dacia,,,,,,,105.0,Traction,SUV,,,Tunis,,,,5.0,5.0,1461.0,,10.01.2026,https://baniola.tn/details/26141/dacia-duster-2013-266-km.html
Mahindra Kuv 100 2020 57000 Km,29000 DT,Mahindra,,,,,,,85.0,Traction,SUV,,,Bizerte,,,,5.0,5.0,1198.0,,09.01.2026,https://baniola.tn/details/26140/mahindra-kuv-100-2020-57000-km.html
Peugeot 206 2006,23000 DT,Peugeot,,,,,,,90.0,Traction,Berline,,,Ben Arous,,,,5.0,4.0,1360.0,,10.01.2026,https://baniola.tn/details/26143/peugeot-206-2006.html
Fiat Palio Weekend 2004 160 Km,13000 DT,Fiat,,,,,,,75.0,Traction,Break,,,Tunis,,,,5.0,5.0,1242.0,,10.01.2026,https://baniola.tn/details/26144/fiat-palio-weekend-2004-160-km.html
Kia Rio 2021 9000 Km,50000 DT,Kia,,,,,,,84.0,Traction,Citadine,,,Ben Arous,,,,5.0,5.0,1400.0,,10.01.2026,https://baniola.tn/details/26145/kia-rio-2021-90000-km.html
Citroën C4 2017 91000 Km,38500 DT,Citroen,,,,,,,115.0,Traction,Berline,,,Ben Arous,,,,5.0,5.0,1600.0,,09.01.2026,https://baniola.tn/details/26130/citroen-c4-2017-91000-km.html
Audi A3 Sportback 2018 141000 Km,72000 DT,Audi,,,,,,,110.0,Traction,Compacte,,,Sidi Bouzid,,,,5.0,5.0,1598.0,,09.01.2026,https://baniola.tn/details/26136/audi-a3-sportback-2018-141000-km.html
Mercedes Autres 2013 9000 Km,52000 DT,Mercedes,,,,,,,170.0,Traction,Berline,,,Tunis,,,,5.0,4.0,2000.0,,09.01.2026,https://baniola.tn/details/26137/mercedes-autres-2013-90000-km.html
Toyota Autres 2023 16000 Km,38000 DT,Toyota,,,,,,,105.0,Traction,Berline,,,Tunis,,,,5.0,4.0,1600.0,,09.01.2026,https://baniola.tn/details/26135/toyota-autres-2023-160000-km.html
Fiat Punto 2008 194482 Km,19000 DT,Fiat,,,,,,,75.0,Traction,Compacte,,,Ariana,,,,5.0,5.0,1200.0,,09.01.2026,https://baniola.tn/details/26129/fiat-punto-2008-194482-km.html
Peugeot 301 2017 33000 Km,0 DT,Peugeot,,,,,,,115.0,Traction,Berline,,,Bizerte,,,,5.0,4.0,1600.0,,08.01.2026,https://baniola.tn/details/26115/peugeot-301-2017-330000-km.html
Renault Symbol 2010 1000 Km,25000 DT,Renault,,,,,,,75.0,Traction,Berline,,,Gabes,,,,5.0,4.0,1598.0,,08.01.2026,https://baniola.tn/details/26117/renault-symbol-2010-100000-km.html
Peugeot 107 2011 150 Km,22000 DT,Peugeot,,,,,,,68.0,Traction,Citadine,,,Ariana,,,,4.0,3.0,998.0,,08.01.2026,https://baniola.tn/details/26120/peugeot-107-2011-150-km.html
Citroën Berlingo 2019 178000 Km,42000 DT,Citroen,,,,,,,95.0,Traction,Utilitaire,,,Medenine,,,,5.0,5.0,1560.0,,08.01.2026,https://baniola.tn/details/26122/citroen-berlingo-2019-178000-km.html
Citroën C4 Cactus 2019 90500 Km,45000 DT,Citroen,,,,,,,110.0,Traction,Compacte,,,Tunis,,,,5.0,5.0,1598.0,,09.01.2026,https://baniola.tn/details/26128/citroen-c4-cactus-2019-90500-km.html
Peugeot 301 2017 3000 Km,0 DT,Peugeot,,,,,,,115.0,Traction,Berline,,,Bizerte,,,,5.0,4.0,1600.0,,08.01.2026,https://baniola.tn/details/26116/peugeot-301-2017-300000-km.html
Peugeot Partner 2021 156000 Km,51000 DT,Peugeot,,,,,,,120.0,Traction,Utilitaire,,,Medenine,,,,5.0,5.0,1600.0,,08.01.2026,https://baniola.tn/details/26119/peugeot-partner-2021-156000-km.html
Fiat Linea 1. 4 2010 230 Km,22000 DT,Fiat,,,,,,,77.0,Traction,Berline,,,Sfax,,,,5.0,4.0,1368.0,,08.01.2026,https://baniola.tn/details/26121/fiat-linea-1-4-2010-230-km.html
Opel Grandland X,82000 DT,Opel,,,,,,,130.0,Traction,SUV,,,Beja,,,,5.0,5.0,1600.0,,08.01.2026,https://baniola.tn/details/26123/opel-grandland-x.html
Suzuki S-Presso 2021 95. 500 Km,30000 DT,Suzuki,,,,,,,67.0,Traction,Citadine,,,Ariana,,,,5.0,4.0,998.0,,08.01.2026,https://baniola.tn/details/26111/suzuki-s-presso-2021-95-500-km.html
Mercedes Classe Cla 2015 167000 Km,75000 DT,Mercedes,,,,,,,122.0,Traction,Berline,,,Tunis,,,,5.0,4.0,1595.0,,08.01.2026,https://baniola.tn/details/26112/mercedes-classe-cla-2015-167000-km.html
Suzuki Celerio 2017 70800 Km,32000 DT,Suzuki,,,,,,,68.0,Traction,Citadine,,,Ariana,,,,5.0,4.0,998.0,,08.01.2026,https://baniola.tn/details/26106/suzuki-celerio-2017-70800-km.html
Mercedes Glc 200C,180000 DT,Mercedes,,,,,,,184.0,Traction,SUV,,,Ariana,,,,5.0,5.0,1991.0,,08.01.2026,https://baniola.tn/details/26105/mercedes-glc-200c.html
Mercedes 250 1993 15000 Km,12000 DT,Mercedes,,,,,,,129.0,Propulsion,Berline,,,Ben Arous,,,,5.0,4.0,2497.0,,07.01.2026,https://baniola.tn/details/26096/mercedes-250-1993-150000-km.html
Mahindra Kuv 100 2021 14000 Km,25000 DT,Mahindra,,,,,,,85.0,Traction,SUV,,,Sfax,,,,5.0,5.0,1198.0,,08.01.2026,https://baniola.tn/details/26104/mahindra-kuv-100-2021-140000-km.html
Mahindra Kuv 100 2021 137000 Km,23000 DT,Mahindra,,,,,,,85.0,Traction,SUV,,,Sfax,,,,5.0,5.0,1198.0,,07.01.2026,https://baniola.tn/details/26099/mahindra-kuv-100-2021-137000-km.html
Volkswagen Passat 2007 1000 Km,20000 DT,Volkswagen,,,,,,,100.0,Traction,Berline,,,Sfax,,,,5.0,4.0,1600.0,,26.11.2025,https://baniola.tn/details/25154/volkswagen-passat-2007-100000-km.html
Fiat Grande Punto 2011 18000 Km,24000 DT,Fiat,,,,,,,95.0,Traction,Compacte,,,Ben Arous,,,,5.0,5.0,1200.0,,07.01.2026,https://baniola.tn/details/26094/fiat-grande-punto-2011-180000-km.html
Isuzu D Max 2025 00 Km,30000 DT,Isuzu,,,,,,,163.0,Intégrale,Pick-up,,,Jendouba,,,,5.0,4.0,2999.0,,07.01.2026,https://baniola.tn/details/26095/isuzu-d-max-2025-00-km.html
Volkswagen Golf 2023 42000 Km,108000 DT,Volkswagen,,,,,,,110.0,Traction,Compacte,,,Ben Arous,,,,5.0,5.0,1400.0,,18.12.2025,https://baniola.tn/details/25677/volkswagen-golf-2023-42000-km.html
Renault R9 1998 300 Km,8000 DT,Renault,,,,,,,60.0,Traction,Berline,,,Beja,,,,5.0,4.0,1100.0,,07.01.2026,https://baniola.tn/details/26093/renault-r9-1998-300-km.html
Geely Coolray 2024 19000 Km,76000 DT,Geely,,,,,,,190.0,Traction,SUV,,,Ariana,,,,5.0,5.0,1500.0,,07.01.2026,https://baniola.tn/details/26092/geely-coolray-2024-19000-km.html
Citroën Ax 2022 75000 Km,27000 DT,Citroen,,,,,,,60.0,Traction,Citadine,,,Sfax,,,,5.0,5.0,1124.0,,02.01.2026,https://baniola.tn/details/25980/citroen-ax-2022-75000-km.html
Isuzu Tfr 1993,33000 DT,Isuzu,,,,,,,100.0,Propulsion,Pick-up,,,Sfax,,,,5.0,2.0,2800.0,,07.01.2026,https://baniola.tn/details/26087/isuzu-tfr-1993.html
Renault Symbol,31000 DT,Renault,,,,,,,75.0,Traction,Berline,,,Renault Symbol Prix non spécifié Négociable Tunis,,,,5.0,4.0,1390.0,,28.12.2025,https://baniola.tn/details/25892/renault-symbol.html
Peugeot Expert 2007,15000 DT,Peugeot,,,,,,,120.0,Traction,Utilitaire,,,Zaghouan,,,,5.0,4.0,1997.0,,07.01.2026,https://baniola.tn/details/26089/peugeot-expert-2007.html
Mercedes 200 1984 123 Km,11 DT,Mercedes,,,,,,,100.0,Propulsion,Berline,,,Siliana,,,,5.0,4.0,1997.0,,07.01.2026,https://baniola.tn/details/26084/mercedes-200-1984-123-km.html
Peugeot 308 Ii Bva 130 Cv 1 Ère Main,50000 DT,Peugeot,,,,,,,130.0,Traction,Berline,,,Sousse,,,,5.0,5.0,1598.0,,07.01.2026,https://baniola.tn/details/26086/peugeot-308-ii-bva-130-cv-1-ère-main.html
Mercedes-Benz Cla200 Amg,71500 DT,Mercedes,,,,,,,184.0,Traction,Berline,,,Tunis,,,,5.0,4.0,1332.0,,06.01.2026,https://baniola.tn/details/26076/mercedes-benz-cla200-amg.html
Renault Clio 2004 Essance,11000 DT,Renault,,,,,,,75.0,Traction,Compacte,,,Sfax,,,,5.0,5.0,1149.0,,06.01.2026,https://baniola.tn/details/26077/renault-clio-2004-essance.html
Nissan Terrano 7 Place 1997,26000 DT,Nissan,,,,,,,105.0,Traction,Monospace,,,Tunis,,,,7.0,5.0,2389.0,,06.01.2026,https://baniola.tn/details/26064/nissan-terrano-7-place-1997.html
Peugeot 407 2009 241 Km,28000 DT,Peugeot,,,,,,,140.0,Traction,Berline,,,Tunis,,,,5.0,4.0,1997.0,,06.01.2026,https://baniola.tn/details/26073/peugeot-407-2009-241-km.html
Volkswagen Polo 2002 270 Km,17000 DT,Volkswagen,,,,,,,75.0,Traction,Compacte,,,Sousse,,,,5.0,3.0,1200.0,,06.01.2026,https://baniola.tn/details/26069/volkswagen-polo-2002-270-km.html
Mercedes C300,94000 DT,Mercedes,,,,,,,258.0,Propulsion,Berline,,,Ariana,,,,5.0,4.0,2999.0,,06.01.2026,https://baniola.tn/details/26068/mercedes-c300.html
Citroën Berlingo 2006 261000 Km,26000 DT,Citroen,,,,,,,90.0,Traction,Utilitaire,,,Gabes,,,,5.0,5.0,1587.0,,06.01.2026,https://baniola.tn/details/26065/citroen-berlingo-2006-261000-km.html
Ford Ecosport 2022 21000 Km Comme Neuve,71000 DT,Ford,,,,,,,125.0,Traction,SUV,,,Ariana,,,,5.0,5.0,1499.0,,06.01.2026,https://baniola.tn/details/26062/ford-ecosport-2022-21000-km-comme-neuve.html
Mazda Mazda6 Essence 2015,39500 DT,Mazda,,,,,,,184.0,Traction,Berline,,,Tunis,,,,5.0,4.0,2488.0,,05.11.2025,https://baniola.tn/details/24845/mazda-mazda6-essence-2015.html
Renault Symbol 2015 174000 Km,27000 DT,Renault,,,,,,,75.0,Traction,Berline,,,Kebili,,,,5.0,4.0,1390.0,,06.01.2026,https://baniola.tn/details/26061/renault-symbol-2015-174000-km.html
Kia Cerato 2010 283000 Km,24000 DT,Kia,,,,,,,115.0,Traction,Berline,,,Tunis,,,,5.0,4.0,1600.0,,06.01.2026,https://baniola.tn/details/26059/kia-cerato-2010-283000-km.html
Peugeot 205,7000 DT,Peugeot,,,,,,,60.0,Traction,Compacte,,,Tunis,,,,5.0,3.0,1360.0,,05.01.2026,https://baniola.tn/details/26055/peugeot-205.html
Kia Rio 2016 123000 Km,39000 DT,Kia,,,,,,,87.0,Traction,Citadine,,,Gafsa,,,,5.0,5.0,1400.0,,05.01.2026,https://baniola.tn/details/26056/kia-rio-2016-123000-km.html
Opel Astra 2011 243000 Km,28500 DT,Opel,,,,,,,115.0,Traction,Berline,,,Le Kef,,,,5.0,5.0,1400.0,,06.01.2026,https://baniola.tn/details/26057/opel-astra-2011-243000-km.html
Mg Mg 5 2022 8000 Km,32000 DT,MG,,,,,,,120.0,Traction,Berline,,,Beja,,,,5.0,4.0,1500.0,,04.01.2026,https://baniola.tn/details/26029/mg-mg-5-2022-80000-km.html
Renault Kwid 2023 23000 Km,16000 DT,Renault,,,,,,,68.0,Traction,SUV,,,Ben Arous,,,,5.0,5.0,999.0,,05.01.2026,https://baniola.tn/details/26052/renault-kwid-2023-23000-km.html
Bmw 320D 1999 325 Km,22000 DT,Bmw,,,,,,,136.0,Propulsion,Berline,,,Medenine,,,,5.0,4.0,1950.0,,05.01.2026,https://baniola.tn/details/26048/bmw-320d-1999-325-km.html
Volkswagen Caddy 2016 210Klm,54 DT,Volkswagen,,,,,,,102.0,Traction,Utilitaire,,,Medenine,,,,5.0,4.0,1600.0,,05.01.2026,https://baniola.tn/details/26049/volkswagen-caddy-2016-210klm.html
Ford Autre 2013,21800 DT,Ford,,,,,,,120.0,Traction,Berline,,,Zaghouan,,,,5.0,4.0,1600.0,,05.01.2026,https://baniola.tn/details/26053/ford-autre-2013.html
Fiat Panda 2015 181 Km,38500 DT,Fiat,,,,,,,69.0,Traction,Citadine,,,Ariana,,,,5.0,5.0,875.0,,05.01.2026,https://baniola.tn/details/26050/fiat-panda-2015-181-km.html
Citroën C5 2012 21000 Km,26500 DT,Citroen,,,,,,,163.0,Traction,Berline,,,Tunis,,,,5.0,4.0,1997.0,,31.12.2025,https://baniola.tn/details/25946/citroen-c5-2012-210000-km.html
Clio Campus,25000 DT,Renault,,,,,,,75.0,Traction,Compacte,,,Jendouba,,,,5.0,5.0,1149.0,,05.01.2026,https://baniola.tn/details/26045/clio-campus.html
Chevrolet Cruze 2017 185000 Km,31000 DT,Chevrolet,,,,,,,140.0,Traction,Berline,,,Ben Arous,,,,5.0,4.0,1600.0,,05.01.2026,https://baniola.tn/details/26043/chevrolet-cruze-2017-185000-km.html
Une Voiture Familiale Confortable et Économique avec D&#0...,65000 DT,Opel,,,,,,,120.0,Traction,Berline,,,Beja,,,,5.0,4.0,1600.0,,05.01.2026,https://baniola.tn/details/26044/une-voiture-familiale-confortable-et-économique-avec-d-amp-039-excellentes-caractéristiques-amp-82.html
Fiat Grande Punto 2013 195000 Km,22000 DT,Fiat,,,,,,,95.0,Traction,Compacte,,,Zaghouan,,,,5.0,5.0,1200.0,,02.01.2026,https://baniola.tn/details/25983/fiat-grande-punto-2013-195000-km.html
Mercedes 300 2015 0 Km,55000 DT,Mercedes,,,,,,,258.0,Propulsion,Berline,,,Mahdia,,,,5.0,4.0,2996.0,,04.01.2026,https://baniola.tn/details/26030/mercedes-300-2015-0-km.html
Kia Sportage 2023 205000 Km,95 DT,Kia,,,,,,,115.0,Traction,SUV,,,Ariana,,,,5.0,5.0,1600.0,,05.01.2026,https://baniola.tn/details/26041/kia-sportage-2023-205000-km.html
Ford Fiesta 2010 250 Km,34000 DT,Ford,,,,,,,60.0,Traction,Citadine,,,Tunis,,,,5.0,3.0,1200.0,,05.01.2026,https://baniola.tn/details/26040/ford-fiesta-2010-250-km.html
Peugeot 208 2020 15000 Km,29000 DT,Peugeot,,,,,,,100.0,Traction,Compacte,,,Ariana,,,,5.0,5.0,1200.0,,05.01.2026,https://baniola.tn/details/26039/peugeot-208-2020-150000-km.html
Voiture pour Handicapés Aménagé pour Tout Sort D&#039; An...,15500 DT,Renault,,,,,,,95.0,Traction,Monospace,,,Nabeul,,,,5.0,5.0,1600.0,,05.01.2026,https://baniola.tn/details/26036/voiture-pour-handicapés-aménagé-pour-tout-sort-d-amp-039-andecaperenault-twingo-8230.html
Bmw 525 2026 111 Km,9000 DT,Bmw,,,,,,,181.0,Propulsion,Berline,,,,,,,5.0,4.0,1995.0,,05.01.2026,https://baniola.tn/details/26035/bmw-525-2026-1111-km.html
Peugeot 206 2003 285 Km,17200 DT,Peugeot,,,,,,,90.0,Traction,Compacte,,,Tunis,,,,5.0,3.0,1360.0,,04.01.2026,https://baniola.tn/details/26034/peugeot-206-2003-285-km.html
Renault Megane 2017 108000 Km,57000 DT,Renault,,,,,,,115.0,Traction,Berline,,,Monastir,,,,5.0,5.0,1600.0,,04.01.2026,https://baniola.tn/details/26033/renault-megane-2017-108000-km.html
Isuzu D Max 2014 2000 Km,79000 DT,Isuzu,,,,,,,130.0,Intégrale,Pick-up,,,Manouba,,,,5.0,4.0,2999.0,,04.01.2026,https://baniola.tn/details/26027/isuzu-d-max-2014-200000-km.html
Peugeot 308 2009 237 Km,23000 DT,Peugeot,,,,,,,110.0,Traction,Berline,,,Ben Arous,,,,5.0,5.0,1598.0,,04.01.2026,https://baniola.tn/details/26026/peugeot-308-2009-237-km.html
Bmw X5 2002 17000 Km,18000 DT,Bmw,,,,,,,184.0,Intégrale,SUV,,,Sousse,,,,5.0,5.0,2979.0,,04.01.2026,https://baniola.tn/details/26023/bmw-x5-2002-17000-km.html
Ford Fiesta,34000 DT,Ford,,,,,,,95.0,Traction,Citadine,,,Ben Arous,,,,5.0,5.0,1200.0,,04.01.2026,https://baniola.tn/details/26024/ford-fiesta.html
Renault Megane 2003 4000 Km,17000 DT,Renault,,,,,,,115.0,Traction,Berline,,,Sousse,,,,5.0,4.0,1598.0,,04.01.2026,https://baniola.tn/details/26018/renault-megane-2003-400000-km.html
Citroën C4 2014 392 Km,20000 DT,Citroen,,,,,,,115.0,Traction,Berline,,,Sfax,,,,5.0,5.0,1600.0,,02.01.2026,https://baniola.tn/details/25973/citroen-c4-2014-392-km.html
Mazda Cx 7 2011 195000 Km,0 DT,Mazda,,,,,,,240.0,Intégrale,SUV,,,Tunis,,,,5.0,5.0,2389.0,,04.01.2026,https://baniola.tn/details/26013/mazda-cx-7-2011-195000-km.html
Nissan Evalia 2000 2000 Km,17000 DT,Nissan,,,,,,,120.0,Traction,Monospace,,,Tunis,,,,7.0,5.0,1600.0,,04.01.2026,https://baniola.tn/details/26014/nissan-evalia-2000-200000-km.html
Volkswagen Polo 1997 48000 Km,12500 DT,Volkswagen,,,,,,,45.0,Traction,Compacte,,,Tunis,,,,5.0,3.0,1043.0,,04.01.2026,https://baniola.tn/details/26017/volkswagen-polo-1997-480000-km.html
Peugeot 301 2017 150 Km,0 DT,Peugeot,,,,,,,115.0,Traction,Berline,,,Gabes,,,,5.0,4.0,1600.0,,31.12.2025,https://baniola.tn/details/25936/peugeot-301-2017-150-km.html
Suzuki Celerio 2023 35000 Km,40000 DT,Suzuki,,,,,,,68.0,Traction,Citadine,,,Tunis,,,,5.0,4.0,998.0,,04.01.2026,https://baniola.tn/details/26008/suzuki-celerio-2023-35000-km.html
Opel Astra H,26000 DT,Opel,,,,,,,105.0,Traction,Berline,,,Ariana,,,,5.0,5.0,1600.0,,03.01.2026,https://baniola.tn/details/26005/opel-astra-h.html
Mazda Cx 7 2011 195000 Km,0 DT,Mazda,,,,,,,240.0,Intégrale,SUV,,,Tunis,,,,5.0,5.0,2389.0,,03.01.2026,https://baniola.tn/details/26003/mazda-cx-7-2011-195000-km.html
Ford Focus 2010 251500 Km,25000 DT,Ford,,,,,,,105.0,Traction,Compacte,,,Nabeul,,,,5.0,5.0,1600.0,,03.01.2026,https://baniola.tn/details/26002/ford-focus-2010-251500-km.html
Citroën Berlingo 2020 135000 Km,75000 DT,Citroen,,,,,,,95.0,Traction,Utilitaire,,,Monastir,,,,5.0,5.0,1560.0,,03.01.2026,https://baniola.tn/details/26001/citroen-berlingo-2020-135000-km.html
Renault Scenic 2007 45000 Km,23500 DT,Renault,,,,,,,105.0,Traction,Monospace,,,Manouba,,,,5.0,5.0,1600.0,,03.01.2026,https://baniola.tn/details/25999/renault-scenic-2007-45000-km.html
Renault Express 1987 000 Km,4900 DT,Renault,,,,,,,45.0,Traction,Utilitaire,,,Sousse,,,,2.0,2.0,1108.0,,03.01.2026,https://baniola.tn/details/25997/renault-express-1987-00000-km.html
Seat Leon 2021,72000 DT,Seat,,,,,,,115.0,Traction,Berline,,,Ben Arous,,,,5.0,5.0,1400.0,,03.01.2026,https://baniola.tn/details/25993/seat-leon-2021.html
Renault Megane 3 Tomtom,28000 DT,Renault,,,,,,,110.0,Traction,Berline,,,Ben Arous,,,,5.0,5.0,1600.0,,02.01.2026,https://baniola.tn/details/25985/renault-megane-3-tomtom.html
Volkswagen Golf 1981 333 Km,5000 DT,Volkswagen,,,,,,,60.0,Traction,Compacte,,,Tunis,,,,5.0,3.0,1272.0,,03.01.2026,https://baniola.tn/details/25989/volkswagen-golf-1981-3333333-km.html
Renault Megane 3 Tomtom,28000 DT,Renault,,,,,,,110.0,Traction,Berline,,,Ben Arous,,,,5.0,5.0,1600.0,,02.01.2026,https://baniola.tn/details/25987/renault-megane-3-tomtom.html
Clio Classique Très Propre,21000 DT,Renault,,,,,,,75.0,Traction,Compacte,,,Ben Arous,,,,5.0,5.0,1149.0,,02.01.2026,https://baniola.tn/details/25988/clio-classique-très-propre.html
Citroën C5 2009 29000 Km,26500 DT,Citroen,,,,,,,128.0,Traction,Berline,,,Ben Arous,,,,5.0,4.0,1997.0,,03.01.2026,https://baniola.tn/details/25991/citroen-c5-2009-290000-km.html
Peugeot 308 2011 26000 Km,32000 DT,Peugeot,,,,,,,110.0,Traction,Berline,,,Sfax,,,,5.0,5.0,1598.0,,03.01.2026,https://baniola.tn/details/25992/peugeot-308-2011-260000-km.html
Toyota Hiace 2016 000 Km,0 DT,Toyota,,,,,,,130.0,Propulsion,Utilitaire,,,Nabeul,,,,8.0,4.0,2800.0,,02.01.2026,https://baniola.tn/details/25982/toyota-hiace-2016-000000-km.html
Hyundai I20 2017 1000 Km,42000 DT,Hyundai,,,,,,,84.0,Traction,Compacte,,,Beja,,,,5.0,5.0,1248.0,,29.12.2025,https://baniola.tn/details/25914/hyundai-i20-2017-100000-km.html
Mg Mg Zs 2021 193000 Km,50000 DT,MG,,,,,,,110.0,Traction,SUV,,,Ariana,,,,5.0,5.0,1500.0,,02.01.2026,https://baniola.tn/details/25978/mg-mg-zs-2021-193000-km.html
Opel Crossland X 2021 117000 Km,60000 DT,Opel,,,,,,,110.0,Traction,SUV,,,Kasserine,,,,5.0,5.0,1200.0,,02.01.2026,https://baniola.tn/details/25979/opel-crossland-x-2021-117000-km.html
Peugeot 206 2002 297100 Km,17500 DT,Peugeot,,,,,,,90.0,Traction,Compacte,,,Bizerte,,,,5.0,5.0,1587.0,,02.01.2026,https://baniola.tn/details/25977/peugeot-206-2002-297100-km.html
Citroën C5 2010 242668 Km,29500 DT,Citroen,,,,,,,128.0,Traction,Berline,,,Nabeul,,,,5.0,4.0,1997.0,,02.01.2026,https://baniola.tn/details/25976/citroen-c5-2010-242668-km.html
Renault Megane 2020 205 Km,38000 DT,Renault,,,,,,,115.0,Traction,Berline,,,Tunis,,,,5.0,5.0,1600.0,,02.01.2026,https://baniola.tn/details/25974/renault-megane-2020-205-km.html
Renault Symbol 2010 209 Km,28000 DT,Renault,,,,,,,75.0,Traction,Berline,,,Tunis,,,,5.0,4.0,1598.0,,02.01.2026,https://baniola.tn/details/25972/renault-symbol-2010-209-km.html
Volkswagen Polo 2018 112000 Km,40000 DT,Volkswagen,,,,,,,70.0,Traction,Compacte,,,Ariana,,,,5.0,5.0,1197.0,,02.01.2026,https://baniola.tn/details/25970/volkswagen-polo-2018-112000-km.html
Peugeot 206 Moteur Neuf,16500 DT,Peugeot,,,,,,,90.0,Traction,Compacte,,,Nabeul,,,,5.0,5.0,1587.0,,31.12.2025,https://baniola.tn/details/25937/peugeot-206-moteur-neuf.html
Renault Symbol 2011 167 Km,23000 DT,Renault,,,,,,,75.0,Traction,Berline,,,Manouba,,,,5.0,4.0,1390.0,,02.01.2026,https://baniola.tn/details/25965/renault-symbol-2011-167-km.html
Volkswagen Golf 1998 372 Km,22000 DT,Volkswagen,,,,,,,90.0,Traction,Compacte,,,Gafsa,,,,5.0,3.0,1595.0,,02.01.2026,https://baniola.tn/details/25964/volkswagen-golf-1998-372-km.html
Citroën Ds3 2013 151. 158 Km,27500 DT,Citroen,,,,,,,115.0,Traction,Compacte,,,Tunis,,,,5.0,3.0,1598.0,,02.01.2026,https://baniola.tn/details/25963/citroen-ds3-2013-151-158-km.html
Seat Ibiza 2019 83000 Km,44500 DT,Seat,,,,,,,95.0,Traction,Compacte,,,Ben Arous,,,,5.0,5.0,1200.0,,01.01.2026,https://baniola.tn/details/25956/seat-ibiza-2019-83000-km.html
Peugeot 5008 2015 2000 Km,35000 DT,Peugeot,,,,,,,163.0,Traction,Monospace,,,Medenine,,,,7.0,5.0,1600.0,,01.01.2026,https://baniola.tn/details/25962/peugeot-5008-2015-200000-km.html
Volkswagen Taigo 2025 1500 Km,28 DT,Volkswagen,,,,,,,110.0,Traction,SUV,,,Tunis,,,,5.0,5.0,1000.0,,01.01.2026,https://baniola.tn/details/25954/volkswagen-taigo-2025-1500-km.html
Fiat Palio Weekend,16000 DT,Fiat,,,,,,,75.0,Traction,Break,,,Tunis,,,,5.0,5.0,1242.0,,27.12.2025,https://baniola.tn/details/25847/fiat-palio-weekend.html
Volkswagen Passat 2011 195 Km,42000 DT,Volkswagen,,,,,,,160.0,Traction,Berline,,,Beja,,,,5.0,4.0,1984.0,,01.01.2026,https://baniola.tn/details/25951/volkswagen-passat-2011-195-km.html
Audi Q5 S-Line Quattro Tdi - Modele Unique - Etat Excepti...,125000 DT,Audi,,,,,,,190.0,Intégrale,SUV,,,Sfax,,,,5.0,5.0,1968.0,,01.01.2026,https://baniola.tn/details/25950/audi-q5-s-line-quattro-tdi-modele-unique-etat-exceptionnel.html
Ford Focus 2015 163000 Km,35500 DT,Ford,,,,,,,125.0,Traction,Compacte,,,Tunis,,,,5.0,5.0,1600.0,,01.01.2026,https://baniola.tn/details/25948/ford-focus-2015-163000-km.html
Volkswagen Polo 2002 16000 Km,14000 DT,Volkswagen,,,,,,,75.0,Traction,Compacte,,,Sfax,,,,5.0,3.0,1200.0,,01.01.2026,https://baniola.tn/details/25949/volkswagen-polo-2002-160000-km.html
Dacia Dokker Model 2012 499 Km,20 DT,Renault,,,,,,,75.0,Traction,Utilitaire,,,Tunis,,,,5.0,5.0,1461.0,,10.12.2025,https://baniola.tn/details/25503/dacia-dokker-model-2012-499-km.html
Mg Zs 2020 19000 Km,50000 DT,MG,,,,,,,110.0,Traction,SUV,,,Gabes,,,,5.0,5.0,1500.0,,31.12.2025,https://baniola.tn/details/25944/mg-zs-2020-190000-km.html
Kia Picanto 2020 76000 Km,39000 DT,Kia,,,,,,,84.0,Traction,Citadine,,,Ben Arous,,,,5.0,5.0,1248.0,,31.12.2025,https://baniola.tn/details/25941/kia-picanto-2020-76000-km.html
Citroën C2 2008 200 Km,20000 DT,Citroen,,,,,,,60.0,Traction,Citadine,,,Tunis,,,,5.0,3.0,1124.0,,31.12.2025,https://baniola.tn/details/25939/citroen-c2-2008-200-km.html
Seat Ibiza,34000 DT,Seat,,,,,,,90.0,Traction,Compacte,,,Tunis,,,,5.0,5.0,1200.0,,31.12.2025,https://baniola.tn/details/25940/seat-ibiza.html
Tata Tata Xenon X2 2018 19000 Km,22000 DT,Tata,,,,,,,115.0,Propulsion,Pick-up,,,Ben Arous,,,,5.0,4.0,2956.0,,31.12.2025,https://baniola.tn/details/25938/tata-tata-xenon-x2-2018-190000-km.html
Volkswagen Golf 2 Année 1990 Num Tel 96296431,8700 DT,Volkswagen,,,,,,,72.0,Traction,Compacte,,,Jendouba,,,,5.0,3.0,1272.0,,30.12.2025,https://baniola.tn/details/25933/volkswagen-golf-2-année-1990-num-tel-96296431.html
Peugeot 206+ 2011 / 210 Km,22000 DT,Peugeot,,,,,,,90.0,Traction,Compacte,,,Tunis,,,,5.0,5.0,1587.0,,30.12.2025,https://baniola.tn/details/25934/peugeot-206-2011-210-km.html
Hyundai Elantra 2013 98600 Km,35000 DT,Hyundai,,,,,,,128.0,Traction,Berline,,,Sousse,,,,5.0,4.0,1600.0,,31.12.2025,https://baniola.tn/details/25935/hyundai-elantra-2013-98600-km.html
Honda Cr-V,30000 DT,Honda,,,,,,,190.0,Intégrale,SUV,,,Ariana,,,,5.0,5.0,1600.0,,30.12.2025,https://baniola.tn/details/25931/honda-cr-v.html
Citroën C3 2017 125800 Km,28000 DT,Citroen,,,,,,,68.0,Traction,Compacte,,,Tunis,,,,5.0,5.0,1199.0,,29.12.2025,https://baniola.tn/details/25898/citroen-c3-2017-125800-km.html
Ford Kuga 2008 260 Km,30000 DT,Ford,,,,,,,136.0,Traction,SUV,,,Nabeul,,,,5.0,5.0,1999.0,,30.12.2025,https://baniola.tn/details/25930/ford-kuga-2008-260-km.html
Volkswagen Jetta 1991 000 Km,9000 DT,Volkswagen,,,,,,,75.0,Traction,Berline,,,Beja,,,,5.0,4.0,1595.0,,30.12.2025,https://baniola.tn/details/25929/volkswagen-jetta-1991-000-km.html
Fiat Punto 1998 52000 Km,16000 DT,Fiat,,,,,,,60.0,Traction,Compacte,,,Sfax,,,,5.0,3.0,1200.0,,30.12.2025,https://baniola.tn/details/25919/fiat-punto-1998-520000-km.html
Fiat Grande Punto 2009 24000 Km,25000 DT,Fiat,,,,,,,75.0,Traction,Compacte,,,Beja,,,,5.0,5.0,1200.0,,30.12.2025,https://baniola.tn/details/25925/fiat-grande-punto-2009-240000-km.html
Kia Rio 2014 228000 Km,36000 DT,Kia,,,,,,,87.0,Traction,Citadine,,,Sousse,,,,5.0,5.0,1400.0,,30.12.2025,https://baniola.tn/details/25927/kia-rio-2014-228000-km.html
Toyota Hiace 2009 93000 Km,0 DT,Toyota,,,,,,,102.0,Propulsion,Utilitaire,,,Bizerte,,,,8.0,4.0,2494.0,,30.12.2025,https://baniola.tn/details/25924/toyota-hiace-2009-930000-km.html
شيري Tiggo 8 2022 55000 Km,76000 DT,Chery,,,,,,,184.0,Traction,SUV,,,Sfax,,,,7.0,5.0,1997.0,,30.12.2025,https://baniola.tn/details/25920/شيري-tiggo-8-2022-55000-km.html
Peugeot 206. Toutes Options 53 280 998,20500 DT,Peugeot,,,,,,,90.0,Traction,Compacte,,,Tunis,,,,5.0,5.0,1587.0,,30.12.2025,https://baniola.tn/details/25918/peugeot-206-toutes-options-53-280-998.html
Kia Sportage 2020 117000 Km,100000 DT,Kia,,,,,,,115.0,Traction,SUV,,,Beja,,,,5.0,5.0,1600.0,,30.12.2025,https://baniola.tn/details/25917/kia-sportage-2020-117000-km.html
Volkswagen Polo 1997 451. 700 Km,12000 DT,Volkswagen,,,,,,,45.0,Traction,Compacte,,,Bizerte,,,,5.0,3.0,1272.0,,29.12.2025,https://baniola.tn/details/25907/volkswagen-polo-1997-451-700-km.html
Kia Seltos 2022 85000 Km,930000 DT,Kia,,,,,,,115.0,Traction,SUV,,,Sfax,,,,5.0,5.0,1600.0,,29.12.2025,https://baniola.tn/details/25910/kia-seltos-2022-85000-km.html
Kia Rio 2014 228000 Km,36000 DT,Kia,,,,,,,87.0,Traction,Compacte,,,Kairouan,,,,5.0,5.0,1400.0,,29.12.2025,https://baniola.tn/details/25912/kia-rio-2014-228000-km.html
Peugeot 2008,42000 DT,Peugeot,,,,,,,130.0,Traction,SUV,,,Tunis,,,,5.0,5.0,1199.0,,29.12.2025,https://baniola.tn/details/25915/peugeot-2008.html
Volkswagen Fox 1992 600. 000 Km,5000 DT,Volkswagen,,,,,,,55.0,Traction,Citadine,,,Tunis,,,,5.0,3.0,1272.0,,29.12.2025,https://baniola.tn/details/25908/volkswagen-fox-1992-600-000-km.html
Mercedes 190-Series 2012,0 DT,Mercedes,,,,,,,120.0,Traction,Berline,,,Sousse,,,,5.0,4.0,1595.0,,29.12.2025,https://baniola.tn/details/25909/mercedes-190-series-2012.html
Fiat Fiorino 2017 202. 000 Km,25000 DT,Fiat,,,,,,,75.0,Traction,Utilitaire,,,Ben Arous,,,,2.0,2.0,1200.0,,29.12.2025,https://baniola.tn/details/25911/fiat-fiorino-2017-202-000-km.html
Volkswagen Golf 8 2020 97000 Km,92000 DT,Volkswagen,,,,,,,110.0,Traction,Compacte,,,Jendouba,,,,5.0,5.0,1400.0,,16.12.2025,https://baniola.tn/details/25642/volkswagen-golf-8-2020-97000-km.html
Seat Exeo 2011 34000 Km,35000 DT,Seat,,,,,,,120.0,Traction,Berline,,,Mahdia,,,,5.0,4.0,1600.0,,29.12.2025,https://baniola.tn/details/25906/seat-exeo-2011-340000-km.html
Citroën C-Elysée 2015 163000 Km,22000 DT,Citroen,,,,,,,115.0,Traction,Berline,,,Ben Arous,,,,5.0,4.0,1600.0,,29.12.2025,https://baniola.tn/details/25901/citroen-c-elysée-2015-163000-km.html
208 Neuve,46000 DT,Peugeot,,,,,,,100.0,Traction,Compacte,,,Manouba,,,,5.0,5.0,1200.0,,29.12.2025,https://baniola.tn/details/25904/208-neuve.html
Kia Proceed 2021 94000 Km,117000 DT,Kia,,,,,,,140.0,Traction,Break,,,Gabes,,,,5.0,5.0,1600.0,,29.12.2025,https://baniola.tn/details/25899/kia-proceed-2021-94000-km.html
Fiat Palio Weekend 2003 00 Km,9000 DT,Fiat,,,,,,,75.0,Traction,Break,,,Nabeul,,,,5.0,5.0,1242.0,,29.12.2025,https://baniola.tn/details/25896/fiat-palio-weekend-2003-00-km.html
Opel Corsa 2002 350 Km,11000 DT,Opel,,,,,,,60.0,Traction,Compacte,,,Ben Arous,,,,5.0,3.0,1200.0,,29.12.2025,https://baniola.tn/details/25897/opel-corsa-2002-350-km.html
Peugeot 308 2021 126 Km,32000 DT,Peugeot,,,,,,,130.0,Traction,Berline,,,Kasserine,,,,5.0,5.0,1600.0,,29.12.2025,https://baniola.tn/details/25894/peugeot-308-2021-126-km.html
Kia Rio 2020 100 Km,49000 DT,Kia,,,,,,,84.0,Traction,Citadine,,,Tunis,,,,5.0,5.0,1400.0,,29.12.2025,https://baniola.tn/details/25895/kia-rio-2020-100-km.html
Ford Fiesta Titanium,29500 DT,Ford,,,,,,,120.0,Traction,Compacte,,,Ben Arous,,,,5.0,5.0,1600.0,,26.12.2025,https://baniola.tn/details/25810/ford-fiesta-titanium.html
Fiat Punto 2003 3000 Km,19000 DT,Fiat,,,,,,,60.0,Traction,Compacte,,,Monastir,,,,5.0,3.0,1200.0,,28.12.2025,https://baniola.tn/details/25893/fiat-punto-2003-300000-km.html
Opel Corsa 2000 23 Km,10000 DT,Opel,,,,,,,60.0,Traction,Compacte,,,Sousse,,,,5.0,3.0,1200.0,,28.12.2025,https://baniola.tn/details/25891/opel-corsa-2000-23-km.html
Hyundai I10 2022 123000 Km,37500 DT,Hyundai,,,,,,,67.0,Traction,Citadine,,,,,,,5.0,5.0,1197.0,,28.12.2025,https://baniola.tn/details/25889/hyundai-i10-2022-1230000-km.html
Peugeot 301 2017 64000 Km,30000 DT,Peugeot,,,,,,,115.0,Traction,Berline,,,Beja,,,,5.0,4.0,1600.0,,28.12.2025,https://baniola.tn/details/25883/peugeot-301-2017-640000-km.html
Renault Kwid 2023 22000 Km,35500 DT,Renault,,,,,,,68.0,Traction,SUV,,,Nabeul,,,,5.0,5.0,999.0,,28.12.2025,https://baniola.tn/details/25884/renault-kwid-2023-22000-km.html
Peugeot 106 2005 0 Km,11 DT,Peugeot,,,,,,,60.0,Traction,Citadine,,,Monastir,,,,5.0,3.0,1124.0,,28.12.2025,https://baniola.tn/details/25887/peugeot-106-2005-0-km.html
Mercedes Classe Clk 1997 305000 Km,19000 DT,Mercedes,,,,,,,225.0,Propulsion,Coupé,,,Tunis,,,,4.0,2.0,3199.0,,28.12.2025,https://baniola.tn/details/25886/mercedes-classe-clk-1997-305000-km.html
Renault Symbol 2017 64000 Km,26000 DT,Renault,,,,,,,75.0,Traction,Berline,,,Nabeul,,,,5.0,4.0,1598.0,,28.12.2025,https://baniola.tn/details/25885/renault-symbol-2017-640000-km.html
Polo 7 Boite Automatique,29500 DT,Volkswagen,,,,,,,90.0,Traction,Compacte,,,Ben Arous,,,,5.0,4.0,1197.0,,28.12.2025,https://baniola.tn/details/25882/polo-7-boite-automatique.html
بيجو 301 2025 7500 Km,17000 DT,Peugeot,,,,,,,115.0,Traction,Berline,,,Bizerte,,,,5.0,4.0,1600.0,,28.12.2025,https://baniola.tn/details/25880/بيجو-301-2025-7500-km.html
Seat Ibiza 2011,28000 DT,Seat,,,,,,,105.0,Traction,Compacte,,,Beja,,,,5.0,5.0,1595.0,,28.12.2025,https://baniola.tn/details/25874/seat-ibiza-2011.html
Citroën C3 2020 160 Km,31000 DT,Citroen,,,,,,,82.0,Traction,Compacte,,,Monastir,,,,5.0,5.0,1199.0,,28.12.2025,https://baniola.tn/details/25878/citroen-c3-2020-160-km.html
Volkswagen Passat 2010 218000 Km,34999 DT,Volkswagen,,,,,,,160.0,Traction,Berline,,,Sfax,,,,5.0,4.0,2000.0,,28.12.2025,https://baniola.tn/details/25877/volkswagen-passat-2010-218000-km.html
Kia Rio 2017 197 Km,37800 DT,Kia,,,,,,,85.0,Traction,Citadine,,,Bizerte,,,,5.0,5.0,1400.0,,28.12.2025,https://baniola.tn/details/25876/kia-rio-2017-197-km.html
Kia Rio 2011 1. 4L Essence,23000 DT,Kia,,,,,,,107.0,Traction,Citadine,,,Ben Arous,,,,5.0,5.0,1396.0,,28.12.2025,https://baniola.tn/details/25873/kia-rio-2011-1-4l-essence.html
Bmw 316I 7Cv 164000 Km,51000 DT,Bmw,,,,,,,136.0,Propulsion,Berline,,,Monastir,,,,5.0,4.0,1995.0,,28.12.2025,https://baniola.tn/details/25871/bmw-316i-7cv-164000-km.html
Bmw 318 2007 27000 Km,32000 DT,Bmw,,,,,,,136.0,Propulsion,Berline,,,Gabes,,,,5.0,4.0,1995.0,,28.12.2025,https://baniola.tn/details/25869/bmw-318-2007-2700000-km.html
Peugeot 3008 2012 26000 Km,37000 DT,Peugeot,,,,,,,120.0,Traction,SUV,,,Nabeul,,,,5.0,5.0,1598.0,,28.12.2025,https://baniola.tn/details/25868/peugeot-3008-2012-260000-km.html
Suzuki Siaz 2017 19000 Km,45000 DT,Suzuki,,,,,,,95.0,Traction,Berline,,,Ariana,,,,5.0,4.0,1400.0,,28.12.2025,https://baniola.tn/details/25867/suzuki-siaz-2017-190000-km.html
Mercedes Classe C 2019 55000 Km,135000 DT,Mercedes,,,,,,,184.0,Traction,Berline,,,Tunis,,,,5.0,4.0,1991.0,,28.12.2025,https://baniola.tn/details/25866/mercedes-classe-c-2019-55000-km.html
Hyundai I10 2022 56 Km,40000 DT,Hyundai,,,,,,,67.0,Traction,Citadine,,,Tunis,,,,5.0,5.0,998.0,,28.12.2025,https://baniola.tn/details/25864/hyundai-i10-2022-56-km.html
Chery Tiggo 2025 000 Km,43500 DT,Chery,,,,,,,150.0,Traction,SUV,,,Tunis,,,,5.0,5.0,2000.0,,28.12.2025,https://baniola.tn/details/25863/chery-tiggo-2025-00000-km.html
Kia Seltos 2022 85000 Km,93000 DT,Kia,,,,,,,115.0,Traction,SUV,,,Sfax,,,,5.0,5.0,1600.0,,27.12.2025,https://baniola.tn/details/25862/kia-seltos-2022-85000-km.html
Hyundai I20 2019 115000 Km,36500 DT,Hyundai,,,,,,,84.0,Traction,Compacte,,,Beja,,,,5.0,5.0,1248.0,,27.12.2025,https://baniola.tn/details/25860/hyundai-i20-2019-115000-km.html
Ford Ranger 2006 7000 Km,23000 DT,Ford,,,,,,,143.0,Propulsion,Pick-up,,,Siliana,,,,5.0,4.0,2954.0,,27.12.2025,https://baniola.tn/details/25859/ford-ranger-2006-70000-km.html
Volkswagen Touran 2009 362. 000 Km,35000 DT,Volkswagen,,,,,,,140.0,Traction,Monospace,,,Tunis,,,,7.0,5.0,1896.0,,27.12.2025,https://baniola.tn/details/25858/volkswagen-touran-2009-362-000-km.html
Dfsk Dfsk K01S 2019 135000 Km,25000 DT,Dfsk,,,,,,,120.0,Traction,SUV,,,,,,,5.0,5.0,1500.0,,27.12.2025,https://baniola.tn/details/25856/dfsk-dfsk-k01s-2019-135000-km.html
Ford Fiesta 2011 258000 Km,26000 DT,Ford,,,,,,,82.0,Traction,Citadine,,,Sousse,,,,5.0,5.0,1600.0,,27.12.2025,https://baniola.tn/details/25855/ford-fiesta-2011-258000-km.html
Peugeot 308 2018 2000 Km,56000 DT,Peugeot,,,,,,,130.0,Traction,Berline,,,Medenine,,,,5.0,5.0,1600.0,,27.12.2025,https://baniola.tn/details/25853/peugeot-308-2018-200000-km.html
Fiat Punto 2000 100 Km,13000 DT,Fiat,,,,,,,60.0,Traction,Compacte,,,Tunis,,,,5.0,3.0,1200.0,,27.12.2025,https://baniola.tn/details/25852/fiat-punto-2000-100-km.html
Renault Clio 2023 22000 Km,16000 DT,Renault,,,,,,,90.0,Traction,Compacte,,,Nabeul,,,,5.0,5.0,1200.0,,27.12.2025,https://baniola.tn/details/25850/renault-clio-2023-22000-km.html
Renault Clio 2013 245000 Km,28000 DT,Renault,,,,,,,75.0,Traction,Berline,,,Tunis,,,,5.0,5.0,1200.0,,27.12.2025,https://baniola.tn/details/25849/renault-clio-2013-245000-km.html
Renault Symbol 2019 14000 Km,31000 DT,Renault,,,,,,,75.0,Traction,Berline,,,,,,,5.0,4.0,1390.0,,27.12.2025,https://baniola.tn/details/25848/renault-symbol-2019-140000-km.html
Renault Clio 2005 600 Km,11000 DT,Renault,,,,,,,75.0,Traction,Compacte,,,Tunis,,,,5.0,3.0,1149.0,,27.12.2025,https://baniola.tn/details/25846/renault-clio-2005-600-km.html
Opel Corsa 2002 350 Km,11000 DT,Opel,,,,,,,60.0,Traction,Compacte,,,Ben Arous,,,,5.0,3.0,1200.0,,27.12.2025,https://baniola.tn/details/25843/opel-corsa-2002-350-km.html
Suzuki Swift 2022 83000 Km,41000 DT,Suzuki,,,,,,,90.0,Traction,Compacte,,,Sfax,,,,5.0,4.0,1200.0,,27.12.2025,https://baniola.tn/details/25841/suzuki-swift-2022-83000-km.html
Tracteur Fiat 2019 4900 Km,60000 DT,Fiat,,,,,,,120.0,Propulsion,Utilitaire,,,Medenine,,,,3.0,2.0,2500.0,,27.12.2025,https://baniola.tn/details/25840/tracteur-fiat-2019-4900-km.html
Hyundai I20 2017 16000 Km,38000 DT,Hyundai,,,,,,,85.0,Traction,Compacte,,,Monastir,,,,5.0,5.0,1200.0,,27.12.2025,https://baniola.tn/details/25839/hyundai-i20-2017-160000-km.html
Fiat Grande Punto 2009 24000 Km,25000 DT,Fiat,,,,,,,75.0,Traction,Compacte,,,Beja,,,,5.0,5.0,1200.0,,27.12.2025,https://baniola.tn/details/25838/fiat-grande-punto-2009-240000-km.html
Peugeot 407 2004 280 Km,19500 DT,Peugeot,,,,,,,109.0,Traction,Berline,,,Mahdia,,,,5.0,4.0,1600.0,,27.12.2025,https://baniola.tn/details/25837/peugeot-407-2004-280-km.html
Citroën C4 2009 55000 Km,21000 DT,Citroen,,,,,,,120.0,Traction,Berline,,,Nabeul,,,,5.0,5.0,1598.0,,26.12.2025,https://baniola.tn/details/25836/citroen-c4-2009-550000-km.html
Dacia Duster Prestige,58000 DT,Dacia,,,,,,,115.0,Traction,SUV,,,Medenine,,,,5.0,5.0,1461.0,,26.12.2025,https://baniola.tn/details/25835/dacia-duster-prestige.html
Opel Astra 2012 243000 Km,28500 DT,Opel,,,,,,,120.0,Traction,Berline,,,Le Kef,,,,5.0,5.0,1400.0,,26.12.2025,https://baniola.tn/details/25834/opel-astra-2012-243000-km.html
Citroën C-Elysée 2015 25000 Km,15000 DT,Citroen,,,,,,,115.0,Traction,Berline,,,Monastir,,,,5.0,4.0,1600.0,,26.12.2025,https://baniola.tn/details/25833/citroen-c-elysée-2015-250000-km.html
Peugeot Bipper Tepee 2017 224000 Km,22000 DT,Peugeot,,,,,,,75.0,Traction,Utilitaire,,,Bizerte,,,,5.0,5.0,1600.0,,26.12.2025,https://baniola.tn/details/25832/peugeot-bipper-tepee-2017-224000-km.html
Renault Megane 2009 185000 Km,22000 DT,Renault,,,,,,,110.0,Traction,Berline,,,Sousse,,,,5.0,4.0,1600.0,,26.12.2025,https://baniola.tn/details/25830/renault-megane-2009-185000-km.html
Fiat Doblo 2018 145000 Km,27000 DT,Fiat,,,,,,,95.0,Traction,Utilitaire,,,Nabeul,,,,5.0,5.0,1400.0,,26.12.2025,https://baniola.tn/details/25827/fiat-doblo-2018-145000-km.html
Bmw X5 2008 300 Km,55000 DT,Bmw,,,,,,,235.0,Intégrale,SUV,,,Ariana,,,,5.0,5.0,2996.0,,26.12.2025,https://baniola.tn/details/25826/bmw-x5-2008-300-km.html
Isuzu D Max 2025 920 Km,108000 DT,Isuzu,,,,,,,150.0,Intégrale,Pick-up,,,Jendouba,,,,5.0,4.0,2999.0,,26.12.2025,https://baniola.tn/details/25824/isuzu-d-max-2025-920-km.html
Suzuki Siaz 2017 19000 Km,45000 DT,Suzuki,,,,,,,95.0,Traction,Berline,,,Ariana,,,,5.0,4.0,1400.0,,26.12.2025,https://baniola.tn/details/25821/suzuki-siaz-2017-190000-km.html
Hyundai Kona 2021 110 Km,85000 DT,Hyundai,,,,,,,118.0,Traction,SUV,,,Mahdia,,,,5.0,5.0,1600.0,,26.12.2025,https://baniola.tn/details/25819/hyundai-kona-2021-110-km.html
Volkswagen Polo 2008 36000 Km,23500 DT,Volkswagen,,,,,,,75.0,Traction,Compacte,,,Nabeul,,,,5.0,3.0,1200.0,,26.12.2025,https://baniola.tn/details/25817/volkswagen-polo-2008-360000-km.html
Mercedes Classe a 2012 2000 Km,54000 DT,Mercedes,,,,,,,115.0,Traction,Compacte,,,Sousse,,,,5.0,5.0,1595.0,,26.12.2025,https://baniola.tn/details/25814/mercedes-classe-a-2012-200000-km.html
Mitsubishi Space Star 2015 17000 Km,21500 DT,Mitsubishi,,,,,,,78.0,Traction,Compacte,,,Ben Arous,,,,5.0,5.0,1193.0,,26.12.2025,https://baniola.tn/details/25813/mitsubishi-space-star-2015-170000-km.html
Tata Tata Xenon X2 2018 3000 Km,25000 DT,Tata,,,,,,,115.0,Propulsion,Pick-up,,,Ben Arous,,,,5.0,4.0,2956.0,,25.12.2025,https://baniola.tn/details/25809/tata-tata-xenon-x2-2018-300000-km.html
Ford Ka 2016 103400 Km,28800 DT,Ford,,,,,,,69.0,Traction,Citadine,,,Ben Arous,,,,5.0,3.0,1196.0,,25.12.2025,https://baniola.tn/details/25808/ford-ka-2016-103400-km.html
Peugeot 206 2012 327 Km,22000 DT,Peugeot,,,,,,,90.0,Traction,Compacte,,,Tunis,,,,5.0,5.0,1360.0,,25.12.2025,https://baniola.tn/details/25802/peugeot-206-2012-327-km.html
Toyota Yaris 2023 56500 Km,47000 DT,Toyota,,,,,,,105.0,Traction,Compacte,,,Tunis,,,,5.0,5.0,1490.0,,25.12.2025,https://baniola.tn/details/25800/toyota-yaris-2023-56500-km.html
Renault Megane 2010 213000 Km,28000 DT,Renault,,,,,,,110.0,Traction,Berline,,,Tunis,,,,5.0,4.0,1600.0,,25.12.2025,https://baniola.tn/details/25799/renault-megane-2010-213000-km.html
Peugeot 205 1992 500. 000 Km,7000 DT,Peugeot,,,,,,,60.0,Traction,Compacte,,,Zaghouan,,,,5.0,3.0,1360.0,,25.12.2025,https://baniola.tn/details/25797/peugeot-205-1992-500-000-km.html
Peugeot 206 2004 32000 Km,12000 DT,Peugeot,,,,,,,90.0,Traction,Compacte,,,Manouba,,,,5.0,5.0,1360.0,,25.12.2025,https://baniola.tn/details/25796/peugeot-206-2004-320000-km.html
Volkswagen Polo 2015 27000 Km,36000 DT,Volkswagen,,,,,,,85.0,Traction,Compacte,,,Ariana,,,,5.0,5.0,1197.0,,25.12.2025,https://baniola.tn/details/25795/volkswagen-polo-2015-270000-km.html
Ford Focus 2012 24000 Km,32000 DT,Ford,,,,,,,105.0,Traction,Compacte,,,Siliana,,,,5.0,5.0,1600.0,,24.12.2025,https://baniola.tn/details/25793/ford-focus-2012-240000-km.html
Renault Clio 2021 72000 Km,38000 DT,Renault,,,,,,,90.0,Traction,Compacte,,,Sfax,,,,5.0,5.0,1200.0,,24.12.2025,https://baniola.tn/details/25792/renault-clio-2021-72000-km.html
Fiat Panda Cross 2022 83000 Km,40000 DT,Fiat,,,,,,,70.0,Traction,Citadine,,,,,,,5.0,5.0,999.0,,24.12.2025,https://baniola.tn/details/25791/fiat-panda-cross-2022-83000-km.html
Renault Clio 2023 78000 Km,44000 DT,Renault,,,,,,,90.0,Traction,Compacte,,,,,,,5.0,5.0,1200.0,,24.12.2025,https://baniola.tn/details/25790/renault-clio-2023-78000-km.html
Seat Ibiza 2022 74000 Km,68000 DT,Seat,,,,,,,95.0,Traction,Compacte,,,Sfax,,,,5.0,5.0,1000.0,,24.12.2025,https://baniola.tn/details/25789/seat-ibiza-2022-74000-km.html
Volkswagen Polo 2017 Essence 155 000 Km,35500 DT,Volkswagen,,,,,,,70.0,Traction,Compacte,,,Sfax,,,,5.0,5.0,1197.0,,24.12.2025,https://baniola.tn/details/25788/volkswagen-polo-2017-essence-155-000-km.html
Volkswagen Golf 2009 264000 Km,35500 DT,Volkswagen,,,,,,,105.0,Traction,Compacte,,,Mahdia,,,,5.0,5.0,1600.0,,24.12.2025,https://baniola.tn/details/25787/volkswagen-golf-2009-264000-km.html
Citroën C3 2012 176000 Km,24000 DT,Citroen,,,,,,,90.0,Traction,Compacte,,,Ariana,,,,5.0,5.0,1600.0,,24.12.2025,https://baniola.tn/details/25786/citroen-c3-2012-176000-km.html
Volkswagen Polo 2007 238000 Km,19000 DT,Volkswagen,,,,,,,75.0,Traction,Compacte,,,Beja,,,,5.0,3.0,1200.0,,24.12.2025,https://baniola.tn/details/25785/volkswagen-polo-2007-238000-km.html
Citroën C4 2007 284000 Km,24000 DT,Citroen,,,,,,,110.0,Traction,Berline,,,Tunis,,,,5.0,5.0,1587.0,,23.12.2025,https://baniola.tn/details/25777/citroen-c4-2007-284000-km.html
Fiat Palio Weekend 2010 245 Km,20500 DT,Fiat,,,,,,,75.0,Traction,Break,,,Beja,,,,5.0,5.0,1150.0,,23.12.2025,https://baniola.tn/details/25776/fiat-palio-weekend-2010-245-km.html
Kia Picanto 2022 250 Km,34000 DT,Kia,,,,,,,67.0,Traction,Citadine,,,Bizerte,,,,5.0,5.0,998.0,,23.12.2025,https://baniola.tn/details/25775/kia-picanto-2022-250-km.html
Mg Mg 5 2021 83000 Km,56000 DT,MG,,,,,,,120.0,Traction,Berline,,,Sousse,,,,5.0,4.0,1500.0,,23.12.2025,https://baniola.tn/details/25774/mg-mg-5-2021-83000-km.html
Suzuki Swift 2021 119000 Km,38000 DT,Suzuki,,,,,,,90.0,Traction,Compacte,,,Ben Arous,,,,5.0,4.0,1200.0,,23.12.2025,https://baniola.tn/details/25772/suzuki-swift-2021-119000-km.html
Peugeot 107 2011 145000 Km,24000 DT,Peugeot,,,,,,,68.0,Traction,Citadine,,,Ben Arous,,,,4.0,3.0,998.0,,22.12.2025,https://baniola.tn/details/25771/peugeot-107-2011-145000-km.html
Mahindra Kuv 100 2019 112000 Km,28000 DT,Mahindra,,,,,,,82.0,Traction,SUV,,,Sousse,,,,5.0,5.0,1198.0,,22.12.2025,https://baniola.tn/details/25770/mahindra-kuv-100-2019-112000-km.html
Dacia Logan 2016 244. 000 Km,14900 DT,Dacia,,,,,,,75.0,Traction,Berline,,,Sfax,,,,5.0,4.0,1200.0,,22.12.2025,https://baniola.tn/details/25769/dacia-logan-2016-244-000-km.html
Citroën C4 2013 255000 Km,35000 DT,Citroen,,,,,,,120.0,Traction,Berline,,,Tunis,,,,5.0,5.0,1600.0,,22.12.2025,https://baniola.tn/details/25767/citroen-c4-2013-255000-km.html
Citroën C-Elysée 2015 162000 Km,21000 DT,Citroen,,,,,,,115.0,Traction,Berline,,,Ben Arous,,,,5.0,4.0,1587.0,,22.12.2025,https://baniola.tn/details/25766/citroen-c-elysée-2015-162000-km.html
Renault Megane 2010 136 Km,32000 DT,Renault,,,,,,,110.0,Traction,Berline,,,Medenine,,,,5.0,4.0,1600.0,,22.12.2025,https://baniola.tn/details/25765/renault-megane-2010-136-km.html
Peugeot 308Sw 2008 75000 Km,32000 DT,Peugeot,,,,,,,110.0,Traction,Break,,,Ariana,,,,5.0,5.0,1598.0,,22.12.2025,https://baniola.tn/details/25764/peugeot-308sw-2008-75000-km.html
Hyundai I10 2023 105 Km,37000 DT,Hyundai,,,,,,,67.0,Traction,Citadine,,,Sousse,,,,5.0,5.0,998.0,,22.12.2025,https://baniola.tn/details/25763/hyundai-i10-2023-105-km.html
Hyundai Tucson 2023 32000 Km,115000 DT,Hyundai,,,,,,,170.0,Traction,SUV,,,Tunis,,,,5.0,5.0,1600.0,,22.12.2025,https://baniola.tn/details/25762/hyundai-tucson-2023-32000-km.html
Chevrolet Aveo 2016 18000 Km,19000 DT,Chevrolet,,,,,,,95.0,Traction,Berline,,,Ben Arous,,,,5.0,4.0,1399.0,,22.12.2025,https://baniola.tn/details/25761/chevrolet-aveo-2016-180000-km.html
Seat Ibiza 2021 28810 Km,52000 DT,Seat,,,,,,,95.0,Traction,Compacte,,,Ben Arous,,,,5.0,5.0,1000.0,,22.12.2025,https://baniola.tn/details/25760/seat-ibiza-2021-28810-km.html
Nissan Navara 2012 15000 Km,42000 DT,Nissan,,,,,,,190.0,Intégrale,Pick-up,,,Sfax,,,,5.0,4.0,2500.0,,22.12.2025,https://baniola.tn/details/25758/nissan-navara-2012-150000-km.html
Mercedes 200 2008 400 Km,48000 DT,Mercedes,,,,,,,136.0,Propulsion,Berline,,,Sousse,,,,5.0,4.0,1998.0,,22.12.2025,https://baniola.tn/details/25756/mercedes-200-2008-400-km.html
Chrysler Pt Cruiser 2001 118000 Km,19000 DT,Chrysler,,,,,,,115.0,Traction,Monospace,,,Ben Arous,,,,5.0,5.0,1996.0,,21.12.2025,https://baniola.tn/details/25750/chrysler-pt-cruiser-2001-118000-km.html
Suzuki Swift 2017 135000 Km,29500 DT,Suzuki,,,,,,,90.0,Traction,Compacte,,,Bizerte,,,,5.0,4.0,1200.0,,21.12.2025,https://baniola.tn/details/25748/suzuki-swift-2017-135000-km.html
Toyota Aygo 2023 46000 Km,35000 DT,Toyota,,,,,,,72.0,Traction,Citadine,,,Ben Arous,,,,4.0,5.0,998.0,,21.12.2025,https://baniola.tn/details/25747/toyota-aygo-2023-46000-km.html
Peugeot 308 Blue Hdi Anné 2016 Diesel. importe M&#039; En...,44000 DT,Peugeot,,,,,,,120.0,Traction,Berline,,,Ben Arous,,,,5.0,5.0,1560.0,,21.12.2025,https://baniola.tn/details/25746/peugeot-308-blue-hdi-anné-2016-diesel-importe-m-amp-039-en-franca.html
Citroën C3 2017 58000 Km,39000 DT,Citroen,,,,,,,82.0,Traction,Compacte,,,Ben Arous,,,,5.0,5.0,1199.0,,21.12.2025,https://baniola.tn/details/25745/citroen-c3-2017-58000-km.html
Peugeot Partner 2022 16000 Km,50200 DT,Peugeot,,,,,,,130.0,Traction,Utilitaire,,,Gabes,,,,5.0,5.0,1600.0,,21.12.2025,https://baniola.tn/details/25744/peugeot-partner-2022-160000-km.html
Audi A3 Sportback 2009 277700. 000 Km,42000 DT,Audi,,,,,,,105.0,Traction,Compacte,,,Kasserine,,,,5.0,5.0,1595.0,,21.12.2025,https://baniola.tn/details/25740/audi-a3-sportback-2009-277700-000-km.html
Citroën C5 2014 319000 Km,36500 DT,Citroen,,,,,,,163.0,Traction,Berline,,,Tunis,,,,5.0,4.0,1997.0,,21.12.2025,https://baniola.tn/details/25738/citroen-c5-2014-319000-km.html
Volkswagen Polo 3 1998 21000 Km,10500 DT,Volkswagen,,,,,,,75.0,Traction,Compacte,,,Sfax,,,,5.0,3.0,1200.0,,21.12.2025,https://baniola.tn/details/25737/volkswagen-polo-3-1998-210000-km.html
Fiat Uno 1994 304000 Km,8500 DT,Fiat,,,,,,,45.0,Traction,Citadine,,,Nabeul,,,,5.0,3.0,1108.0,,21.12.2025,https://baniola.tn/details/25734/fiat-uno-1994-304000-km.html
Peugeot 308 2021 14000 Km,32000 DT,Peugeot,,,,,,,130.0,Traction,Berline,,,Medenine,,,,5.0,5.0,1600.0,,21.12.2025,https://baniola.tn/details/25733/peugeot-308-2021-140000-km.html
Volkswagen Polo 2004 161000 Km,18000 DT,Volkswagen,,,,,,,75.0,Traction,Compacte,,,Sidi Bouzid,,,,5.0,3.0,1595.0,,21.12.2025,https://baniola.tn/details/25732/volkswagen-polo-2004-161000-km.html
Tata Tata Xenon X2 2019 18000 Km,20000 DT,Tata,,,,,,,115.0,Propulsion,Pick-up,,,Le Kef,,,,5.0,4.0,2956.0,,21.12.2025,https://baniola.tn/details/25731/tata-tata-xenon-x2-2019-180000-km.html
Fiat Punto 2002 000 Km,14000 DT,Fiat,,,,,,,60.0,Traction,Compacte,,,Mahdia,,,,5.0,3.0,1242.0,,20.12.2025,https://baniola.tn/details/25728/fiat-punto-2002-000-km.html
Volkswagen Golf 7 2017 139000 Km,49000 DT,Volkswagen,,,,,,,110.0,Traction,Compacte,,,Ariana,,,,5.0,5.0,1600.0,,20.12.2025,https://baniola.tn/details/25727/volkswagen-golf-7-2017-139000-km.html
Bmw 316 1996 42000 Km,22000 DT,Bmw,,,,,,,102.0,Propulsion,Berline,,,Sfax,,,,5.0,4.0,1596.0,,20.12.2025,https://baniola.tn/details/25723/bmw-316-1996-420000-km.html
Audi A4 2011 300. 000 Km,34900 DT,Audi,,,,,,,170.0,Traction,Berline,,,Bizerte,,,,5.0,4.0,2000.0,,20.12.2025,https://baniola.tn/details/25721/audi-a4-2011-300-000-km.html
Citroën C4 Ii 2013 94000 Km,31000 DT,Citroen,,,,,,,115.0,Traction,Berline,,,Tunis,,,,5.0,4.0,1600.0,,20.12.2025,https://baniola.tn/details/25719/citroen-c4-ii-2013-94000-km.html
Nissan Qashqai 2018 149000 Km,65000 DT,Nissan,,,,,,,115.0,Traction,SUV,,,Ben Arous,,,,5.0,5.0,1600.0,,20.12.2025,https://baniola.tn/details/25715/nissan-qashqai-2018-149000-km.html
Isuzu D Max 2025 0 Km,105000 DT,Isuzu,,,,,,,150.0,Intégrale,Pick-up,,,Nabeul,,,,5.0,4.0,2999.0,,20.12.2025,https://baniola.tn/details/25714/isuzu-d-max-2025-0-km.html
Peugeot 208 2022 105000 Km,35000 DT,Peugeot,,,,,,,100.0,Traction,Compacte,,,Tunis,,,,5.0,5.0,1199.0,,20.12.2025,https://baniola.tn/details/25713/peugeot-208-2022-105000-km.html
Citroën C5 2021 133000 Km,73000 DT,Citroen,,,,,,,130.0,Traction,Berline,,,Kasserine,,,,5.0,4.0,1600.0,,19.12.2025,https://baniola.tn/details/25712/citroen-c5-2021-133000-km.html
Peugeot 3008 2021 126000 Km,85000 DT,Peugeot,,,,,,,130.0,Traction,SUV,,,Medenine,,,,5.0,5.0,1600.0,,19.12.2025,https://baniola.tn/details/25710/peugeot-3008-2021-126000-km.html
Toyota Autres 2023 15779 Km,40000 DT,Toyota,,,,,,,105.0,Traction,Berline,,,Tunis,,,,5.0,4.0,1600.0,,19.12.2025,https://baniola.tn/details/25709/toyota-autres-2023-15779-km.html
Peugeot 208,36000 DT,Peugeot,,,,,,,100.0,Traction,Compacte,,,Tozeur,,,,5.0,5.0,1200.0,,19.12.2025,https://baniola.tn/details/25707/peugeot-208.html
Seat Ibiza Fr 2023 7000 Km,50000 DT,Seat,,,,,,,95.0,Traction,Compacte,,,Tunis,,,,5.0,5.0,1000.0,,19.12.2025,https://baniola.tn/details/25708/seat-ibiza-fr-2023-70000-km.html
Peugeot 508 2012 23000 Km,77000 DT,Peugeot,,,,,,,163.0,Traction,Berline,,,Tunis,,,,5.0,4.0,1598.0,,19.12.2025,https://baniola.tn/details/25705/peugeot-508-2012-230000-km.html
Peugeot 407 2007 35000 Km,19500 DT,Peugeot,,,,,,,140.0,Traction,Berline,,,Ariana,,,,5.0,4.0,1997.0,,19.12.2025,https://baniola.tn/details/25703/peugeot-407-2007-350000-km.html
Ssangyong Korando 2012 3000 Km,22000 DT,Ssangyong,,,,,,,175.0,Traction,SUV,,,Ben Arous,,,,5.0,5.0,1998.0,,19.12.2025,https://baniola.tn/details/25702/ssangyong-korando-2012-300000-km.html
Chevrolet Sonic 2022 67000 Km,34000 DT,Chevrolet,,,,,,,115.0,Traction,Compacte,,,Tunis,,,,5.0,4.0,1400.0,,19.12.2025,https://baniola.tn/details/25701/chevrolet-sonic-2022-67000-km.html
Peugeot 406 1997 999 Km,15000 DT,Peugeot,,,,,,,90.0,Traction,Berline,,,Le Kef,,,,5.0,4.0,1580.0,,19.12.2025,https://baniola.tn/details/25700/peugeot-406-1997-999-km.html
Fiat Grande Punto 2007 24000 Km,19500 DT,Fiat,,,,,,,75.0,Traction,Compacte,,,Tunis,,,,5.0,5.0,1200.0,,19.12.2025,https://baniola.tn/details/25699/fiat-grande-punto-2007-240000-km.html
Renault R21 1993,10500 DT,Renault,,,,,,,88.0,Traction,Berline,,,Mahdia,,,,5.0,4.0,1731.0,,19.12.2025,https://baniola.tn/details/25698/renault-r21-1993.html
Kia Rio 2010 147000 Km,25000 DT,Kia,,,,,,,80.0,Traction,Citadine,,,Ben Arous,,,,5.0,5.0,1400.0,,19.12.2025,https://baniola.tn/details/25697/kia-rio-2010-147000-km.html
Mercedes Cla 250E 2023 25000 Km,168000 DT,Mercedes,,,,,,,224.0,Traction,Compacte,,,Tunis,,,,5.0,4.0,1991.0,,19.12.2025,https://baniola.tn/details/25695/mercedes-cla-250e-2023-25000-km.html
Suzuki Samurai 1996 9000 Km,25000 DT,Suzuki,,,,,,,45.0,Intégrale,SUV,,,Monastir,,,,4.0,3.0,970.0,,19.12.2025,https://baniola.tn/details/25694/suzuki-samurai-1996-90000-km.html
Peugeot Partner 2003 301 Km,18500 DT,Peugeot,,,,,,,70.0,Traction,Utilitaire,,,Beja,,,,2.0,5.0,1360.0,,19.12.2025,https://baniola.tn/details/25693/peugeot-partner-2003-301-km.html
Polo 5 Comfortline Double Arbre à Cames,17400 DT,Volkswagen,,,,,,,85.0,Traction,Compacte,,,Bizerte,,,,5.0,5.0,1198.0,,19.12.2025,https://baniola.tn/details/25692/polo-5-comfortline-double-arbre-à-cames.html
Ford Focus 2014 Diesel 300 000 Km,30000 DT,Ford,,,,,,,115.0,Traction,Compacte,,,Ariana,,,,5.0,5.0,1600.0,,19.12.2025,https://baniola.tn/details/25691/ford-focus-2014-diesel-300-000-km.html
Kia Picanto 2014 Essence 207 000 Km,21800 DT,Kia,,,,,,,87.0,Traction,Citadine,,,,,,,5.0,5.0,1248.0,,19.12.2025,https://baniola.tn/details/25690/kia-picanto-2014-essence-207-000-km.html
Peugeot 308 2014 13000 Km,37500 DT,Peugeot,,,,,,,115.0,Traction,Berline,,,Sousse,,,,5.0,5.0,1598.0,,18.12.2025,https://baniola.tn/details/25689/peugeot-308-2014-130000-km.html
Suzuki Dzair 2023,31500 DT,Suzuki,,,,,,,95.0,Traction,Berline,,,Gabes,,,,5.0,4.0,1200.0,,18.12.2025,https://baniola.tn/details/25688/suzuki-dzair-2023.html
Renault Master 2015 75000 Km,35000 DT,Renault,,,,,,,130.0,Traction,Utilitaire,,,Mahdia,,,,3.0,4.0,2200.0,,18.12.2025,https://baniola.tn/details/25685/renault-master-2015-75000-km.html
A Vendre Suzuki Dzair2023,31500 DT,Suzuki,,,,,,,95.0,Traction,Berline,,,Gabes,,,,5.0,4.0,1400.0,,18.12.2025,https://baniola.tn/details/25683/a-vendre-suzuki-dzair2023.html
Volkswagen Gol 2013 139000 Km,46500 DT,Volkswagen,,,,,,,105.0,Traction,Compacte,,,Sousse,,,,5.0,4.0,1600.0,,18.12.2025,https://baniola.tn/details/25681/volkswagen-gol-2013-139000-km.html
Kia Rio 2013 16000 Km,35500 DT,Kia,,,,,,,87.0,Traction,Citadine,,,Ariana,,,,5.0,5.0,1400.0,,18.12.2025,https://baniola.tn/details/25680/kia-rio-2013-160000-km.html
Hyundai I20 2019 161000 Km,42000 DT,Hyundai,,,,,,,84.0,Traction,Compacte,,,Kebili,,,,5.0,5.0,1248.0,,18.12.2025,https://baniola.tn/details/25679/hyundai-i20-2019-161000-km.html
Chevrolet Cruze Sw 2012 200 Km,21000 DT,Chevrolet,,,,,,,140.0,Traction,Break,,,Tunis,,,,5.0,5.0,1800.0,,18.12.2025,https://baniola.tn/details/25675/chevrolet-cruze-sw-2012-200-km.html
Peugeot Partner 2021 163000 Km,36000 DT,Peugeot,,,,,,,120.0,Traction,Utilitaire,,,Nabeul,,,,5.0,5.0,1600.0,,18.12.2025,https://baniola.tn/details/25674/peugeot-partner-2021-163000-km.html
Haval H6 2019 166 Km,69000 DT,Haval,,,,,,,190.0,Traction,SUV,,,Tunis,,,,5.0,5.0,1997.0,,18.12.2025,https://baniola.tn/details/25673/haval-h6-2019-166-km.html
Volkswagen Golf 2018 25000 Km,70000 DT,Volkswagen,,,,,,,110.0,Traction,Compacte,,,Nabeul,,,,5.0,5.0,1600.0,,18.12.2025,https://baniola.tn/details/25670/volkswagen-golf-2018-250000-km.html
Kia Optima 2012 168000 Km,37000 DT,Kia,,,,,,,178.0,Traction,Berline,,,Le Kef,,,,5.0,4.0,2400.0,,17.12.2025,https://baniola.tn/details/25669/kia-optima-2012-168000-km.html
Volkswagen Golf 8 2020 97000 Km,96000 DT,Volkswagen,,,,,,,110.0,Traction,Compacte,,,Tunis,,,,5.0,5.0,1400.0,,17.12.2025,https://baniola.tn/details/25668/volkswagen-golf-8-2020-97000-km.html
Peugeot 508 2011 294000 Km,35000 DT,Peugeot,,,,,,,140.0,Traction,Berline,,,Ariana,,,,5.0,4.0,1600.0,,17.12.2025,https://baniola.tn/details/25667/peugeot-508-2011-294000-km.html
"Škoda Karoq, Etat Neuf",92500 DT,Skoda,,,,,,,150.0,Traction,SUV,,,Le Kef,,,,5.0,5.0,1600.0,,17.12.2025,https://baniola.tn/details/25664/skoda-karoq-etat-neuf.html
Fiat Grande Punto 2013 188000 Km,25000 DT,Fiat,,,,,,,95.0,Traction,Compacte,,,Ben Arous,,,,5.0,5.0,1200.0,,17.12.2025,https://baniola.tn/details/25663/fiat-grande-punto-2013-188000-km.html
Peugeot 206,8000 DT,Peugeot,,,,,,,90.0,Traction,Compacte,,,Sousse,,,,5.0,5.0,1587.0,,17.12.2025,https://baniola.tn/details/25662/peugeot-206.html
Hyundai I10 2017 16000 Km,32000 DT,Hyundai,,,,,,,87.0,Traction,Citadine,,,Kasserine,,,,5.0,5.0,1197.0,,17.12.2025,https://baniola.tn/details/25661/hyundai-i10-2017-160000-km.html
Mercedes Classe E 2014 282000 Km,78000 DT,Mercedes,,,,,,,211.0,Propulsion,Berline,,,Monastir,,,,5.0,4.0,3498.0,,17.12.2025,https://baniola.tn/details/25660/mercedes-classe-e-2014-282000-km.html
Land Rover Evoque 2016 100 Km,110000 DT,Land rover,,,,,,,180.0,Intégrale,SUV,,,Le Kef,,,,5.0,5.0,1999.0,,17.12.2025,https://baniola.tn/details/25658/land-rover-evoque-2016-100-km.html
Volkswagen Jetta 2012 222000 Km,45000 DT,Volkswagen,,,,,,,105.0,Traction,Berline,,,Manouba,,,,5.0,4.0,1600.0,,17.12.2025,https://baniola.tn/details/25657/volkswagen-jetta-2012-222000-km.html
Peugeot 208 2024 18500 Km,57000 DT,Peugeot,,,,,,,130.0,Traction,Berline,,,Monastir,,,,5.0,5.0,1199.0,,17.12.2025,https://baniola.tn/details/25654/peugeot-208-2024-18500-km.html
Peugeot Expert,40000 DT,Peugeot,,,,,,,130.0,Traction,Utilitaire,,,Tunis,,,,3.0,4.0,1997.0,,17.12.2025,https://baniola.tn/details/25653/peugeot-expert.html
Volkswagen Polo 7 Restylé,33800 DT,Volkswagen,,,,,,,90.0,Traction,Compacte,,,Sousse,,,,5.0,5.0,1197.0,,17.12.2025,https://baniola.tn/details/25651/volkswagen-polo-7-restylé.html
Volkswagen Tiguan 2011 28000 Km,46500 DT,Volkswagen,,,,,,,140.0,Traction,SUV,,,Manouba,,,,5.0,5.0,1984.0,,17.12.2025,https://baniola.tn/details/25650/volkswagen-tiguan-2011-280000-km.html
Renault Arkana 2022 1000 Km,95000 DT,Renault,,,,,,,140.0,Traction,SUV,,,Ben Arous,,,,5.0,5.0,1600.0,,17.12.2025,https://baniola.tn/details/25649/renault-arkana-2022-100000-km.html
Ford Figo 2014 157 Km,20000 DT,Ford,,,,,,,85.0,Traction,Compacte,,,Sousse,,,,5.0,4.0,1400.0,,17.12.2025,https://baniola.tn/details/25647/ford-figo-2014-157-km.html
Mercedes Classe a 2022 7000 Km,107000 DT,Mercedes,,,,,,,163.0,Traction,Compacte,,,Ariana,,,,5.0,5.0,1332.0,,17.12.2025,https://baniola.tn/details/25646/mercedes-classe-a-2022-70000-km.html
Citroën D S 3 2017 129000 Km,31500 DT,Citroen,,,,,,,120.0,Traction,Compacte,,,Le Kef,,,,5.0,5.0,1600.0,,17.12.2025,https://baniola.tn/details/25645/citroen-d-s-3-2017-129000-km.html
Volkswagen Golf 2012 183 Km,42000 DT,Volkswagen,,,,,,,105.0,Traction,Compacte,,,Ariana,,,,5.0,5.0,1600.0,,16.12.2025,https://baniola.tn/details/25644/volkswagen-golf-2012-183-km.html
Hyundai I20 2022 73000 Km,53000 DT,Hyundai,,,,,,,84.0,Traction,Compacte,,,Gafsa,,,,5.0,5.0,1200.0,,16.12.2025,https://baniola.tn/details/25643/hyundai-i20-2022-73000-km.html
Fiat Grande Punto 2013 230 Km,5300 DT,Fiat,,,,,,,95.0,Traction,Compacte,,,Gafsa,,,,5.0,5.0,1200.0,,16.12.2025,https://baniola.tn/details/25641/fiat-grande-punto-2013-230-km.html
Wallyscar 619 2022 76000 Km,25000 DT,Wallyscar,,,,,,,85.0,Traction,SUV,,,Mahdia,,,,5.0,5.0,1598.0,,16.12.2025,https://baniola.tn/details/25640/wallyscar-619-2022-76000-km.html
Fiat 500 2013 194000 Km,26500 DT,Fiat,,,,,,,69.0,Traction,Citadine,,,Tunis,,,,4.0,3.0,1242.0,,16.12.2025,https://baniola.tn/details/25637/fiat-500-2013-194000-km.html
Mitsubishi Pajero 2013 236000 Km,36000 DT,Mitsubishi,,,,,,,129.0,Intégrale,SUV,,,Nabeul,,,,7.0,5.0,3200.0,,16.12.2025,https://baniola.tn/details/25636/mitsubishi-pajero-2013-2360000-km.html
Dacia Sandero 2015 Essence 182 000 Km,47000 DT,Dacia,,,,,,,75.0,Traction,Berline,,,Sousse,,,,5.0,4.0,1390.0,,16.12.2025,https://baniola.tn/details/25634/dacia-sandero-2015-essence-182-000-km.html
Volkswagen Polo Essence 0 Km,33000 DT,Volkswagen,,,,,,,90.0,Traction,Compacte,,,Nabeul,,,,5.0,5.0,1200.0,,16.12.2025,https://baniola.tn/details/25633/volkswagen-polo-essence-0-km.html
Renault Clio 2025,20000 DT,Renault,,,,,,,90.0,Traction,Berline,,,Tunis,,,,5.0,5.0,1200.0,,16.12.2025,https://baniola.tn/details/25631/renault-clio-2025.html
Golf 7,49000 DT,Volkswagen,,,,,,,105.0,Traction,Compacte,,,Tunis,,,,5.0,5.0,1400.0,,16.12.2025,https://baniola.tn/details/25630/golf-7.html
Kia Picanto 2013 Essence,0 DT,Kia,,,,,,,87.0,Traction,Citadine,,,Ariana,,,,5.0,5.0,1248.0,,16.12.2025,https://baniola.tn/details/25629/kia-picanto-2013-essence.html
Volkswagen Polo Essence 300 000 Km,25500 DT,Volkswagen,,,,,,,75.0,Traction,Compacte,,,Tunis,,,,5.0,5.0,1200.0,,16.12.2025,https://baniola.tn/details/25628/volkswagen-polo-essence-300-000-km.html
Fiat Fiorino 2019 396. 000 Km,24000 DT,Fiat,,,,,,,80.0,Traction,Utilitaire,,,Tunis,,,,2.0,2.0,1200.0,,16.12.2025,https://baniola.tn/details/25626/fiat-fiorino-2019-396-000-km.html
Kia Rio 2015 300 Km,35000 DT,Kia,,,,,,,87.0,Traction,Citadine,,,Tunis,,,,5.0,5.0,1400.0,,16.12.2025,https://baniola.tn/details/25625/kia-rio-2015-300-km.html
Peugeot 301 2017 140 Km,26500 DT,Peugeot,,,,,,,115.0,Traction,Berline,,,,,,,5.0,4.0,1600.0,,16.12.2025,https://baniola.tn/details/25624/peugeot-301-2017-140-km.html
Seat Ibiza 2010 168 Km,32000 DT,Seat,,,,,,,70.0,Traction,Compacte,,,Kairouan,,,,5.0,3.0,1197.0,,15.12.2025,https://baniola.tn/details/25617/seat-ibiza-2010-168-km.html
Toyota Aygo 2023 46000 Km,35000 DT,Toyota,,,,,,,72.0,Traction,Citadine,,,Ben Arous,,,,4.0,5.0,998.0,,15.12.2025,https://baniola.tn/details/25614/toyota-aygo-2023-46000-km.html
Peugeot 307 2003 344000 Km,25000 DT,Peugeot,,,,,,,90.0,Traction,Berline,,,Monastir,,,,5.0,4.0,1587.0,,15.12.2025,https://baniola.tn/details/25612/peugeot-307-2003-344000-km.html
Renault Fluence 2011 323000 Km,27000 DT,Renault,,,,,,,110.0,Traction,Berline,,,Ariana,,,,5.0,4.0,1600.0,,15.12.2025,https://baniola.tn/details/25611/renault-fluence-2011-323000-km.html
Škoda Karoq 2022 Essence,55000 DT,Skoda,,,,,,,110.0,Traction,SUV,,,Gafsa,,,,5.0,5.0,1600.0,,15.12.2025,https://baniola.tn/details/25610/skoda-karoq-2022-essence.html
"Peugeot 308 Blue Hd. i 6 Ch Diesel Année 216. Com, 220 Km...",44000 DT,Peugeot,,,,,,,130.0,Traction,Berline,,,Ben Arous,,,,5.0,5.0,1560.0,,15.12.2025,https://baniola.tn/details/25608/peugeot-308-blue-hd-i-6-ch-diesel-année-216-com-220-km-importé-france.html
Renault Clio Essence,16000 DT,Renault,,,,,,,75.0,Traction,Compacte,,,Beja,,,,5.0,5.0,1200.0,,15.12.2025,https://baniola.tn/details/25606/renault-clio-essence.html
Ford Focus 2014 Diesel 300 000 Km,30000 DT,Ford,,,,,,,115.0,Traction,Compacte,,,Sfax,,,,5.0,5.0,1600.0,,15.12.2025,https://baniola.tn/details/25604/ford-focus-2014-diesel-300-000-km.html
Peugeot 206 2000 3000 Km,9000 DT,Peugeot,,,,,,,95.0,Traction,Berline,,,Tunis,,,,5.0,4.0,1587.0,,15.12.2025,https://baniola.tn/details/25603/peugeot-206-2000-300000-km.html
Hyundai I10 2015 Essence 0 Km,32500 DT,Hyundai,,,,,,,87.0,Traction,Citadine,,,Tunis,,,,5.0,5.0,1248.0,,15.12.2025,https://baniola.tn/details/25602/hyundai-i10-2015-essence-0-km.html
Fiat Grande Punto 2010 Essence 211 000 Km,27000 DT,Fiat,,,,,,,95.0,Traction,Compacte,,,Sousse,,,,5.0,5.0,1200.0,,15.12.2025,https://baniola.tn/details/25601/fiat-grande-punto-2010-essence-211-000-km.html
Honda Hr-V 2020 47000 Km,85000 DT,Honda,,,,,,,118.0,Traction,SUV,,,Tunis,,,,5.0,5.0,1498.0,,14.12.2025,https://baniola.tn/details/25600/honda-hr-v-2020-47000-km.html
Citroën Berlingo K9 Xtr 2019 226000 Km,72000 DT,Citroen,,,,,,,90.0,Traction,Utilitaire,,,Ariana,,,,5.0,5.0,1560.0,,14.12.2025,https://baniola.tn/details/25599/citroen-berlingo-k9-xtr-2019-226000-km.html
Renault Clio 2006 000 Km,22500 DT,Renault,,,,,,,75.0,Traction,Berline,,,Gafsa,,,,5.0,5.0,1149.0,,14.12.2025,https://baniola.tn/details/25597/renault-clio-2006-0000-km.html
Peugeot 207 2008 190 Km,29000 DT,Peugeot,,,,,,,90.0,Traction,Berline,,,Tataouine,,,,5.0,4.0,1600.0,,14.12.2025,https://baniola.tn/details/25594/peugeot-207-2008-190-km.html
Kia Rio 2019,47000 DT,Kia,,,,,,,84.0,Traction,Citadine,,,Tunis,,,,5.0,5.0,1400.0,,14.12.2025,https://baniola.tn/details/25593/kia-rio-2019.html
Peugeot 208 2017 175000 Km,35000 DT,Peugeot,,,,,,,115.0,Traction,Compacte,,,Tunis,,,,5.0,5.0,1600.0,,14.12.2025,https://baniola.tn/details/25592/peugeot-208-2017-175000-km.html
Renault Clio Classic Diesel,16500 DT,Renault,,,,,,,70.0,Traction,Berline,,,Nabeul,,,,5.0,4.0,1461.0,,14.12.2025,https://baniola.tn/details/25588/renault-clio-classic-diesel.html
Kia Sportage 2021 4000 Km,90000 DT,Kia,,,,,,,115.0,Traction,SUV,,,Kairouan,,,,5.0,5.0,1600.0,,14.12.2025,https://baniola.tn/details/25587/kia-sportage-2021-40000-km.html
Fiat 500 Essence,16000 DT,Fiat,,,,,,,69.0,Traction,Citadine,,,Ben Arous,,,,4.0,3.0,999.0,,14.12.2025,https://baniola.tn/details/25586/fiat-500-essence.html
Dacia Dokker 2016 Essence 168 000 Km,24800 DT,Dacia,,,,,,,75.0,Traction,Utilitaire,,,Sousse,,,,5.0,5.0,1598.0,,14.12.2025,https://baniola.tn/details/25585/dacia-dokker-2016-essence-168-000-km.html
Opel Corsa Swing,11000 DT,Opel,,,,,,,70.0,Traction,Compacte,,,Nabeul,,,,5.0,3.0,1200.0,,14.12.2025,https://baniola.tn/details/25584/opel-corsa-swing.html
Volkswagen Polo Sedan 2022 Essence 107 000 Km,44500 DT,Volkswagen,,,,,,,75.0,Traction,Berline,,,,,,,5.0,4.0,1197.0,,14.12.2025,https://baniola.tn/details/25583/volkswagen-polo-sedan-2022-essence-107-000-km.html
Ssangyong Rexton 2006 268000 Km,33000 DT,Ssangyong,,,,,,,120.0,Intégrale,SUV,,,Gabes,,,,7.0,5.0,3200.0,,13.12.2025,https://baniola.tn/details/25580/ssangyong-rexton-2006-268000-km.html
Bmw X6 2010 199000 Km,86000 DT,Bmw,,,,,,,306.0,Intégrale,SUV,,,Sousse,,,,5.0,5.0,2979.0,,13.12.2025,https://baniola.tn/details/25579/bmw-x6-2010-199000-km.html
Ford Focus 2005 302 Km,30 DT,Ford,,,,,,,100.0,Traction,Compacte,,,Monastir,,,,5.0,5.0,1600.0,,13.12.2025,https://baniola.tn/details/25574/ford-focus-2005-302-km.html
Fiat Punto,14000 DT,Fiat,,,,,,,70.0,Traction,Compacte,,,Tunis,,,,5.0,5.0,1200.0,,13.12.2025,https://baniola.tn/details/25573/fiat-punto.html
Haval H6 2019 79000 Km,64900 DT,Haval,,,,,,,190.0,Traction,SUV,,,Ariana,,,,5.0,5.0,1997.0,,13.12.2025,https://baniola.tn/details/25572/haval-h6-2019-79000-km.html
Toyota Hilux 2007 165000 Km,60000 DT,Toyota,,,,,,,102.0,Propulsion,Pick-up,,,Medenine,,,,5.0,4.0,2494.0,,13.12.2025,https://baniola.tn/details/25570/toyota-hilux-2007-165000-km.html
Chevrolet Aveo 2013 226000 Km,25000 DT,Chevrolet,,,,,,,86.0,Traction,Berline,,,Ariana,,,,5.0,4.0,1399.0,,13.12.2025,https://baniola.tn/details/25569/chevrolet-aveo-2013-226000-km.html
Toyota Rav4 2007 314000 Km,35000 DT,Toyota,,,,,,,170.0,Traction,SUV,,,Tunis,,,,5.0,5.0,2400.0,,13.12.2025,https://baniola.tn/details/25568/toyota-rav4-2007-314000-km.html
Citroën C1 2010 298000 Km,18000 DT,Citroen,,,,,,,68.0,Traction,Citadine,,,Bizerte,,,,4.0,3.0,998.0,,13.12.2025,https://baniola.tn/details/25567/citroen-c1-2010-298000-km.html
Volkswagen Passat 2008,340000 DT,Volkswagen,,,,,,,160.0,Traction,Berline,,,Tataouine,,,,5.0,4.0,2000.0,,13.12.2025,https://baniola.tn/details/25566/volkswagen-passat-2008.html
Kia Rio 2011 22000 Km,25000 DT,Kia,,,,,,,85.0,Traction,Citadine,,,Nabeul,,,,5.0,5.0,1400.0,,13.12.2025,https://baniola.tn/details/25563/kia-rio-2011-220000-km.html
Peugeot 407 2007 15000 Km,16000 DT,Peugeot,,,,,,,109.0,Traction,Berline,,,Ben Arous,,,,5.0,4.0,1600.0,,13.12.2025,https://baniola.tn/details/25561/peugeot-407-2007-150000-km.html
Citroën C4 Aircross 2021 178000 Km,42000 DT,Citroen,,,,,,,117.0,Traction,SUV,,,Kebili,,,,5.0,5.0,1598.0,,13.12.2025,https://baniola.tn/details/25560/citroen-c4-aircross-2021-178000-km.html
Peugeot Partner Diesel 0 Km,16800 DT,Peugeot,,,,,,,120.0,Traction,Utilitaire,,,Bizerte,,,,2.0,5.0,1560.0,,13.12.2025,https://baniola.tn/details/25558/peugeot-partner-diesel-0-km.html
Citroën C3 2003 Essence 222 712 Km,16500 DT,Citroen,,,,,,,60.0,Traction,Berline,,,Gafsa,,,,5.0,4.0,1124.0,,13.12.2025,https://baniola.tn/details/25557/citroen-c3-2003-essence-222-712-km.html
Ssangyong Korando Turismo 2011 7000 Km,30 DT,Ssangyong,,,,,,,175.0,Intégrale,SUV,,,Ariana,,,,5.0,5.0,1998.0,,12.12.2025,https://baniola.tn/details/25554/ssangyong-korando-turismo-2011-70000-km.html
Peugeot Partner 2020 13000 Km,52000 DT,Peugeot,,,,,,,120.0,Traction,Utilitaire,,,Medenine,,,,5.0,5.0,1600.0,,12.12.2025,https://baniola.tn/details/25553/peugeot-partner-2020-130000-km.html
Ford Ranger 2020,128000 DT,Ford,,,,,,,160.0,Intégrale,Pick-up,,,Tunis,,,,5.0,4.0,2500.0,,12.12.2025,https://baniola.tn/details/25552/ford-ranger-2020.html
Toyota Agya 1Ère Main Septembre 2022 35600 Km,38500 DT,Toyota,,,,,,,72.0,Traction,Citadine,,,Sfax,,,,5.0,5.0,998.0,,12.12.2025,https://baniola.tn/details/25550/toyota-agya-1ère-main-septembre-2022-35600-km.html
Renault Scenic 2021 Diesel 187 000 Km,65000 DT,Renault,,,,,,,120.0,Traction,Monospace,,,Ariana,,,,5.0,5.0,1461.0,,12.12.2025,https://baniola.tn/details/25549/renault-scenic-2021-diesel-187-000-km.html
Opel Astra 2004 Essence 273 000 Km,17800 DT,Opel,,,,,,,90.0,Traction,Berline,,,Tunis,,,,5.0,4.0,1598.0,,12.12.2025,https://baniola.tn/details/25548/opel-astra-2004-essence-273-000-km.html
Hyundai I10 2024 Essence 40 000 Km,32500 DT,Hyundai,,,,,,,67.0,Traction,Citadine,,,Tunis,,,,5.0,4.0,998.0,,12.12.2025,https://baniola.tn/details/25547/hyundai-i10-2024-essence-40-000-km.html
Toyota Yaris 2019 225 Km,26000 DT,Toyota,,,,,,,95.0,Traction,Citadine,,,Ariana,,,,5.0,5.0,1300.0,,12.12.2025,https://baniola.tn/details/25546/toyota-yaris-2019-225-km.html
Peugeot 206 2009 19000 Km,17000 DT,Peugeot,,,,,,,90.0,Traction,Compacte,,,Tunis,,,,5.0,5.0,1587.0,,12.12.2025,https://baniola.tn/details/25545/peugeot-206-2009-190000-km.html
Dacia Sandero 2021 47500 Km,48000 DT,Dacia,,,,,,,90.0,Traction,Berline,,,Tunis,,,,5.0,4.0,1200.0,,12.12.2025,https://baniola.tn/details/25544/dacia-sandero-2021-47500-km.html
Volkswagen Golf 8 Essence 68 000 Km,79500 DT,Volkswagen,,,,,,,110.0,Traction,Compacte,,,Tunis,,,,5.0,5.0,1400.0,,12.12.2025,https://baniola.tn/details/25543/volkswagen-golf-8-essence-68-000-km.html
Fiat Fiorino 2023 Essence 8 000 Km,38000 DT,Fiat,,,,,,,75.0,Traction,Utilitaire,,,Ben Arous,,,,2.0,2.0,1200.0,,12.12.2025,https://baniola.tn/details/25542/fiat-fiorino-2023-essence-8-000-km.html
Hyundai I10 2022 Essence 105 000 Km,36500 DT,Hyundai,,,,,,,67.0,Traction,Citadine,,,Tunis,,,,5.0,5.0,1197.0,,12.12.2025,https://baniola.tn/details/25541/hyundai-i10-2022-essence-105-000-km.html
Citroën Berlingo 2018 E-Hdi,34000 DT,Citroen,,,,,,,92.0,Traction,Utilitaire,,,,,,,5.0,5.0,1560.0,,12.12.2025,https://baniola.tn/details/25536/citroen-berlingo-2018-e-hdi.html
Hyundai I20 2022 Essence 92 000 Km,53000 DT,Hyundai,,,,,,,84.0,Traction,Compacte,,,Sfax,,,,5.0,5.0,1200.0,,12.12.2025,https://baniola.tn/details/25535/hyundai-i20-2022-essence-92-000-km.html
Chevrolet Cruze 2019 Essence 83 000 Km,0 DT,Chevrolet,,,,,,,115.0,Traction,Berline,,,Bizerte,,,,5.0,4.0,1400.0,,12.12.2025,https://baniola.tn/details/25534/chevrolet-cruze-2019-essence-83-000-km.html
Mercedes Classe C 2009 2000 Km,55000 DT,Mercedes,,,,,,,184.0,Traction,Berline,,,Ben Arous,,,,5.0,4.0,1796.0,,12.12.2025,https://baniola.tn/details/25533/mercedes-classe-c-2009-200000-km.html
Mitsubishi Pajero 2001 329000 Km,39000 DT,Mitsubishi,,,,,,,120.0,Intégrale,SUV,,,Tunis,,,,7.0,5.0,2800.0,,11.12.2025,https://baniola.tn/details/25529/mitsubishi-pajero-2001-329000-km.html
Opel Corsa Sept 2014 138000 Km,35000 DT,Opel,,,,,,,95.0,Traction,Compacte,,,Ben Arous,,,,5.0,5.0,1200.0,,11.12.2025,https://baniola.tn/details/25525/opel-corsa-sept-2014-138000-km.html
Peugeot 206 1999 Essence 280 000 Km,12900 DT,Peugeot,,,,,,,95.0,Traction,Compacte,,,,,,,5.0,5.0,1587.0,,11.12.2025,https://baniola.tn/details/25524/peugeot-206-1999-essence-280-000-km.html
Peugeot 206 2005 3000 Km,17000 DT,Peugeot,,,,,,,90.0,Traction,Compacte,,,Tunis,,,,5.0,5.0,1360.0,,11.12.2025,https://baniola.tn/details/25523/peugeot-206-2005-300000-km.html
Fiat 500 2015 99 Km,34000 DT,Fiat,,,,,,,69.0,Traction,Citadine,,,Tunis,,,,4.0,3.0,999.0,,11.12.2025,https://baniola.tn/details/25520/fiat-500-2015-99-km.html
Mercedes Classe a 2013 12000 Km,58000 DT,Mercedes,,,,,,,109.0,Traction,Compacte,,,Tunis,,,,5.0,5.0,1595.0,,11.12.2025,https://baniola.tn/details/25519/mercedes-classe-a-2013-120000-km.html
Citroën C3 2019 125 Km,36000 DT,Citroen,,,,,,,82.0,Traction,Compacte,,,Nabeul,,,,5.0,5.0,1199.0,,11.12.2025,https://baniola.tn/details/25518/citroen-c3-2019-125-km.html
Kia Rio Gt Line 2021 22500 Km,67000 DT,Kia,,,,,,,120.0,Traction,Compacte,,,Nabeul,,,,5.0,5.0,1400.0,,10.12.2025,https://baniola.tn/details/25516/kia-rio-gt-line-2021-22500-km.html
Mercedes Classe C 2010 96008 Km,70000 DT,Mercedes,,,,,,,184.0,Traction,Berline,,,Ariana,,,,5.0,4.0,2148.0,,10.12.2025,https://baniola.tn/details/25515/mercedes-classe-c-2010-96008-km.html
Kia Rio 2014 254000 Km,33500 DT,Kia,,,,,,,87.0,Traction,Compacte,,,Jendouba,,,,5.0,5.0,1400.0,,10.12.2025,https://baniola.tn/details/25513/kia-rio-2014-254000-km.html
Opel Corsa 2000 35000 Km,11000 DT,Opel,,,,,,,60.0,Traction,Compacte,,,Ben Arous,,,,5.0,3.0,1200.0,,10.12.2025,https://baniola.tn/details/25512/opel-corsa-2000-35000-km.html
Opel Corsa Essence et Gaz Boit Auto,11000 DT,Opel,,,,,,,70.0,Traction,Compacte,,,Manouba,,,,5.0,5.0,1200.0,,10.12.2025,https://baniola.tn/details/25511/opel-corsa-essence-et-gaz-boit-auto.html
Nissan Autres 2015 173. 000 Km,55000 DT,Nissan,,,,,,,120.0,Traction,Berline,,,Tunis,,,,5.0,4.0,1600.0,,10.12.2025,https://baniola.tn/details/25510/nissan-autres-2015-173-000-km.html
Fiat Panda 2023 Essence 65 000 Km,38500 DT,Fiat,,,,,,,65.0,Traction,Citadine,,,Sousse,,,,5.0,5.0,999.0,,10.12.2025,https://baniola.tn/details/25508/fiat-panda-2023-essence-65-000-km.html
Ford Fiesta Essence,6500 DT,Ford,,,,,,,85.0,Traction,Citadine,,,Tunis,,,,5.0,5.0,1200.0,,10.12.2025,https://baniola.tn/details/25507/ford-fiesta-essence.html
Belle Golf 6 Tdi Bluemotion,34000 DT,Volkswagen,,,,,,,105.0,Traction,Berline,,,Ben Arous,,,,5.0,4.0,1598.0,,10.12.2025,https://baniola.tn/details/25505/belle-golf-6-tdi-bluemotion.html
Seat Arona 2022 Essence 60 000 Km,78000 DT,Seat,,,,,,,115.0,Traction,SUV,,,Gafsa,,,,5.0,5.0,1000.0,,10.12.2025,https://baniola.tn/details/25502/seat-arona-2022-essence-60-000-km.html
Volkswagen Golf 5 2009 Diesel 280 000 Km,30500 DT,Volkswagen,,,,,,,105.0,Traction,Compacte,,,Manouba,,,,5.0,5.0,1896.0,,10.12.2025,https://baniola.tn/details/25501/volkswagen-golf-5-2009-diesel-280-000-km.html
Kia Cerato 2016 215000 Km,42000 DT,Kia,,,,,,,130.0,Traction,Berline,,,Kebili,,,,5.0,4.0,1600.0,,10.12.2025,https://baniola.tn/details/25500/kia-cerato-2016-215000-km.html
Peugeot 208,24000 DT,Peugeot,,,,,,,100.0,Traction,Compacte,,,Ariana,,,,5.0,5.0,1200.0,,10.12.2025,https://baniola.tn/details/25499/peugeot-208.html
Ford Focus 2004 290 Km,16800 DT,Ford,,,,,,,100.0,Traction,Compacte,,,Bizerte,,,,5.0,5.0,1600.0,,10.12.2025,https://baniola.tn/details/25498/ford-focus-2004-290-km.html
Citroën Autre 2016 Essence 120 000 Km,30000 DT,Citroen,,,,,,,115.0,Traction,Berline,,,Sfax,,,,5.0,4.0,1600.0,,10.12.2025,https://baniola.tn/details/25497/citroen-autre-2016-essence-120-000-km.html
Toyota Yaris 2014 137000 Km,38000 DT,Toyota,,,,,,,99.0,Traction,Compacte,,,Tunis,,,,5.0,5.0,1329.0,,09.12.2025,https://baniola.tn/details/25493/toyota-yaris-2014-137000-km.html
Mercedes Classe Cla 2020 8000 Km,112000 DT,Mercedes,,,,,,,136.0,Traction,Berline,,,Kairouan,,,,5.0,4.0,1332.0,,09.12.2025,https://baniola.tn/details/25492/mercedes-classe-cla-2020-80000-km.html
Volkswagen Tiguan 2021 78500 Km,125000 DT,Volkswagen,,,,,,,190.0,Intégrale,SUV,,,Tunis,,,,5.0,5.0,1984.0,,09.12.2025,https://baniola.tn/details/25491/volkswagen-tiguan-2021-78500-km.html
Mercedes 200 1997 370 Km,18000 DT,Mercedes,,,,,,,100.0,Propulsion,Berline,,,Jendouba,,,,5.0,4.0,1998.0,,09.12.2025,https://baniola.tn/details/25490/mercedes-200-1997-370-km.html
Peugeot 308 2008 Essence 280 000 Km,23500 DT,Peugeot,,,,,,,110.0,Traction,Berline,,,Tunis,,,,5.0,5.0,1598.0,,09.12.2025,https://baniola.tn/details/25486/peugeot-308-2008-essence-280-000-km.html
Renault Clio Essence 0 Km,16000 DT,Renault,,,,,,,90.0,Traction,Berline,,,Zaghouan,,,,5.0,5.0,1200.0,,09.12.2025,https://baniola.tn/details/25485/renault-clio-essence-0-km.html
Toyota Aygo Essence 37 000 Km,36000 DT,Toyota,,,,,,,69.0,Traction,Citadine,,,Monastir,,,,4.0,3.0,998.0,,09.12.2025,https://baniola.tn/details/25484/toyota-aygo-essence-37-000-km.html
Kia Rio 2017 Essence 148 000 Km,47000 DT,Kia,,,,,,,87.0,Traction,Citadine,,,Gafsa,,,,5.0,5.0,1400.0,,09.12.2025,https://baniola.tn/details/25483/kia-rio-2017-essence-148-000-km.html
Opel Swing Essence,10200 DT,Opel,,,,,,,120.0,Traction,Berline,,,Bizerte,,,,5.0,4.0,1400.0,,09.12.2025,https://baniola.tn/details/25482/opel-swing-essence.html
Byd F3 2023 Essence 7Cv,24800 DT,BYD,,,,,,,107.0,Traction,Berline,,,Ariana,,,,5.0,4.0,1598.0,,09.12.2025,https://baniola.tn/details/25481/byd-f3-2023-essence-7cv.html
Peugeot 3008 2022 Diesel 150 000 Km,115000 DT,Peugeot,,,,,,,130.0,Traction,SUV,,,Monastir,,,,5.0,5.0,1997.0,,09.12.2025,https://baniola.tn/details/25480/peugeot-3008-2022-diesel-150-000-km.html
Fiat Grande Punto 2016 Essence,20500 DT,Fiat,,,,,,,95.0,Traction,Compacte,,,Ben Arous,,,,5.0,5.0,1200.0,,09.12.2025,https://baniola.tn/details/25479/fiat-grande-punto-2016-essence.html
Volkswagen Polo 3 1999 Essence,13800 DT,Volkswagen,,,,,,,75.0,Traction,Compacte,,,Beja,,,,5.0,3.0,1189.0,,09.12.2025,https://baniola.tn/details/25478/volkswagen-polo-3-1999-essence.html
Seat Leon Fin 2017,55000 DT,Seat,,,,,,,115.0,Traction,Berline,,,Kasserine,,,,5.0,5.0,1600.0,,09.12.2025,https://baniola.tn/details/25477/seat-leon-fin-2017.html
Kia Cerato 2012 75000 Km,33500 DT,Kia,,,,,,,130.0,Traction,Berline,,,Ben Arous,,,,5.0,4.0,1600.0,,09.12.2025,https://baniola.tn/details/25476/kia-cerato-2012-75000-km.html
Mazda Cx 7 Essence 344 000 Km,23500 DT,Mazda,,,,,,,163.0,Intégrale,SUV,,,Nabeul,,,,5.0,5.0,2389.0,,09.12.2025,https://baniola.tn/details/25475/mazda-cx-7-essence-344-000-km.html
Volkswagen Jetta Essence,4800 DT,Volkswagen,,,,,,,110.0,Traction,Berline,,,Ben Arous,,,,5.0,4.0,1600.0,,09.12.2025,https://baniola.tn/details/25474/volkswagen-jetta-essence.html
Volvo Xc40 2024 5000 Km,50000 DT,Volvo,,,,,,,190.0,Intégrale,SUV,,,Tunis,,,,5.0,5.0,1969.0,,09.12.2025,https://baniola.tn/details/25473/volvo-xc40-2024-5000-km.html
Ford Ka 2015 Essence 44 000 Km,0 DT,Ford,,,,,,,69.0,Traction,Citadine,,,Ariana,,,,5.0,3.0,1196.0,,09.12.2025,https://baniola.tn/details/25472/ford-ka-2015-essence-44-000-km.html
Ford Focus 2016 155000 Km,39500 DT,Ford,,,,,,,125.0,Traction,Compacte,,,Tunis,,,,5.0,5.0,1600.0,,09.12.2025,https://baniola.tn/details/25471/ford-focus-2016-155000-km.html
Peugeot 505 1988,14000 DT,Peugeot,,,,,,,100.0,Traction,Berline,,,Mahdia,,,,5.0,4.0,1971.0,,08.12.2025,https://baniola.tn/details/25467/peugeot-505-1988.html
Citroën Saxo 2002 279000 Km,11000 DT,Citroen,,,,,,,60.0,Traction,Compacte,,,Tunis,,,,5.0,3.0,1360.0,,08.12.2025,https://baniola.tn/details/25465/citroen-saxo-2002-279000-km.html
Fiat Palio Weekend 2006 268 Km,14000 DT,Fiat,,,,,,,75.0,Traction,Break,,,Manouba,,,,5.0,5.0,1242.0,,08.12.2025,https://baniola.tn/details/25464/fiat-palio-weekend-2006-268-km.html
Citroën C3 2021 149000 Km,49000 DT,Citroen,,,,,,,82.0,Traction,Compacte,,,Tunis,,,,5.0,5.0,1199.0,,08.12.2025,https://baniola.tn/details/25462/citroen-c3-2021-149000-km.html
Audi A4 Essence 0 Km,19000 DT,Audi,,,,,,,150.0,Traction,Berline,,,Manouba,,,,5.0,4.0,1600.0,,08.12.2025,https://baniola.tn/details/25460/audi-a4-essence-0-km.html
Renault Symbol 2015 Essence 173 000 Km,31000 DT,Renault,,,,,,,75.0,Traction,Berline,,,Tunis,,,,5.0,4.0,1598.0,,08.12.2025,https://baniola.tn/details/25458/renault-symbol-2015-essence-173-000-km.html
Kia Sorento 2006 7000 Km,35000 DT,Kia,,,,,,,174.0,Intégrale,SUV,,,Bizerte,,,,7.0,5.0,2359.0,,08.12.2025,https://baniola.tn/details/25454/kia-sorento-2006-70000-km.html
Tata Tata Xenon X2 Double Cabine 2021 82400 Km,50000 DT,Tata,,,,,,,115.0,Propulsion,Pick-up,,,Sousse,,,,5.0,4.0,2956.0,,08.12.2025,https://baniola.tn/details/25453/tata-tata-xenon-x2-double-cabine-2021-82400-km.html
Fiat Uno 2006 521982 Km,7500 DT,Fiat,,,,,,,45.0,Traction,Citadine,,,Gafsa,,,,5.0,3.0,1108.0,,07.12.2025,https://baniola.tn/details/25450/fiat-uno-2006-521982-km.html
Porsche Cayenne 2010 155 Km,145 DT,Porsche,,,,,,,300.0,Intégrale,SUV,,,Nabeul,,,,5.0,5.0,4800.0,,07.12.2025,https://baniola.tn/details/25449/porsche-cayenne-2010-155-km.html
Nissan Qashqai 2017 1. 2 Essence,53000 DT,Nissan,,,,,,,115.0,Traction,SUV,,,Tunis,,,,5.0,5.0,1197.0,,07.12.2025,https://baniola.tn/details/25447/nissan-qashqai-2017-1-2-essence.html
Hyundai I20 2019 162000 Km,43000 DT,Hyundai,,,,,,,84.0,Traction,Compacte,,,Monastir,,,,5.0,5.0,1200.0,,07.12.2025,https://baniola.tn/details/25446/hyundai-i20-2019-162000-km.html
Volkswagen Golf 8 (2020 78500 Km),95000 DT,Volkswagen,,,,,,,110.0,Traction,Compacte,,,Mahdia,,,,5.0,5.0,1000.0,,07.12.2025,https://baniola.tn/details/25445/volkswagen-golf-8-2020-78500-km.html
Citroën C3 Ii 2012 172000 Km,25 DT,Citroen,,,,,,,90.0,Traction,Compacte,,,Beja,,,,5.0,5.0,1600.0,,07.12.2025,https://baniola.tn/details/25444/citroen-c3-ii-2012-172000-km.html
Mazda Mazda3 2015 212000 Km,33000 DT,Mazda,,,,,,,120.0,Traction,Berline,,,Ben Arous,,,,5.0,4.0,1600.0,,07.12.2025,https://baniola.tn/details/25442/mazda-mazda3-2015-212000-km.html
Renault Clio 2000 223000 Km,16500 DT,Renault,,,,,,,75.0,Traction,Berline,,,Nabeul,,,,5.0,5.0,1149.0,,07.12.2025,https://baniola.tn/details/25441/renault-clio-2000-223000-km.html
Fiat Fiorino 2017,22000 DT,Fiat,,,,,,,75.0,Traction,Utilitaire,,,Ariana,,,,2.0,2.0,1200.0,,07.12.2025,https://baniola.tn/details/25437/fiat-fiorino-2017.html
Nissan Autres 2004 500 Km,27000 DT,Nissan,,,,,,,105.0,Traction,Berline,,,Sfax,,,,5.0,4.0,1600.0,,07.12.2025,https://baniola.tn/details/25431/nissan-autres-2004-500-km.html
Tata Tata Xenon X2 2017 26000 Km,16000 DT,Tata,,,,,,,115.0,Propulsion,Pick-up,,,Tunis,,,,5.0,4.0,2956.0,,07.12.2025,https://baniola.tn/details/25430/tata-tata-xenon-x2-2017-260000-km.html
Fiat Panda 2004 18000 Km,15000 DT,Fiat,,,,,,,60.0,Traction,Citadine,,,Tunis,,,,5.0,5.0,1100.0,,07.12.2025,https://baniola.tn/details/25429/fiat-panda-2004-18000-km.html
Mg Mg 5 2024 28000 Km,58000 DT,MG,,,,,,,120.0,Traction,Berline,,,Gabes,,,,5.0,4.0,1500.0,,06.12.2025,https://baniola.tn/details/25427/mg-mg-5-2024-28000-km.html
Volkswagen Voyage 2007 100 Km,24000 DT,Volkswagen,,,,,,,100.0,Traction,Berline,,,Bizerte,,,,5.0,4.0,1600.0,,06.12.2025,https://baniola.tn/details/25425/volkswagen-voyage-2007-100-km.html
Kia Sportage 2018 77000 Km,77000 DT,Kia,,,,,,,161.0,Traction,SUV,,,Ariana,,,,5.0,5.0,1600.0,,06.12.2025,https://baniola.tn/details/25422/kia-sportage-2018-77000-km.html
Peugeot 207 2008 290 Km,30000 DT,Peugeot,,,,,,,90.0,Traction,Berline,,,Tataouine,,,,5.0,4.0,1600.0,,06.12.2025,https://baniola.tn/details/25421/peugeot-207-2008-290-km.html
Citroën Zx 1990 384 Km,9500 DT,Citroen,,,,,,,75.0,Traction,Berline,,,Sousse,,,,5.0,4.0,1360.0,,06.12.2025,https://baniola.tn/details/25416/citroen-zx-1990-384-km.html
Ford Fiesta 1991,6500 DT,Ford,,,,,,,60.0,Traction,Citadine,,,Nabeul,,,,5.0,3.0,1100.0,,06.12.2025,https://baniola.tn/details/25415/ford-fiesta-1991.html
Peugeot 106 1997 368000 Km,10700 DT,Peugeot,,,,,,,60.0,Traction,Citadine,,,Ben Arous,,,,5.0,3.0,1124.0,,06.12.2025,https://baniola.tn/details/25414/peugeot-106-1997-368000-km.html
Nissan Juke 2013 Essence 180 000 Km,39500 DT,Nissan,,,,,,,117.0,Traction,SUV,,,Bizerte,,,,5.0,5.0,1598.0,,06.12.2025,https://baniola.tn/details/25409/nissan-juke-2013-essence-180-000-km.html
Suzuki Vitara 2017 Essence 210 000 Km,0 DT,Suzuki,,,,,,,118.0,Traction,SUV,,,Tunis,,,,5.0,5.0,1600.0,,06.12.2025,https://baniola.tn/details/25408/suzuki-vitara-2017-essence-210-000-km.html
Peugeot 406 2000 Essence 0 Km,20000 DT,Peugeot,,,,,,,136.0,Traction,Berline,,,Tunis,,,,5.0,4.0,1998.0,,06.12.2025,https://baniola.tn/details/25407/peugeot-406-2000-essence-0-km.html
Citroën C3 2017 126000 Km,370000 DT,Citroen,,,,,,,82.0,Traction,Compacte,,,Siliana,,,,5.0,5.0,1199.0,,06.12.2025,https://baniola.tn/details/25404/citroen-c3-2017-126000-km.html
Toyota Hilux D4D 2. K Diesel 2006 462000 Km,115000 DT,Toyota,,,,,,,120.0,Propulsion,Pick-up,,,Siliana,,,,5.0,4.0,2494.0,,06.12.2025,https://baniola.tn/details/25403/toyota-hilux-d4d-2-k-diesel-2006-462000-km.html
Citroën C3 2021 86000 Km,38000 DT,Citroen,,,,,,,82.0,Traction,Compacte,,,Tunis,,,,5.0,5.0,1199.0,,05.12.2025,https://baniola.tn/details/25402/citroen-c3-2021-86000-km.html
Dongfeng S50 2022 125000 Km,41000 DT,Dongfeng,,,,,,,125.0,Traction,Berline,,,Tunis,,,,5.0,4.0,1600.0,,05.12.2025,https://baniola.tn/details/25401/dongfeng-s50-2022-125000-km.html
Mazda Mazda2 2017 245000 Km 1Ere Main,33000 DT,Mazda,,,,,,,90.0,Traction,Citadine,,,Ariana,,,,5.0,5.0,1400.0,,05.12.2025,https://baniola.tn/details/25400/mazda-mazda2-2017-245000-km-1ere-main.html
Renault Megane 2007 273000 Km,18000 DT,Renault,,,,,,,110.0,Traction,Berline,,,Monastir,,,,5.0,5.0,1600.0,,05.12.2025,https://baniola.tn/details/25399/renault-megane-2007-273000-km.html
Opel Corsa Essence 0 Km,11000 DT,Opel,,,,,,,75.0,Traction,Compacte,,,Kairouan,,,,5.0,5.0,1200.0,,05.12.2025,https://baniola.tn/details/25397/opel-corsa-essence-0-km.html
Ford C Max 2010 34000 Km,24500 DT,Ford,,,,,,,115.0,Traction,Monospace,,,Tunis,,,,5.0,5.0,1600.0,,05.12.2025,https://baniola.tn/details/25396/ford-c-max-2010-340000-km.html
Suzuki Samurai - Sélectionner -,20000 DT,Suzuki,,,,,,,70.0,Intégrale,SUV,,,Manouba,,,,4.0,3.0,970.0,,05.12.2025,https://baniola.tn/details/25395/suzuki-samurai-sélectionner.html
Seat Leon 2017 Essence 186 000 Km,43500 DT,Seat,,,,,,,120.0,Traction,Berline,,,Tunis,,,,5.0,5.0,1600.0,,05.12.2025,https://baniola.tn/details/25394/seat-leon-2017-essence-186-000-km.html
Renault Symbol 2011 Essence 240 000 Km,31000 DT,Renault,,,,,,,75.0,Traction,Berline,,,Sousse,,,,5.0,4.0,1598.0,,05.12.2025,https://baniola.tn/details/25393/renault-symbol-2011-essence-240-000-km.html
Volkswagen Golf 5 2007 Essence 0 Km,26000 DT,Volkswagen,,,,,,,105.0,Traction,Compacte,,,Tozeur,,,,5.0,5.0,1600.0,,05.12.2025,https://baniola.tn/details/25392/volkswagen-golf-5-2007-essence-0-km.html
Dacia Duster 2020 Diesel,43000 DT,Dacia,,,,,,,110.0,Traction,SUV,,,Ben Arous,,,,5.0,5.0,1461.0,,05.12.2025,https://baniola.tn/details/25391/dacia-duster-2020-diesel.html
Citroën Berlingo 2011 Diesel,22500 DT,Citroen,,,,,,,90.0,Traction,Utilitaire,,,Zaghouan,,,,5.0,5.0,1560.0,,05.12.2025,https://baniola.tn/details/25390/citroen-berlingo-2011-diesel.html
Citroën Ds 2016 Essence 120 000 Km,30000 DT,Citroen,,,,,,,115.0,Traction,Berline,,,Sfax,,,,5.0,4.0,1598.0,,05.12.2025,https://baniola.tn/details/25389/citroen-ds-2016-essence-120-000-km.html
Volkswagen Polo Essence 165 000 Km,21500 DT,Volkswagen,,,,,,,75.0,Traction,Compacte,,,Sfax,,,,5.0,5.0,1200.0,,05.12.2025,https://baniola.tn/details/25388/volkswagen-polo-essence-165-000-km.html
Ssangyong Tivoli 2017 19000 Km,42000 DT,Ssangyong,,,,,,,115.0,Traction,SUV,,,Ben Arous,,,,5.0,5.0,1600.0,,05.12.2025,https://baniola.tn/details/25387/ssangyong-tivoli-2017-190000-km.html
Renault Clio 2002 Essence 225 000 Km,14000 DT,Renault,,,,,,,75.0,Traction,Compacte,,,Tunis,,,,5.0,3.0,1149.0,,05.12.2025,https://baniola.tn/details/25386/renault-clio-2002-essence-225-000-km.html
Volkswagen Golf 6 2010 Essence 230 000 Km,37000 DT,Volkswagen,,,,,,,105.0,Traction,Compacte,,,Ben Arous,,,,5.0,5.0,1600.0,,05.12.2025,https://baniola.tn/details/25385/volkswagen-golf-6-2010-essence-230-000-km.html
Citroën C4 Diesel 26 000 Km,24000 DT,Citroen,,,,,,,115.0,Traction,Berline,,,Nabeul,,,,5.0,4.0,1560.0,,05.12.2025,https://baniola.tn/details/25384/citroen-c4-diesel-26-000-km.html
Ford Fiesta 2011 196000 Km,26000 DT,Ford,,,,,,,95.0,Traction,Citadine,,,Tunis,,,,5.0,5.0,1600.0,,05.12.2025,https://baniola.tn/details/25383/ford-fiesta-2011-196000-km.html
Peugeot 208 2021 5000 Km,35000 DT,Peugeot,,,,,,,100.0,Traction,Compacte,,,Bizerte,,,,5.0,5.0,1200.0,,04.12.2025,https://baniola.tn/details/25382/peugeot-208-2021-50000-km.html
Vente Voiture,39000 DT,Renault,,,,,,,90.0,Traction,Berline,,,Nabeul,,,,5.0,4.0,1200.0,,04.12.2025,https://baniola.tn/details/25381/vente-voiture.html
Volkswagen Golf 7 2013 Diesel 220 000 Km,55000 DT,Volkswagen,,,,,,,140.0,Traction,Compacte,,,Bizerte,,,,5.0,5.0,2000.0,,04.12.2025,https://baniola.tn/details/25373/volkswagen-golf-7-2013-diesel-220-000-km.html
Mercedes 190-Series 1991 53000 Km,0 DT,Mercedes,,,,,,,105.0,Propulsion,Berline,,,Monastir,,,,5.0,4.0,1996.0,,04.12.2025,https://baniola.tn/details/25372/mercedes-190-series-1991-530000-km.html
Citroën C3 2021 Essence 0 Km,46500 DT,Citroen,,,,,,,82.0,Traction,Compacte,,,Ariana,,,,5.0,5.0,1199.0,,04.12.2025,https://baniola.tn/details/25370/citroen-c3-2021-essence-0-km.html
Peugeot 205 Essence,7000 DT,Peugeot,,,,,,,60.0,Traction,Compacte,,,Medenine,,,,5.0,3.0,1360.0,,04.12.2025,https://baniola.tn/details/25369/peugeot-205-essence.html
Volkswagen Polo Essence 196 000 Km,15900 DT,Volkswagen,,,,,,,75.0,Traction,Compacte,,,,,,,5.0,5.0,1200.0,,04.12.2025,https://baniola.tn/details/25368/volkswagen-polo-essence-196-000-km.html
Isuzu Dmax Vehi Cross 2021 Diesel 115 000 Km,53000 DT,Isuzu,,,,,,,150.0,Intégrale,Pick-up,,,Sfax,,,,5.0,4.0,2999.0,,04.12.2025,https://baniola.tn/details/25367/isuzu-dmax-vehi-cross-2021-diesel-115-000-km.html
Renault Clio Chipie Essence,12800 DT,Renault,,,,,,,75.0,Traction,Compacte,,,Monastir,,,,5.0,5.0,1200.0,,04.12.2025,https://baniola.tn/details/25366/renault-clio-chipie-essence.html
Renault Symbol 2013 Essence 190 000 Km,31000 DT,Renault,,,,,,,75.0,Traction,Berline,,,Manouba,,,,5.0,4.0,1598.0,,04.12.2025,https://baniola.tn/details/25365/renault-symbol-2013-essence-190-000-km.html
Kia Picanto 2016 Essence 133 000 Km,34000 DT,Kia,,,,,,,87.0,Traction,Citadine,,,Tunis,,,,5.0,5.0,1248.0,,04.12.2025,https://baniola.tn/details/25359/kia-picanto-2016-essence-133-000-km.html
Hyundai I10 2015 Essence,28000 DT,Hyundai,,,,,,,87.0,Traction,Citadine,,,Ariana,,,,5.0,5.0,1248.0,,04.12.2025,https://baniola.tn/details/25357/hyundai-i10-2015-essence.html
Citroën Berlingo 2010 295000 Km,35500 DT,Citroen,,,,,,,90.0,Traction,Utilitaire,,,Sfax,,,,5.0,5.0,1560.0,,03.12.2025,https://baniola.tn/details/25352/citroen-berlingo-2010-295000-km.html
Peugeot 208 2017 Essence 129 000 Km,35000 DT,Peugeot,,,,,,,95.0,Traction,Compacte,,,Sousse,,,,5.0,5.0,1199.0,,03.12.2025,https://baniola.tn/details/25351/peugeot-208-2017-essence-129-000-km.html
Volkswagen Polo 5 2004 Essence 204 000 Km,33000 DT,Volkswagen,,,,,,,75.0,Traction,Compacte,,,Monastir,,,,5.0,3.0,1200.0,,03.12.2025,https://baniola.tn/details/25348/volkswagen-polo-5-2004-essence-204-000-km.html
فيات 126 2015,18000 DT,Fiat,,,,,,,24.0,Traction,Citadine,,,Ariana,,,,4.0,2.0,704.0,,03.12.2025,https://baniola.tn/details/25346/فيات-126-2015.html
Kia Rio 2013 Essence 250 000 Km,35700 DT,Kia,,,,,,,87.0,Traction,Citadine,,,Tunis,,,,5.0,5.0,1400.0,,03.12.2025,https://baniola.tn/details/25345/kia-rio-2013-essence-250-000-km.html
Hyundai Accent Essence 350 000 Km,29800 DT,Hyundai,,,,,,,95.0,Traction,Berline,,,Tunis,,,,5.0,4.0,1600.0,,03.12.2025,https://baniola.tn/details/25344/hyundai-accent-essence-350-000-km.html
Hyundai I10 2021 Essence 143 000 Km,32500 DT,Hyundai,,,,,,,67.0,Traction,Citadine,,,Bizerte,,,,5.0,5.0,1197.0,,03.12.2025,https://baniola.tn/details/25343/hyundai-i10-2021-essence-143-000-km.html
Renault Megane 3 2012,29500 DT,Renault,,,,,,,110.0,Traction,Berline,,,Sousse,,,,5.0,5.0,1600.0,,03.12.2025,https://baniola.tn/details/25342/renault-megane-3-2012.html
Peugeot Partner 5 Place Diesel 246 000 Km,33500 DT,Peugeot,,,,,,,90.0,Traction,Utilitaire,,,Manouba,,,,5.0,5.0,1560.0,,03.12.2025,https://baniola.tn/details/25341/peugeot-partner-5-place-diesel-246-000-km.html
Kia Rio 2017 Essence 160 000 Km,39000 DT,Kia,,,,,,,87.0,Traction,Compacte,,,Ariana,,,,5.0,5.0,1400.0,,03.12.2025,https://baniola.tn/details/25340/kia-rio-2017-essence-160-000-km.html
Kia Sportage 2015 Essence 143 000 Km,55000 DT,Kia,,,,,,,161.0,Traction,SUV,,,Tunis,,,,5.0,5.0,1999.0,,03.12.2025,https://baniola.tn/details/25339/kia-sportage-2015-essence-143-000-km.html
Citroën Berlingo 2011 254000 Km,18000 DT,Citroen,,,,,,,90.0,Traction,Utilitaire,,,Siliana,,,,5.0,5.0,1560.0,,03.12.2025,https://baniola.tn/details/25337/citroen-berlingo-2011-254000-km.html
Volkswagen Polo Essence 185 000 Km,33000 DT,Volkswagen,,,,,,,85.0,Traction,Compacte,,,Tunis,,,,5.0,5.0,1197.0,,03.12.2025,https://baniola.tn/details/25336/volkswagen-polo-essence-185-000-km.html
Toyota Aygo Essence 16 000 Km,38500 DT,Toyota,,,,,,,72.0,Traction,Citadine,,,Bizerte,,,,4.0,3.0,998.0,,03.12.2025,https://baniola.tn/details/25335/toyota-aygo-essence-16-000-km.html
Opel Corsa 2005 Essence,11000 DT,Opel,,,,,,,60.0,Traction,Compacte,,,Ariana,,,,5.0,3.0,1200.0,,03.12.2025,https://baniola.tn/details/25334/opel-corsa-2005-essence.html
Seat Ibiza 2018 Essence 73 000 Km,58000 DT,Seat,,,,,,,75.0,Traction,Compacte,,,Tunis,,,,5.0,5.0,1200.0,,03.12.2025,https://baniola.tn/details/25332/seat-ibiza-2018-essence-73-000-km.html
Volkswagen Polo 2012 Essence 186 000 Km,28900 DT,Volkswagen,,,,,,,85.0,Traction,Compacte,,,Ben Arous,,,,5.0,5.0,1198.0,,03.12.2025,https://baniola.tn/details/25331/volkswagen-polo-2012-essence-186-000-km.html
Peugeot 407 2007 Essence 0 Km,19500 DT,Peugeot,,,,,,,160.0,Traction,Berline,,,Tunis,,,,5.0,4.0,1997.0,,03.12.2025,https://baniola.tn/details/25330/peugeot-407-2007-essence-0-km.html
Volkswagen Polo Sedan Highline 2016 51000 Km,52000 DT,Volkswagen,,,,,,,90.0,Traction,Berline,,,Ben Arous,,,,5.0,4.0,1600.0,,03.12.2025,https://baniola.tn/details/25329/volkswagen-polo-sedan-highline-2016-51000-km.html
Land Rover Discovery Sport 2018 168000 Km,100000 DT,Land rover,,,,,,,180.0,Intégrale,SUV,,,Medenine,,,,5.0,5.0,1999.0,,03.12.2025,https://baniola.tn/details/25328/land-rover-discovery-sport-2018-168000-km.html
Peugeot 301 2014 25700 Km,19500 DT,Peugeot,,,,,,,115.0,Traction,Berline,,,Sousse,,,,5.0,4.0,1600.0,,03.12.2025,https://baniola.tn/details/25327/peugeot-301-2014-25700-km.html
Opel Astra 2014 297000 Km,29000 DT,Opel,,,,,,,120.0,Traction,Berline,,,Ariana,,,,5.0,5.0,1400.0,,03.12.2025,https://baniola.tn/details/25326/opel-astra-2014-297000-km.html
Opel Astra H Essence,23500 DT,Opel,,,,,,,105.0,Traction,Berline,,,Sfax,,,,5.0,4.0,1400.0,,03.12.2025,https://baniola.tn/details/25325/opel-astra-h-essence.html
Renault Symbol Essence 0 Km,31000 DT,Renault,,,,,,,75.0,Traction,Berline,,,Gafsa,,,,5.0,4.0,1390.0,,03.12.2025,https://baniola.tn/details/25324/renault-symbol-essence-0-km.html
Peugeot 208 2023 Essence 120 000 Km,32500 DT,Peugeot,,,,,,,100.0,Traction,Compacte,,,Gabes,,,,5.0,5.0,1200.0,,03.12.2025,https://baniola.tn/details/25323/peugeot-208-2023-essence-120-000-km.html
Mercedes Classe E 2019 Diesel 120 000 Km,159000 DT,Mercedes,,,,,,,194.0,Traction,Berline,,,Sousse,,,,5.0,4.0,1950.0,,03.12.2025,https://baniola.tn/details/25322/mercedes-classe-e-2019-diesel-120-000-km.html
Isuzu D Max 2011 Diesel 530 000 Km,65000 DT,Isuzu,,,,,,,136.0,Intégrale,Pick-up,,,Bizerte,,,,5.0,4.0,2999.0,,03.12.2025,https://baniola.tn/details/25321/isuzu-d-max-2011-diesel-530-000-km.html
Citroën C3 2007 Essence 113 000 Km,23500 DT,Citroen,,,,,,,60.0,Traction,Compacte,,,Sfax,,,,5.0,5.0,1124.0,,02.12.2025,https://baniola.tn/details/25318/citroen-c3-2007-essence-113-000-km.html
Peugeot 208 2014 240 Km,22500 DT,Peugeot,,,,,,,120.0,Traction,Compacte,,,Ben Arous,,,,5.0,5.0,1600.0,,02.12.2025,https://baniola.tn/details/25317/peugeot-208-2014-240-km.html
Renault Clio Bombé 2003 Essence,16000 DT,Renault,,,,,,,75.0,Traction,Compacte,,,Mahdia,,,,5.0,3.0,1149.0,,02.12.2025,https://baniola.tn/details/25316/renault-clio-bombé-2003-essence.html
Volkswagen Golf 6 2012 Essence 209 000 Km,42900 DT,Volkswagen,,,,,,,105.0,Traction,Compacte,,,Sousse,,,,5.0,5.0,1600.0,,02.12.2025,https://baniola.tn/details/25314/volkswagen-golf-6-2012-essence-209-000-km.html
Kia Rio 2014 Essence 163 000 Km,47000 DT,Kia,,,,,,,87.0,Traction,Citadine,,,Kasserine,,,,5.0,5.0,1400.0,,02.12.2025,https://baniola.tn/details/25313/kia-rio-2014-essence-163-000-km.html
Peugeot 301 2019 Essence,32000 DT,Peugeot,,,,,,,115.0,Traction,Berline,,,Sfax,,,,5.0,4.0,1600.0,,02.12.2025,https://baniola.tn/details/25312/peugeot-301-2019-essence.html
Isuzu D Max 2020 Diesel,90000 DT,Isuzu,,,,,,,163.0,Intégrale,Pick-up,,,Bizerte,,,,5.0,4.0,2999.0,,02.12.2025,https://baniola.tn/details/25311/isuzu-d-max-2020-diesel.html
Seat Leon 2002 300. 000 Km,16600 DT,Seat,,,,,,,115.0,Traction,Berline,,,Ben Arous,,,,5.0,5.0,1598.0,,02.12.2025,https://baniola.tn/details/25310/seat-leon-2002-300-000-km.html
Volkswagen Polo 5 Conforline,20800 DT,Volkswagen,,,,,,,85.0,Traction,Compacte,,,Sfax,,,,5.0,5.0,1198.0,,02.12.2025,https://baniola.tn/details/25309/volkswagen-polo-5-conforline.html
Opel Corsa 2000 532000 Km,13500 DT,Opel,,,,,,,60.0,Traction,Compacte,,,Nabeul,,,,5.0,3.0,1200.0,,02.12.2025,https://baniola.tn/details/25308/opel-corsa-2000-532000-km.html
Peugeot 206 2010 Essence,22700 DT,Peugeot,,,,,,,95.0,Traction,Compacte,,,Gabes,,,,5.0,5.0,1587.0,,02.12.2025,https://baniola.tn/details/25307/peugeot-206-2010-essence.html
Peugeot 106 Essence 0 Km,11 DT,Peugeot,,,,,,,60.0,Traction,Citadine,,,Tunis,,,,5.0,3.0,1124.0,,02.12.2025,https://baniola.tn/details/25306/peugeot-106-essence-0-km.html
Renault Clio 2008 350 Km,20500 DT,Renault,,,,,,,75.0,Traction,Compacte,,,Tunis,,,,5.0,3.0,1149.0,,02.12.2025,https://baniola.tn/details/25305/renault-clio-2008-350-km.html
Isuzu Autre 2000 Diesel 340 000 Km,42000 DT,Isuzu,,,,,,,100.0,Propulsion,Pick-up,,,Ben Arous,,,,5.0,4.0,2800.0,,02.12.2025,https://baniola.tn/details/25303/isuzu-autre-2000-diesel-340-000-km.html
Volkswagen Polo 2022 Essence 116 000 Km,46000 DT,Volkswagen,,,,,,,70.0,Traction,Compacte,,,Nabeul,,,,5.0,5.0,1197.0,,02.12.2025,https://baniola.tn/details/25302/volkswagen-polo-2022-essence-116-000-km.html
Chevrolet Cruze 2017 33000 Km,33000 DT,Chevrolet,,,,,,,140.0,Traction,Berline,,,Mahdia,,,,5.0,4.0,1600.0,,02.12.2025,https://baniola.tn/details/25299/chevrolet-cruze-2017-33000-km.html
Toyota Hiace 2009 3000 Km,18000 DT,Toyota,,,,,,,102.0,Propulsion,Utilitaire,,,Sfax,,,,8.0,4.0,2494.0,,02.12.2025,https://baniola.tn/details/25298/toyota-hiace-2009-300000-km.html
Kia Rio 2010 Essence,25000 DT,Kia,,,,,,,110.0,Traction,Citadine,,,Nabeul,,,,5.0,5.0,1400.0,,02.12.2025,https://baniola.tn/details/25297/kia-rio-2010-essence.html
Renault Clio Essence 200 000 Km,16000 DT,Renault,,,,,,,75.0,Traction,Compacte,,,Ben Arous,,,,5.0,5.0,1200.0,,02.12.2025,https://baniola.tn/details/25296/renault-clio-essence-200-000-km.html
Renault Clio 2005 25000 Km,17000 DT,Renault,,,,,,,75.0,Traction,Compacte,,,Sfax,,,,5.0,3.0,1149.0,,02.12.2025,https://baniola.tn/details/25295/renault-clio-2005-250000-km.html
Mazda Bt 50 2007 Diesel 40 000 Km,38500 DT,Mazda,,,,,,,143.0,Intégrale,Pick-up,,,Sfax,,,,5.0,4.0,2950.0,,02.12.2025,https://baniola.tn/details/25294/mazda-bt-50-2007-diesel-40-000-km.html
Audi Q8 E-Tron 2020 Électrique 70 000 Km,98451201 DT,Audi,,,,,,,340.0,Intégrale,SUV,,,Tunis,,,,5.0,5.0,,,02.12.2025,https://baniola.tn/details/25292/audi-q8-e-tron-2020-électrique-70-000-km.html
Kia Seltos 2022 Essence 87 000 Km,78000 DT,Kia,,,,,,,118.0,Traction,SUV,,,Tunis,,,,5.0,4.0,1600.0,,02.12.2025,https://baniola.tn/details/25291/kia-seltos-2022-essence-87-000-km.html
Golf 3 Caberiolet,10700 DT,Volkswagen,,,,,,,115.0,Traction,Caberiolet,,,Tunis,,,,4.0,2.0,1595.0,,01.12.2025,https://baniola.tn/details/25289/golf-3-caberiolet.html
Toyota Yaris Sedan 2017 117000 Km,42000 DT,Toyota,,,,,,,100.0,Traction,Berline,,,Tunis,,,,5.0,4.0,1300.0,,01.12.2025,https://baniola.tn/details/25288/toyota-yaris-sedan-2017-117000-km.html
Renault Clio Classique,19800 DT,Renault,,,,,,,75.0,Traction,Citadine,,,Gafsa,,,,5.0,5.0,1149.0,,01.12.2025,https://baniola.tn/details/25286/renault-clio-classique.html
Renault Clio Diesel 0 Km,14900 DT,Renault,,,,,,,90.0,Traction,Compacte,,,Tunis,,,,5.0,5.0,1461.0,,01.12.2025,https://baniola.tn/details/25285/renault-clio-diesel-0-km.html
Renault Symbol 2014 151000 Km,27000 DT,Renault,,,,,,,75.0,Traction,Berline,,,Kasserine,,,,5.0,4.0,1390.0,,01.12.2025,https://baniola.tn/details/25284/renault-symbol-2014-151000-km.html
Kia Sportage 2014 242 Km,53000 DT,Kia,,,,,,,161.0,Traction,SUV,,,Mahdia,,,,5.0,5.0,1995.0,,01.12.2025,https://baniola.tn/details/25283/kia-sportage-2014-242-km.html
Hyundai I20 2013 185 Km,29500 DT,Hyundai,,,,,,,85.0,Traction,Compacte,,,Ariana,,,,5.0,5.0,1248.0,,01.12.2025,https://baniola.tn/details/25282/hyundai-i20-2013-185-km.html
Renault Symbol 2016 Essence 106 000 Km,31000 DT,Renault,,,,,,,75.0,Traction,Berline,,,Sfax,,,,5.0,4.0,1598.0,,01.12.2025,https://baniola.tn/details/25279/renault-symbol-2016-essence-106-000-km.html
Geely Gk-Gl 2021 73000 Km,50000 DT,Geely,,,,,,,120.0,Traction,Berline,,,Ariana,,,,5.0,4.0,1600.0,,01.12.2025,https://baniola.tn/details/25278/geely-gk-gl-2021-73000-km.html
Renault Clio 2016 Essence 122 000 Km,16000 DT,Renault,,,,,,,75.0,Traction,Compacte,,,Sfax,,,,5.0,5.0,1200.0,,01.12.2025,https://baniola.tn/details/25277/renault-clio-2016-essence-122-000-km.html
Seat Ibiza 2021 Essence 110 000 Km,40000 DT,Seat,,,,,,,110.0,Traction,Compacte,,,Ben Arous,,,,5.0,5.0,1000.0,,01.12.2025,https://baniola.tn/details/25276/seat-ibiza-2021-essence-110-000-km.html
Renault Clio 2012 Essence 0 Km,16000 DT,Renault,,,,,,,75.0,Traction,Compacte,,,Kairouan,,,,5.0,5.0,1149.0,,01.12.2025,https://baniola.tn/details/25275/renault-clio-2012-essence-0-km.html
Hyundai I20,47500 DT,Hyundai,,,,,,,85.0,Traction,Compacte,,,Ben Arous,,,,5.0,5.0,1200.0,,01.12.2025,https://baniola.tn/details/25273/hyundai-i20.html
Volkswagen Polo 2010 Essence 194 000 Km,33000 DT,Volkswagen,,,,,,,85.0,Traction,Compacte,,,Tunis,,,,5.0,5.0,1595.0,,01.12.2025,https://baniola.tn/details/25272/volkswagen-polo-2010-essence-194-000-km.html
Renault Twingo 2011 Essence 1 700 000 Km,25000 DT,Renault,,,,,,,75.0,Traction,Citadine,,,,,,,4.0,3.0,1149.0,,01.12.2025,https://baniola.tn/details/25271/renault-twingo-2011-essence-1-700-000-km.html
Fiat Doblo 2015 398000 Km,18500 DT,Fiat,,,,,,,95.0,Traction,Utilitaire,,,Ben Arous,,,,5.0,5.0,1600.0,,01.12.2025,https://baniola.tn/details/25270/fiat-doblo-2015-398000-km.html
Renault Clio Bombé 2012 Essence 225 000 Km,14000 DT,Renault,,,,,,,75.0,Traction,Compacte,,,Tunis,,,,5.0,5.0,1149.0,,01.12.2025,https://baniola.tn/details/25269/renault-clio-bombé-2012-essence-225-000-km.html
Volkswagen Touareg 2010 Diesel 253 000 Km,49000 DT,Volkswagen,,,,,,,240.0,Intégrale,SUV,,,Ariana,,,,5.0,5.0,2967.0,,01.12.2025,https://baniola.tn/details/25267/volkswagen-touareg-2010-diesel-253-000-km.html
Hyundai Tucson 2022 171000 Km,110000 DT,Hyundai,,,,,,,170.0,Traction,SUV,,,Sousse,,,,5.0,5.0,1600.0,,01.12.2025,https://baniola.tn/details/25265/hyundai-tucson-2022-171000-km.html
Citroën C5 Ii 2008 4000 Km,22000 DT,Citroen,,,,,,,170.0,Traction,Berline,,,Medenine,,,,5.0,4.0,1997.0,,01.12.2025,https://baniola.tn/details/25263/citroen-c5-ii-2008-400000-km.html
Seat Ibiza Tsi 2017 Essence 125 000 Km,48000 DT,Seat,,,,,,,90.0,Traction,Compacte,,,Manouba,,,,5.0,5.0,1197.0,,01.12.2025,https://baniola.tn/details/25261/seat-ibiza-tsi-2017-essence-125-000-km.html
Renault Clio Dynamique 2019 Essence 133 000 Km,16000 DT,Renault,,,,,,,90.0,Traction,Compacte,,,Beja,,,,5.0,5.0,1200.0,,01.12.2025,https://baniola.tn/details/25260/renault-clio-dynamique-2019-essence-133-000-km.html
Citroën C4 E-Hdi 2017 Diesel 24 000 Km,45500 DT,Citroen,,,,,,,115.0,Traction,Berline,,,Ben Arous,,,,5.0,5.0,1560.0,,01.12.2025,https://baniola.tn/details/25257/citroen-c4-e-hdi-2017-diesel-24-000-km.html
Wallyscar 619 2023 62000 Km,29000 DT,Wallyscar,,,,,,,85.0,Traction,SUV,,,Nabeul,,,,5.0,5.0,1598.0,,01.12.2025,https://baniola.tn/details/25256/wallyscar-619-2023-62000-km.html
Citroën C4 2012 Essence 180 000 Km,28000 DT,Citroen,,,,,,,120.0,Traction,Berline,,,Tunis,,,,5.0,4.0,1600.0,,01.12.2025,https://baniola.tn/details/25255/citroen-c4-2012-essence-180-000-km.html
Seat Ibiza 2020 Essence 96 000 Km,55000 DT,Seat,,,,,,,95.0,Traction,Compacte,,,Tunis,,,,5.0,5.0,999.0,,01.12.2025,https://baniola.tn/details/25254/seat-ibiza-2020-essence-96-000-km.html
Hyundai I10 2021 Essence 130 000 Km,32500 DT,Hyundai,,,,,,,67.0,Traction,Citadine,,,Ariana,,,,5.0,5.0,1197.0,,01.12.2025,https://baniola.tn/details/25253/hyundai-i10-2021-essence-130-000-km.html
Renault Clio 5 2022 Essence 103 000 Km,39500 DT,Renault,,,,,,,90.0,Traction,Compacte,,,Tunis,,,,5.0,5.0,1200.0,,01.12.2025,https://baniola.tn/details/25252/renault-clio-5-2022-essence-103-000-km.html
Chevrolet Cruze 2018 Essence 106 000 Km,0 DT,Chevrolet,,,,,,,140.0,Traction,Berline,,,Beja,,,,5.0,4.0,1600.0,,01.12.2025,https://baniola.tn/details/25251/chevrolet-cruze-2018-essence-106-000-km.html
Isuzu D Max 2007 Diesel 378 000 Km,53000 DT,Isuzu,,,,,,,100.0,Intégrale,Pick-up,,,Ben Arous,,,,5.0,4.0,2800.0,,01.12.2025,https://baniola.tn/details/25250/isuzu-d-max-2007-diesel-378-000-km.html
Suzuki Swift 2022 Essence 61 000 Km,41000 DT,Suzuki,,,,,,,90.0,Traction,Compacte,,,Bizerte,,,,5.0,4.0,1200.0,,01.12.2025,https://baniola.tn/details/25249/suzuki-swift-2022-essence-61-000-km.html
Renault Clio 2022 Essence,39900 DT,Renault,,,,,,,90.0,Traction,Compacte,,,Bizerte,,,,5.0,5.0,1200.0,,01.12.2025,https://baniola.tn/details/25248/renault-clio-2022-essence.html
Fiat Punto,11500 DT,Fiat,,,,,,,70.0,Traction,Compacte,,,Sfax,,,,5.0,5.0,1200.0,,01.12.2025,https://baniola.tn/details/25247/fiat-punto.html
Renault Trafic 2021 Essence 161 000 Km,74000 DT,Renault,,,,,,,120.0,Traction,Utilitaire,,,Tunis,,,,9.0,5.0,1997.0,,01.12.2025,https://baniola.tn/details/25246/renault-trafic-2021-essence-161-000-km.html
Suzuki Swift 2022 Essence 0 Km,31000 DT,Suzuki,,,,,,,90.0,Traction,Compacte,,,Gafsa,,,,5.0,4.0,1200.0,,01.12.2025,https://baniola.tn/details/25245/suzuki-swift-2022-essence-0-km.html
Ford Focus 2009 Essence 0 Km,30 DT,Ford,,,,,,,100.0,Traction,Compacte,,,Tunis,,,,5.0,5.0,1600.0,,01.12.2025,https://baniola.tn/details/25244/ford-focus-2009-essence-0-km.html
Kia Picanto 2022 33000 Km,50000 DT,Kia,,,,,,,84.0,Traction,Citadine,,,Tozeur,,,,5.0,5.0,1248.0,,01.12.2025,https://baniola.tn/details/25241/kia-picanto-2022-33000-km.html
Hyundai Ix35 2013 252000 Km,43000 DT,Hyundai,,,,,,,163.0,Intégrale,SUV,,,Sfax,,,,5.0,5.0,1995.0,,30.11.2025,https://baniola.tn/details/25239/hyundai-ix35-2013-252000-km.html
Fiat 500 C 2021 100. 000 Km,51000 DT,Fiat,,,,,,,69.0,Traction,Citadine,,,Monastir,,,,4.0,3.0,999.0,,30.11.2025,https://baniola.tn/details/25238/fiat-500-c-2021-100-000-km.html
Toyota Hilux 2017 175000 Km,130000 DT,Toyota,,,,,,,163.0,Intégrale,Pick-up,,,Kebili,,,,5.0,4.0,2755.0,,30.11.2025,https://baniola.tn/details/25237/toyota-hilux-2017-175000-km.html
Peugeot 206 Plus +,24500 DT,Peugeot,,,,,,,90.0,Traction,Compacte,,,Sfax,,,,5.0,5.0,1587.0,,30.11.2025,https://baniola.tn/details/25236/peugeot-206-plus.html
Great Wall M4,60000 DT,Haval,,,,,,,102.0,Traction,SUV,,,Sfax,,,,5.0,5.0,1500.0,,30.11.2025,https://baniola.tn/details/25235/great-wall-m4.html
Citroën Jumpy 2021 15000 Km,53000 DT,Citroen,,,,,,,120.0,Traction,Utilitaire,,,Medenine,,,,5.0,5.0,1997.0,,30.11.2025,https://baniola.tn/details/25233/citroen-jumpy-2021-150000-km.html
Mercedes Classe a 2017 79214 Km,89000 DT,Mercedes,,,,,,,136.0,Traction,Compacte,,,Monastir,,,,5.0,5.0,1595.0,,30.11.2025,https://baniola.tn/details/25232/mercedes-classe-a-2017-79214-km.html
Volkswagen Golf 3,14000 DT,Volkswagen,,,,,,,90.0,Traction,Compacte,,,Bizerte,,,,5.0,3.0,1595.0,,30.11.2025,https://baniola.tn/details/25229/volkswagen-golf-3.html
Peugeot Autres 2015 32000 Km,18000 DT,Peugeot,,,,,,,115.0,Traction,Berline,,,Ben Arous,,,,5.0,4.0,1600.0,,30.11.2025,https://baniola.tn/details/25227/peugeot-autres-2015-320000-km.html
Renault Clio 4 Tce 2017 196000 Km,33900 DT,Renault,,,,,,,90.0,Traction,Compacte,,,Ariana,,,,5.0,5.0,1197.0,,30.11.2025,https://baniola.tn/details/25225/renault-clio-4-tce-2017-196000-km.html
Toyota Yaris 2011 48600 Km,46000 DT,Toyota,,,,,,,99.0,Traction,Compacte,,,Ariana,,,,5.0,5.0,1299.0,,30.11.2025,https://baniola.tn/details/25223/toyota-yaris-2011-48600-km.html
Fiat Panda 2005 Essence 341 000 Km,18500 DT,Fiat,,,,,,,60.0,Traction,Citadine,,,Mahdia,,,,5.0,5.0,1100.0,,30.11.2025,https://baniola.tn/details/25222/fiat-panda-2005-essence-341-000-km.html
Volkswagen Golf 7 2014 Essence 196 000 Km,43500 DT,Volkswagen,,,,,,,105.0,Traction,Compacte,,,Ariana,,,,5.0,5.0,1600.0,,30.11.2025,https://baniola.tn/details/25221/volkswagen-golf-7-2014-essence-196-000-km.html
Volkswagen Golf 7 2016 Essence,38000 DT,Volkswagen,,,,,,,105.0,Traction,Compacte,,,Monastir,,,,5.0,5.0,1600.0,,30.11.2025,https://baniola.tn/details/25220/volkswagen-golf-7-2016-essence.html
Isuzu Pickup 1996 57000 Km,45000 DT,Isuzu,,,,,,,95.0,Propulsion,Pick-up,,,Nabeul,,,,2.0,2.0,2771.0,,30.11.2025,https://baniola.tn/details/25218/isuzu-pickup-1996-570000-km.html
Peugeot 5008 2012 - Sélectionner - 190 000 Km,30700 DT,Peugeot,,,,,,,163.0,Traction,Monospace,,,Zaghouan,,,,7.0,5.0,1560.0,,30.11.2025,https://baniola.tn/details/25217/peugeot-5008-2012-sélectionner-190-000-km.html
Renault Symbol 2012 33000 Km,25500 DT,Renault,,,,,,,75.0,Traction,Berline,,,Ariana,,,,5.0,4.0,1390.0,,29.11.2025,https://baniola.tn/details/25215/renault-symbol-2012-330000-km.html
Mercedes C 200 Cdi 2008 Diesel 257 000 Km,43500 DT,Mercedes,,,,,,,136.0,Traction,Berline,,,Ariana,,,,5.0,4.0,2148.0,,29.11.2025,https://baniola.tn/details/25214/mercedes-c-200-cdi-2008-diesel-257-000-km.html
Peugeot 106 Essence,11 DT,Peugeot,,,,,,,60.0,Traction,Citadine,,,Ben Arous,,,,5.0,3.0,1124.0,,29.11.2025,https://baniola.tn/details/25213/peugeot-106-essence.html
Volkswagen Tiguan R-Line 2015 Essence 190 000 Km,65000 DT,Volkswagen,,,,,,,150.0,Traction,SUV,,,Ariana,,,,5.0,5.0,1984.0,,29.11.2025,https://baniola.tn/details/25212/volkswagen-tiguan-r-line-2015-essence-190-000-km.html
Renault Symbol 2010 Essence 236 000 Km,25800 DT,Renault,,,,,,,75.0,Traction,Berline,,,Nabeul,,,,5.0,4.0,1390.0,,29.11.2025,https://baniola.tn/details/25211/renault-symbol-2010-essence-236-000-km.html
Chery Tiggo 3X 2022 105000 Km,45500 DT,Chery,,,,,,,114.0,Traction,SUV,,,Beja,,,,5.0,5.0,1598.0,,29.11.2025,https://baniola.tn/details/25210/chery-tiggo-3x-2022-105000-km.html
Fiat Punto 3 2008 Essence,5300 DT,Fiat,,,,,,,95.0,Traction,Compacte,,,Monastir,,,,5.0,5.0,1242.0,,29.11.2025,https://baniola.tn/details/25209/fiat-punto-3-2008-essence.html
Geely Gc6 2020 140 Km,32000 DT,Geely,,,,,,,120.0,Traction,Berline,,,Ben Arous,,,,5.0,4.0,1598.0,,29.11.2025,https://baniola.tn/details/25208/geely-gc6-2020-140-km.html
Renault Clio 2018 125000 Km,42000 DT,Renault,,,,,,,90.0,Traction,Compacte,,,,,,,5.0,5.0,1200.0,,29.11.2025,https://baniola.tn/details/25207/renault-clio-2018-125000-km.html
Renault Symbol 2009 Essence 114 000 Km,31000 DT,Renault,,,,,,,75.0,Traction,Berline,,,Gafsa,,,,5.0,4.0,1598.0,,29.11.2025,https://baniola.tn/details/25206/renault-symbol-2009-essence-114-000-km.html
Citroën C3 Essence 190 000 Km,370000 DT,Citroen,,,,,,,95.0,Traction,Compacte,,,Monastir,,,,5.0,5.0,1199.0,,29.11.2025,https://baniola.tn/details/25205/citroen-c3-essence-190-000-km.html
Opel Agila 2015 Diesel 160 000 Km,30000 DT,Opel,,,,,,,75.0,Traction,Compacte,,,Tunis,,,,5.0,5.0,1200.0,,29.11.2025,https://baniola.tn/details/25202/opel-agila-2015-diesel-160-000-km.html
Citroën Berlingo 2019 Diesel 160 000 Km,47000 DT,Citroen,,,,,,,95.0,Traction,Utilitaire,,,Sfax,,,,5.0,5.0,1560.0,,29.11.2025,https://baniola.tn/details/25201/citroen-berlingo-2019-diesel-160-000-km.html
Fiat Punto Evo 2013 Essence 184 000 Km,23000 DT,Fiat,,,,,,,77.0,Traction,Compacte,,,Mahdia,,,,5.0,5.0,1242.0,,29.11.2025,https://baniola.tn/details/25199/fiat-punto-evo-2013-essence-184-000-km.html
Hyundai Elantra 2017 Essence,39000 DT,Hyundai,,,,,,,128.0,Traction,Berline,,,Monastir,,,,5.0,4.0,1600.0,,29.11.2025,https://baniola.tn/details/25198/hyundai-elantra-2017-essence.html
Fiat Palio 2 2007 Essence 170 000 Km,18000 DT,Fiat,,,,,,,85.0,Traction,Berline,,,Sfax,,,,5.0,4.0,1150.0,,29.11.2025,https://baniola.tn/details/25197/fiat-palio-2-2007-essence-170-000-km.html
Citroën Nemo 2012 Essence 184 000 Km,19000 DT,Citroen,,,,,,,60.0,Traction,Utilitaire,,,Sfax,,,,2.0,2.0,1200.0,,29.11.2025,https://baniola.tn/details/25196/citroen-nemo-2012-essence-184-000-km.html
Kia Rio 2021 1000 Km,52000 DT,Kia,,,,,,,84.0,Traction,Citadine,,,Tunis,,,,5.0,5.0,1400.0,,28.11.2025,https://baniola.tn/details/25195/kia-rio-2021-100000-km.html
Bmw 520 2003 300 Km,22500 DT,Bmw,,,,,,,170.0,Propulsion,Berline,,,Bizerte,,,,5.0,4.0,2000.0,,28.11.2025,https://baniola.tn/details/25194/bmw-520-2003-300-km.html
Volkswagen Jetta 2011 18000 Km,38000 DT,Volkswagen,,,,,,,105.0,Traction,Berline,,,Sfax,,,,5.0,4.0,1600.0,,28.11.2025,https://baniola.tn/details/25193/volkswagen-jetta-2011-18000-km.html
Citroën C4 Essence,21000 DT,Citroen,,,,,,,120.0,Traction,Berline,,,Beja,,,,5.0,4.0,1600.0,,28.11.2025,https://baniola.tn/details/25192/citroen-c4-essence.html
Renault Clio 2020 91000 Km,40000 DT,Renault,,,,,,,90.0,Traction,Compacte,,,Nabeul,,,,5.0,5.0,1200.0,,28.11.2025,https://baniola.tn/details/25191/renault-clio-2020-91000-km.html
Suzuki Swift 2019 Essence 151 000 Km,36000 DT,Suzuki,,,,,,,90.0,Traction,Compacte,,,Zaghouan,,,,5.0,4.0,1200.0,,28.11.2025,https://baniola.tn/details/25190/suzuki-swift-2019-essence-151-000-km.html
Volkswagen Golf 6 2012 Essence 209 000 Km,45000 DT,Volkswagen,,,,,,,105.0,Traction,Compacte,,,Sousse,,,,5.0,5.0,1600.0,,28.11.2025,https://baniola.tn/details/25189/volkswagen-golf-6-2012-essence-209-000-km.html
Hyundai I10 Essence 134 Km,28000 DT,Hyundai,,,,,,,87.0,Traction,Citadine,,,Gafsa,,,,5.0,5.0,1248.0,,28.11.2025,https://baniola.tn/details/25188/hyundai-i10-essence-134-km.html
Peugeot 2008 2020 Essence 12 500 Km,0 DT,Peugeot,,,,,,,130.0,Traction,SUV,,,Sfax,,,,5.0,5.0,1199.0,,28.11.2025,https://baniola.tn/details/25184/peugeot-2008-2020-essence-12-500-km.html
Kia Picanto 2018 Essence 117 000 Km,37800 DT,Kia,,,,,,,67.0,Traction,Citadine,,,Ben Arous,,,,5.0,4.0,1248.0,,28.11.2025,https://baniola.tn/details/25183/kia-picanto-2018-essence-117-000-km.html
Kia Picanto 2013 Essence 190 000 Km,0 DT,Kia,,,,,,,87.0,Traction,Citadine,,,Ariana,,,,5.0,5.0,1248.0,,28.11.2025,https://baniola.tn/details/25182/kia-picanto-2013-essence-190-000-km.html
Volkswagen Golf 6 2013 Diesel 288 000 Km,35000 DT,Volkswagen,,,,,,,105.0,Traction,Compacte,,,Medenine,,,,5.0,5.0,1968.0,,28.11.2025,https://baniola.tn/details/25180/volkswagen-golf-6-2013-diesel-288-000-km.html
Volkswagen Polo Sedan 2022 Essence 85 000 Km,33000 DT,Volkswagen,,,,,,,75.0,Traction,Berline,,,Gafsa,,,,5.0,4.0,1197.0,,28.11.2025,https://baniola.tn/details/25179/volkswagen-polo-sedan-2022-essence-85-000-km.html
Peugeot 107 2011 270 Km,21000 DT,Peugeot,,,,,,,68.0,Traction,Citadine,,,Ben Arous,,,,4.0,3.0,998.0,,27.11.2025,https://baniola.tn/details/25178/peugeot-107-2011-270-km.html
Sympol Elegance,35000 DT,Renault,,,,,,,115.0,Traction,Berline,,,Tunis,,,,5.0,4.0,1600.0,,27.11.2025,https://baniola.tn/details/25177/sympol-elegance.html
Kia Rio 2021 Essence 8 000 Km,35700 DT,Kia,,,,,,,84.0,Traction,Citadine,,,Nabeul,,,,5.0,5.0,1400.0,,27.11.2025,https://baniola.tn/details/25176/kia-rio-2021-essence-8-000-km.html
Opel Corsa E 2017 Essence 130 000 Km,11000 DT,Opel,,,,,,,95.0,Traction,Compacte,,,Nabeul,,,,5.0,5.0,1200.0,,27.11.2025,https://baniola.tn/details/25175/opel-corsa-e-2017-essence-130-000-km.html
Peugeot 106 Essence,11 DT,Peugeot,,,,,,,60.0,Traction,Citadine,,,Medenine,,,,5.0,3.0,1124.0,,27.11.2025,https://baniola.tn/details/25174/peugeot-106-essence.html
Volkswagen Caddy 2013 Essence 200 000 Km,32000 DT,Volkswagen,,,,,,,102.0,Traction,Utilitaire,,,Nabeul,,,,5.0,4.0,1600.0,,27.11.2025,https://baniola.tn/details/25173/volkswagen-caddy-2013-essence-200-000-km.html
Volkswagen Tiguan Essence 99 000 Km,95000 DT,Volkswagen,,,,,,,140.0,Traction,SUV,,,Bizerte,,,,5.0,5.0,2000.0,,27.11.2025,https://baniola.tn/details/25172/volkswagen-tiguan-essence-99-000-km.html
Renault R19 Essence,11500 DT,Renault,,,,,,,90.0,Traction,Berline,,,Zaghouan,,,,5.0,4.0,1390.0,,27.11.2025,https://baniola.tn/details/25171/renault-r19-essence.html
Peugeot 504 1987 Diesel,0 DT,Peugeot,,,,,,,65.0,Traction,Berline,,,Monastir,,,,5.0,4.0,2304.0,,27.11.2025,https://baniola.tn/details/25170/peugeot-504-1987-diesel.html
Fiat Punto 3 Essence 5Cv,5300 DT,Fiat,,,,,,,70.0,Traction,Compacte,,,Monastir,,,,5.0,5.0,1200.0,,27.11.2025,https://baniola.tn/details/25169/fiat-punto-3-essence-5cv.html
Chery A3 2017 181000 Km,28000 DT,Chery,,,,,,,125.0,Traction,Berline,,,Kasserine,,,,5.0,4.0,1597.0,,27.11.2025,https://baniola.tn/details/25168/chery-a3-2017-181000-km.html
Renault Clio 2023 Essence 65 241 Km,42000 DT,Renault,,,,,,,65.0,Traction,Compacte,,,Nabeul,,,,5.0,5.0,999.0,,27.11.2025,https://baniola.tn/details/25167/renault-clio-2023-essence-65-241-km.html
Citroën C3 2007 Essence,19800 DT,Citroen,,,,,,,60.0,Traction,Compacte,,,Monastir,,,,5.0,5.0,1124.0,,27.11.2025,https://baniola.tn/details/25166/citroen-c3-2007-essence.html
Renault Kangoo 2001 345000 Km,9000 DT,Renault,,,,,,,60.0,Traction,Utilitaire,,,Nabeul,,,,5.0,4.0,1200.0,,27.11.2025,https://baniola.tn/details/25165/renault-kangoo-2001-345000-km.html
Audi 80 1992 200 Km,13000 DT,Audi,,,,,,,90.0,Traction,Berline,,,Sfax,,,,5.0,4.0,1800.0,,27.11.2025,https://baniola.tn/details/25164/audi-80-1992-200-km.html
Citroën C5 2011 29000 Km,30000 DT,Citroen,,,,,,,110.0,Traction,Berline,,,Ariana,,,,5.0,4.0,1600.0,,27.11.2025,https://baniola.tn/details/25163/citroen-c5-2011-290000-km.html
Citroën C-Elysée Essence 155 000 Km,30000 DT,Citroen,,,,,,,115.0,Traction,Berline,,,Manouba,,,,5.0,4.0,1600.0,,27.11.2025,https://baniola.tn/details/25162/citroen-c-elysée-essence-155-000-km.html
Hyundai I20 2017 266 Km,34000 DT,Hyundai,,,,,,,85.0,Traction,Compacte,,,Tunis,,,,5.0,5.0,1248.0,,27.11.2025,https://baniola.tn/details/25161/hyundai-i20-2017-266-km.html
Citroën Berlingo 2009 Gasoil 221 000 Km,25000 DT,Citroen,,,,,,,90.0,Traction,Utilitaire,,,Bizerte,,,,5.0,5.0,1560.0,,27.11.2025,https://baniola.tn/details/25159/citroen-berlingo-2009-gasoil-221-000-km.html
Fiat Punto a Sfax a Vendre Prix 13500 Negociable,13500 DT,Fiat,,,,,,,70.0,Traction,Compacte,,,Sfax,,,,5.0,5.0,1200.0,,27.11.2025,https://baniola.tn/details/25158/fiat-punto-a-sfax-a-vendre-prix-13500-negociable.html
Škoda Fabia 2022 Essence 100 000 Km,39500 DT,Skoda,,,,,,,75.0,Traction,Compacte,,,Sousse,,,,5.0,5.0,1000.0,,26.11.2025,https://baniola.tn/details/25153/skoda-fabia-2022-essence-100-000-km.html
Volkswagen Passat 2010 Essence 200 000 Km,35000 DT,Volkswagen,,,,,,,160.0,Traction,Berline,,,Mahdia,,,,5.0,4.0,1984.0,,26.11.2025,https://baniola.tn/details/25152/volkswagen-passat-2010-essence-200-000-km.html
Peugeot 206 – à Vendre (Moteur Neuf),15000 DT,Peugeot,,,,,,,90.0,Traction,Compacte,,,Tunis,,,,5.0,5.0,1587.0,,26.11.2025,https://baniola.tn/details/25151/peugeot-206-à-vendre-moteur-neuf.html
Citroën C3 2018 94000 Km,36000 DT,Citroen,,,,,,,82.0,Traction,Compacte,,,Nabeul,,,,5.0,5.0,1199.0,,26.11.2025,https://baniola.tn/details/25150/citroen-c3-2018-94000-km.html
Ford Ka 2015 Essence 221 000 Km,26500 DT,Ford,,,,,,,69.0,Traction,Citadine,,,Ariana,,,,5.0,3.0,1196.0,,26.11.2025,https://baniola.tn/details/25149/ford-ka-2015-essence-221-000-km.html
Renault Clio 2007 Essence,16000 DT,Renault,,,,,,,75.0,Traction,Citadine,,,Ben Arous,,,,5.0,5.0,1149.0,,26.11.2025,https://baniola.tn/details/25148/renault-clio-2007-essence.html
Hyundai I10 2023 Essence 35 000 Km,32500 DT,Hyundai,,,,,,,67.0,Traction,Citadine,,,Ariana,,,,5.0,5.0,998.0,,26.11.2025,https://baniola.tn/details/25147/hyundai-i10-2023-essence-35-000-km.html
Volkswagen Golf 2012 Essence 210 000 Km,55046412 DT,Volkswagen,,,,,,,105.0,Traction,Compacte,,,Tunis,,,,5.0,5.0,1600.0,,26.11.2025,https://baniola.tn/details/25145/volkswagen-golf-2012-essence-210-000-km.html
Volkswagen Polo 4 2001 Essence,33000 DT,Volkswagen,,,,,,,75.0,Traction,Compacte,,,Sfax,,,,5.0,3.0,1595.0,,26.11.2025,https://baniola.tn/details/25144/volkswagen-polo-4-2001-essence.html
Volkswagen Golf 4 1. 4 Essence,55046412 DT,Volkswagen,,,,,,,75.0,Traction,Compacte,,,Ben Arous,,,,5.0,3.0,1390.0,,26.11.2025,https://baniola.tn/details/25143/volkswagen-golf-4-1-4-essence.html
Citroën C3 2020 1000 Km,370000 DT,Citroen,,,,,,,82.0,Traction,Compacte,,,Zaghouan,,,,5.0,5.0,1199.0,,26.11.2025,https://baniola.tn/details/25142/citroen-c3-2020-100000-km.html
Peugeot 3008 2018 179000 Km,75000 DT,Peugeot,,,,,,,130.0,Traction,SUV,,,Monastir,,,,5.0,5.0,1600.0,,26.11.2025,https://baniola.tn/details/25139/peugeot-3008-2018-179000-km.html
Mg Zs Trophy Boite Auto,80000 DT,MG,,,,,,,160.0,Traction,SUV,,,Nabeul,,,,5.0,5.0,1500.0,,26.11.2025,https://baniola.tn/details/25138/mg-zs-trophy-boite-auto.html
Kia Sportage 2009,2000 DT,Kia,,,,,,,140.0,Traction,SUV,,,Gabes,,,,5.0,5.0,2000.0,,26.11.2025,https://baniola.tn/details/25137/kia-sportage-2009.html
Dacia Sandero 2015 Essence 181 000 Km,47000 DT,Dacia,,,,,,,75.0,Traction,Berline,,,Sousse,,,,5.0,4.0,1390.0,,26.11.2025,https://baniola.tn/details/25136/dacia-sandero-2015-essence-181-000-km.html
Ford Fiesta 2015 Essence 200 000 Km,34000 DT,Ford,,,,,,,82.0,Traction,Citadine,,,Ariana,,,,5.0,5.0,1196.0,,26.11.2025,https://baniola.tn/details/25135/ford-fiesta-2015-essence-200-000-km.html
Suzuki Celerio 2023 35400 Km,38500 DT,Suzuki,,,,,,,68.0,Traction,Citadine,,,Tunis,,,,5.0,4.0,998.0,,26.11.2025,https://baniola.tn/details/25133/suzuki-celerio-2023-35400-km.html
Toyota Rav 4 2023 58800 Km,138000 DT,Toyota,,,,,,,203.0,Traction,SUV,,,Tunis,,,,5.0,5.0,1987.0,,26.11.2025,https://baniola.tn/details/25131/toyota-rav-4-2023-58800-km.html
Mercedes Classe C180D 2018 186000 Km,122000 DT,Mercedes,,,,,,,136.0,Traction,Berline,,,Tunis,,,,5.0,4.0,1598.0,,26.11.2025,https://baniola.tn/details/25130/mercedes-classe-c180d-2018-186000-km.html
Volkswagen Golf 7 2017 116000 Km,72000 DT,Volkswagen,,,,,,,110.0,Traction,Compacte,,,Tunis,,,,5.0,5.0,1600.0,,26.11.2025,https://baniola.tn/details/25129/volkswagen-golf-7-2017-116000-km.html
Toyota Autres 2021 154000 Km,65000 DT,Toyota,,,,,,,105.0,Traction,Berline,,,Mahdia,,,,5.0,4.0,1600.0,,25.11.2025,https://baniola.tn/details/25127/toyota-autres-2021-154000-km.html
Dacia Duster 2015 78000 Km,40000 DT,Dacia,,,,,,,115.0,Traction,SUV,,,Mahdia,,,,5.0,5.0,1461.0,,25.11.2025,https://baniola.tn/details/25125/dacia-duster-2015-78000-km.html
Peugeot 508 a Vendre,26000 DT,Peugeot,,,,,,,163.0,Traction,Berline,,,Tunis,,,,5.0,4.0,1600.0,,25.11.2025,https://baniola.tn/details/25124/peugeot-508-a-vendre.html
Fiat Punto 1996 000 Km,13000 DT,Fiat,,,,,,,60.0,Traction,Compacte,,,Tunis,,,,5.0,3.0,1100.0,,25.11.2025,https://baniola.tn/details/25123/fiat-punto-1996-0000-km.html
Hyundai I10 2017 94000 Km,29000 DT,Hyundai,,,,,,,87.0,Traction,Citadine,,,,,,,5.0,5.0,1197.0,,25.11.2025,https://baniola.tn/details/25122/hyundai-i10-2017-94000-km.html
Mercedes Glc 2015 37000 Km,149000 DT,Mercedes,,,,,,,211.0,Intégrale,SUV,,,Medenine,,,,5.0,5.0,1991.0,,25.11.2025,https://baniola.tn/details/25121/mercedes-glc-2015-37000-km.html
Mini Cooper R50,25500 DT,Mini,,,,,,,90.0,Traction,Citadine,,,Tunis,,,,4.0,3.0,1600.0,,25.11.2025,https://baniola.tn/details/25120/mini-cooper-r50.html
Volkswagen Polo 7 Essence 294 000 Km - Sélectionner L'état -,29500 DT,Volkswagen,,,,,,,70.0,Traction,Compacte,,,Tunis,,,,5.0,4.0,1198.0,,25.11.2025,https://baniola.tn/details/25119/volkswagen-polo-7-essence-294-000-km-sélectionner-l-039-état.html
Peugeot 207 2011 103000 Km,9000 DT,Peugeot,,,,,,,90.0,Traction,Berline,,,Gafsa,,,,5.0,4.0,1600.0,,25.11.2025,https://baniola.tn/details/25118/peugeot-207-2011-103000-km.html
Renault Clio Bombe Câble 2004 Essence 0 Km Bon,16000 DT,Renault,,,,,,,75.0,Traction,Compacte,,,Le Kef,,,,5.0,3.0,1149.0,,25.11.2025,https://baniola.tn/details/25117/renault-clio-bombe-câble-2004-essence-0-km-bon.html
Mercedes Classe a 2019 69600 Km,105000 DT,Mercedes,,,,,,,163.0,Traction,Compacte,,,Tunis,,,,5.0,5.0,1595.0,,25.11.2025,https://baniola.tn/details/25116/mercedes-classe-a-2019-69600-km.html
Seat Ibiza 2020 Essence 118 000 Km Excellent,43800 DT,Seat,,,,,,,95.0,Traction,Compacte,,,Nabeul,,,,5.0,5.0,999.0,,25.11.2025,https://baniola.tn/details/25115/seat-ibiza-2020-essence-118-000-km-excellent.html
Toyota Yaris 2015 174000 Km,38000 DT,Toyota,,,,,,,99.0,Traction,Citadine,,,Sousse,,,,5.0,5.0,1329.0,,25.11.2025,https://baniola.tn/details/25114/toyota-yaris-2015-174000-km.html
Citroën Berlingo 2012 267 Km,32000 DT,Citroen,,,,,,,90.0,Traction,Utilitaire,,,Mahdia,,,,5.0,5.0,1560.0,,25.11.2025,https://baniola.tn/details/25113/citroen-berlingo-2012-267-km.html
Peugeot 308 2009 203000 Km,25000 DT,Peugeot,,,,,,,110.0,Traction,Berline,,,Nabeul,,,,5.0,5.0,1598.0,,25.11.2025,https://baniola.tn/details/25110/peugeot-308-2009-203000-km.html
Mahindra Kuv 100 2019 13000 Km,27000 DT,Mahindra,,,,,,,85.0,Traction,SUV,,,Tunis,,,,5.0,5.0,1198.0,,25.11.2025,https://baniola.tn/details/25109/mahindra-kuv-100-2019-130000-km.html
A Vendre Kwid Populaire,33500 DT,Renault,,,,,,,68.0,Traction,SUV,,,Ariana,,,,5.0,5.0,999.0,,25.11.2025,https://baniola.tn/details/25108/a-vendre-kwid-populaire.html
Opel Kadett Essence 0 Km,5500 DT,Opel,,,,,,,90.0,Traction,Berline,,,Jendouba,,,,5.0,4.0,1598.0,,24.11.2025,https://baniola.tn/details/25106/opel-kadett-essence-0-km.html
Citroën Berlingo 2006 218000 Km,25000 DT,Citroen,,,,,,,90.0,Traction,Monospace,,,Mahdia,,,,5.0,5.0,1587.0,,24.11.2025,https://baniola.tn/details/25105/citroen-berlingo-2006-218000-km.html
Fiat 500 2017 Essence 150 000 Km - Sélectionner L'état -,16000 DT,Fiat,,,,,,,69.0,Traction,Citadine,,,Tunis,,,,4.0,3.0,999.0,,24.11.2025,https://baniola.tn/details/25104/fiat-500-2017-essence-150-000-km-sélectionner-l-039-état.html
Volkswagen Polo 2000 Essence,13200 DT,Volkswagen,,,,,,,75.0,Traction,Compacte,,,Manouba,,,,5.0,3.0,1189.0,,24.11.2025,https://baniola.tn/details/25103/volkswagen-polo-2000-essence.html
Volkswagen Polo 2019 198000 Km,40000 DT,Volkswagen,,,,,,,90.0,Traction,Compacte,,,Ariana,,,,5.0,5.0,1197.0,,24.11.2025,https://baniola.tn/details/25101/volkswagen-polo-2019-198000-km.html
Fiat Panda 2022 Essence 130 000 Km,37000 DT,Fiat,,,,,,,69.0,Traction,Citadine,,,Medenine,,,,5.0,5.0,999.0,,24.11.2025,https://baniola.tn/details/25100/fiat-panda-2022-essence-130-000-km.html
Hyundai I20 2021 Essence 164 000 Km,53000 DT,Hyundai,,,,,,,84.0,Traction,Compacte,,,Bizerte,,,,5.0,5.0,1200.0,,24.11.2025,https://baniola.tn/details/25099/hyundai-i20-2021-essence-164-000-km.html
Fiat Fiorino 2022 Diesel 190 000 Km,31000 DT,Fiat,,,,,,,95.0,Traction,Utilitaire,,,Tunis,,,,2.0,2.0,1600.0,,24.11.2025,https://baniola.tn/details/25098/fiat-fiorino-2022-diesel-190-000-km.html
Peugeot 308 2008 Essence 195 000 Km Excellent,26500 DT,Peugeot,,,,,,,110.0,Traction,Berline,,,Nabeul,,,,5.0,5.0,1598.0,,24.11.2025,https://baniola.tn/details/25097/peugeot-308-2008-essence-195-000-km-excellent.html
Opel Corsa 2023 Essence Excellent,33800 DT,Opel,,,,,,,83.0,Traction,Compacte,,,Ariana,,,,5.0,5.0,1200.0,,24.11.2025,https://baniola.tn/details/25096/opel-corsa-2023-essence-excellent.html
Citroën C3 2009 Essence,370000 DT,Citroen,,,,,,,60.0,Traction,Berline,,,Gabes,,,,5.0,4.0,1199.0,,24.11.2025,https://baniola.tn/details/25095/citroen-c3-2009-essence.html
Volkswagen Polo 2022 Essence 104 000 Km Excellent,33000 DT,Volkswagen,,,,,,,70.0,Traction,Compacte,,,Sfax,,,,5.0,5.0,1197.0,,24.11.2025,https://baniola.tn/details/25094/volkswagen-polo-2022-essence-104-000-km-excellent.html
Volkswagen Virtus,62000 DT,Volkswagen,,,,,,,110.0,Traction,Berline,,,Sousse,,,,5.0,4.0,1000.0,,24.11.2025,https://baniola.tn/details/25093/volkswagen-virtus.html
Mahindra Kuv 100 2022 Essence 51 000 Km,30000 DT,Mahindra,,,,,,,85.0,Traction,SUV,,,Ariana,,,,5.0,5.0,1198.0,,24.11.2025,https://baniola.tn/details/25092/mahindra-kuv-100-2022-essence-51-000-km.html
Volkswagen Polo 2011 Essence 294 800 Km,33000 DT,Volkswagen,,,,,,,85.0,Traction,Compacte,,,Nabeul,,,,5.0,5.0,1198.0,,24.11.2025,https://baniola.tn/details/25091/volkswagen-polo-2011-essence-294-800-km.html
Kia Seltos,84000 DT,Kia,,,,,,,118.0,Traction,SUV,,,Ariana,,,,5.0,5.0,1600.0,,24.11.2025,https://baniola.tn/details/25090/kia-seltos.html
Chery Tiggo 2019 16000 Km,50000 DT,Chery,,,,,,,126.0,Traction,SUV,,,Nabeul,,,,5.0,5.0,1997.0,,23.11.2025,https://baniola.tn/details/25089/chery-tiggo-2019-160000-km.html
Mercedes Classe C 2010 Diesel 140 000 Km - Sélectionner L...,27000 DT,Mercedes,,,,,,,170.0,Traction,Berline,,,,,,,5.0,4.0,2148.0,,23.11.2025,https://baniola.tn/details/25088/mercedes-classe-c-2010-diesel-140-000-km-sélectionner-l-039-état.html
Citroën C1 2018 Essence 90 000 Km,30000 DT,Citroen,,,,,,,68.0,Traction,Citadine,,,Manouba,,,,4.0,3.0,998.0,,23.11.2025,https://baniola.tn/details/25087/citroen-c1-2018-essence-90-000-km.html
Mg Gs 2018,52000 DT,MG,,,,,,,190.0,Traction,SUV,,,,,,,5.0,5.0,2300.0,,23.11.2025,https://baniola.tn/details/25086/mg-gs-2018.html
Citroën Jumpy Diesel,24000 DT,Citroen,,,,,,,120.0,Traction,Utilitaire,,,Sousse,,,,5.0,4.0,1997.0,,23.11.2025,https://baniola.tn/details/25085/citroën-jumpy-diesel.html
Renault Clio 2010 Essence 188 000 Km,16000 DT,Renault,,,,,,,75.0,Traction,Compacte,,,Monastir,,,,5.0,5.0,1149.0,,23.11.2025,https://baniola.tn/details/25084/renault-clio-2010-essence-188-000-km.html
Renault Kangoo 2003 Essence 0 Km Excellent,30000 DT,Renault,,,,,,,60.0,Traction,Utilitaire,,,Tunis,,,,5.0,4.0,1390.0,,23.11.2025,https://baniola.tn/details/25083/renault-kangoo-2003-essence-0-km-excellent.html
Ford Focus,17500 DT,Ford,,,,,,,120.0,Traction,Compacte,,,Bizerte,,,,5.0,5.0,1600.0,,23.11.2025,https://baniola.tn/details/25082/ford-focus.html
Mercedes Classe a 2016 12000 Km,58000 DT,Mercedes,,,,,,,115.0,Traction,Compacte,,,Ariana,,,,5.0,5.0,1595.0,,23.11.2025,https://baniola.tn/details/25081/mercedes-classe-a-2016-120000-km.html
Toyota Yaris Cross Hybride 2024,102 DT,Toyota,,,,,,,109.0,Traction,SUV,,,,,,,5.0,5.0,1490.0,,23.11.2025,https://baniola.tn/details/25080/toyota-yaris-cross-hybride-2024.html
Renault Megane 2009 203000 Km,26000 DT,Renault,,,,,,,110.0,Traction,Berline,,,Bizerte,,,,5.0,4.0,1600.0,,23.11.2025,https://baniola.tn/details/25079/renault-megane-2009-203000-km.html
Ford Fiesta 2014 22000 Km,27000 DT,Ford,,,,,,,82.0,Traction,Citadine,,,Ben Arous,,,,5.0,5.0,1200.0,,23.11.2025,https://baniola.tn/details/25077/ford-fiesta-2014-220000-km.html
Peugeot 208 2015 113000 Km,30000 DT,Peugeot,,,,,,,95.0,Traction,Compacte,,,Gabes,,,,5.0,5.0,1199.0,,23.11.2025,https://baniola.tn/details/25076/peugeot-208-2015-113000-km.html
Renault Clio 2019 4 Cylinders 5 Cv,41500 DT,Renault,,,,,,,90.0,Traction,Compacte,,,Manouba,,,,5.0,5.0,1197.0,,23.11.2025,https://baniola.tn/details/25075/renault-clio-2019-4-cylinders-5-cv.html
Fiat Grande Punto 2009 31000 Km,23000 DT,Fiat,,,,,,,75.0,Traction,Compacte,,,Nabeul,,,,5.0,5.0,1200.0,,23.11.2025,https://baniola.tn/details/25074/fiat-grande-punto-2009-310000-km.html
Land Rover Evoque 2013 165000 Km,85000 DT,Land rover,,,,,,,177.0,Intégrale,SUV,,,Sfax,,,,5.0,5.0,1999.0,,23.11.2025,https://baniola.tn/details/25073/land-rover-evoque-2013-165000-km.html
Audi A4 2003 127000 Km,23000 DT,Audi,,,,,,,130.0,Traction,Berline,,,Kasserine,,,,5.0,4.0,1595.0,,23.11.2025,https://baniola.tn/details/25072/audi-a4-2003-127000-km.html
Ford Ecosport 2020 Essence 233 000 Km,38000 DT,Ford,,,,,,,125.0,Traction,SUV,,,Kairouan,,,,5.0,5.0,1600.0,,23.11.2025,https://baniola.tn/details/25071/ford-ecosport-2020-essence-233-000-km.html
Hyundai I10 2023 Essence,32500 DT,Hyundai,,,,,,,67.0,Traction,Citadine,,,Monastir,,,,5.0,5.0,998.0,,23.11.2025,https://baniola.tn/details/25070/hyundai-i10-2023-essence.html
Ford Focus 2010 Essence 194 000 Km,30 DT,Ford,,,,,,,105.0,Traction,Compacte,,,Kairouan,,,,5.0,5.0,1600.0,,23.11.2025,https://baniola.tn/details/25068/ford-focus-2010-essence-194-000-km.html
Kia Rio Sedan 2017 Essence 153 000 Km,38000 DT,Kia,,,,,,,87.0,Traction,Berline,,,Tunis,,,,5.0,4.0,1400.0,,23.11.2025,https://baniola.tn/details/25067/kia-rio-sedan-2017-essence-153-000-km.html
Kia Rio Sedan 2017 Essence 220 000 Km,39500 DT,Kia,,,,,,,87.0,Traction,Berline,,,Ariana,,,,5.0,4.0,1400.0,,23.11.2025,https://baniola.tn/details/25066/kia-rio-sedan-2017-essence-220-000-km.html
Chery Tiggo 2022 79000 Km,72000 DT,Chery,,,,,,,136.0,Traction,SUV,,,Sfax,,,,5.0,5.0,1997.0,,23.11.2025,https://baniola.tn/details/25065/chery-tiggo-2022-79000-km.html
Fiat Doblo 2016 5000 Km,24000 DT,Fiat,,,,,,,95.0,Traction,Monospace,,,Gabes,,,,5.0,5.0,1400.0,,22.11.2025,https://baniola.tn/details/25064/fiat-doblo-2016-500000-km.html
Fiat Siena,19000 DT,Fiat,,,,,,,75.0,Traction,Berline,,,Sfax,,,,5.0,4.0,1370.0,,22.11.2025,https://baniola.tn/details/25063/fiat-siena.html
Chevrolet Aveo 2008 Essence 159 000 Km,22000 DT,Chevrolet,,,,,,,84.0,Traction,Berline,,,Tunis,,,,5.0,4.0,1399.0,,22.11.2025,https://baniola.tn/details/25062/chevrolet-aveo-2008-essence-159-000-km.html
Volkswagen Polo 2018 Essence 144 000 Km,43000 DT,Volkswagen,,,,,,,70.0,Traction,Compacte,,,Sousse,,,,5.0,5.0,1197.0,,22.11.2025,https://baniola.tn/details/25061/volkswagen-polo-2018-essence-144-000-km.html
Volkswagen Passat B7 2008 Essence 128 000 Km,43000 DT,Volkswagen,,,,,,,160.0,Traction,Berline,,,Sfax,,,,5.0,4.0,1984.0,,22.11.2025,https://baniola.tn/details/25060/volkswagen-passat-b7-2008-essence-128-000-km.html
Peugeot Expert 2001,13000 DT,Peugeot,,,,,,,90.0,Traction,Utilitaire,,,Siliana,,,,5.0,4.0,1997.0,,22.11.2025,https://baniola.tn/details/25059/peugeot-expert-2001.html
Kia Picanto Populaire Fin 2020 98900 Km,34500 DT,Kia,,,,,,,67.0,Traction,Citadine,,,Nabeul,,,,5.0,5.0,1248.0,,22.11.2025,https://baniola.tn/details/25057/kia-picanto-populaire-fin-2020-98900-km.html
Ssangyong Tivoli Xlv 2017 Essence 94 000 Km,0 DT,Ssangyong,,,,,,,115.0,Traction,SUV,,,Sfax,,,,5.0,5.0,1590.0,,22.11.2025,https://baniola.tn/details/25056/ssangyong-tivoli-xlv-2017-essence-94-000-km.html
Peugeot 301 2019 146 000 Km,24800 DT,Peugeot,,,,,,,115.0,Traction,Berline,,,,,,,5.0,4.0,1600.0,,22.11.2025,https://baniola.tn/details/25055/peugeot-301-2019-146-000-km.html
Mazda Mazda2 2016 Essence 145 000 Km Excellent État,22500 DT,Mazda,,,,,,,88.0,Traction,Compacte,,,Manouba,,,,5.0,5.0,1495.0,,22.11.2025,https://baniola.tn/details/25054/mazda-mazda2-2016-essence-145-000-km-excellent-état.html
Mercedes Benz Classe C180 2015 Essence 245 000 Km,89000 DT,Mercedes,,,,,,,156.0,Traction,Berline,,,Nabeul,,,,5.0,4.0,1597.0,,22.11.2025,https://baniola.tn/details/25053/mercedes-benz-classe-c180-2015-essence-245-000-km.html
Volkswagen Polo 6 2007 Essence 202 000 Km,33000 DT,Volkswagen,,,,,,,75.0,Traction,Compacte,,,Ariana,,,,5.0,3.0,1595.0,,22.11.2025,https://baniola.tn/details/25052/volkswagen-polo-6-2007-essence-202-000-km.html
Renault Clio 4 Life Plus Modèle 2020,39500 DT,Renault,,,,,,,90.0,Traction,Compacte,,,Tunis,,,,5.0,5.0,1200.0,,22.11.2025,https://baniola.tn/details/25051/renault-clio-4-life-plus-modèle-2020.html
Fiat Punto 1998 Essence 297 000 Km Bon État,5300 DT,Fiat,,,,,,,60.0,Traction,Compacte,,,Medenine,,,,5.0,3.0,1200.0,,22.11.2025,https://baniola.tn/details/25050/fiat-punto-1998-essence-297-000-km-bon-état.html
Mercedes W202 1994 Essence 350 000 Km,75 DT,Mercedes,,,,,,,174.0,Propulsion,Berline,,,Tunis,,,,5.0,4.0,1998.0,,22.11.2025,https://baniola.tn/details/25049/mercedes-w202-1994-essence-350-000-km.html
Volkswagen Polo 6 2008 Essence,22000 DT,Volkswagen,,,,,,,75.0,Traction,Compacte,,,Tunis,,,,5.0,5.0,1200.0,,22.11.2025,https://baniola.tn/details/25048/volkswagen-polo-6-2008-essence.html
Chevrolet Aveo 2022 88000 Km,40000 DT,Chevrolet,,,,,,,95.0,Traction,Berline,,,Beja,,,,5.0,4.0,1399.0,,22.11.2025,https://baniola.tn/details/25047/chevrolet-aveo-2022-88000-km.html
Volkswagen Golf 5 2015 1000 Km,43000 DT,Volkswagen,,,,,,,105.0,Traction,Compacte,,,Sousse,,,,5.0,5.0,1600.0,,22.11.2025,https://baniola.tn/details/25046/volkswagen-golf-5-2015-1000-km.html
Mazda Bt 50 2008 352000 Km,37000 DT,Mazda,,,,,,,143.0,Intégrale,Pick-up,,,Kairouan,,,,5.0,4.0,2950.0,,21.11.2025,https://baniola.tn/details/25045/mazda-bt-50-2008-352000-km.html
Mg Zs 2020 Essence 117 000 Km Certifié,58000 DT,MG,,,,,,,110.0,Traction,SUV,,,Sousse,,,,5.0,5.0,1490.0,,21.11.2025,https://baniola.tn/details/25040/mg-zs-2020-essence-117-000-km-certifié.html
Renault Clio 2021 Diesel,16000 DT,Renault,,,,,,,90.0,Traction,Compacte,,,Nabeul,,,,5.0,5.0,1461.0,,21.11.2025,https://baniola.tn/details/25039/renault-clio-2021-diesel.html
Peugeot 106 Essence,11 DT,Peugeot,,,,,,,60.0,Traction,Citadine,,,Ben Arous,,,,5.0,3.0,1124.0,,21.11.2025,https://baniola.tn/details/25038/peugeot-106-essence.html
Renault Clio Dynamique 2013 160 500 Km,35000 DT,Renault,,,,,,,75.0,Traction,Compacte,,,Tunis,,,,5.0,5.0,1200.0,,21.11.2025,https://baniola.tn/details/25037/renault-clio-dynamique-2013-160-500-km.html
Citroën C5 2012 Essence 192 000 Km,26500 DT,Citroen,,,,,,,127.0,Traction,Berline,,,Nabeul,,,,5.0,4.0,1598.0,,21.11.2025,https://baniola.tn/details/25036/citroen-c5-2012-essence-192-000-km.html
Dacia Sandero 2021 Essence,34500 DT,Dacia,,,,,,,75.0,Traction,Berline,,,Sousse,,,,5.0,4.0,999.0,,21.11.2025,https://baniola.tn/details/25034/dacia-sandero-2021-essence.html
Fiat Punto 2003 Essence,10500 DT,Fiat,,,,,,,60.0,Traction,Compacte,,,Ben Arous,,,,5.0,3.0,1200.0,,21.11.2025,https://baniola.tn/details/25033/fiat-punto-2003-essence.html
Hyundai I20,29500 DT,Hyundai,,,,,,,85.0,Traction,Compacte,,,Kairouan,,,,5.0,5.0,1200.0,,20.11.2025,https://baniola.tn/details/25032/hyundai-i20.html
Audi Q5 2. 0L Tdi 150Cv 2014 Excellent État,119000 DT,Audi,,,,,,,150.0,Intégrale,SUV,,,Medenine,,,,5.0,5.0,1968.0,,20.11.2025,https://baniola.tn/details/25030/audi-q5-2-0l-tdi-150cv-2014-excellent-état.html
Citroën C3 2010 18000 Km,18000 DT,Citroen,,,,,,,95.0,Traction,Compacte,,,Ariana,,,,5.0,5.0,1598.0,,20.11.2025,https://baniola.tn/details/25025/citroen-c3-2010-18000-km.html
Peugeot 206 1998 280 Km,11000 DT,Peugeot,,,,,,,95.0,Traction,Compacte,,,Tunis,,,,5.0,3.0,1587.0,,20.11.2025,https://baniola.tn/details/25016/peugeot-206-1998-280-km.html
Hyundai I10 – 2021 Essence 83 000 Km,32500 DT,Hyundai,,,,,,,67.0,Traction,Citadine,,,Gafsa,,,,5.0,5.0,998.0,,20.11.2025,https://baniola.tn/details/25009/hyundai-i10-2021-essence-83-000-km.html
Bmw Serie 1 Ii F20 2012 Essence 168 000 Km,43000 DT,Bmw,,,,,,,116.0,Traction,Berline,,,Tunis,,,,5.0,5.0,1598.0,,20.11.2025,https://baniola.tn/details/25007/bmw-serie-1-ii-f20-2012-essence-168-000-km.html
Renault Clio 4 Dynamique 2021 Essence 130 000 Km,16000 DT,Renault,,,,,,,90.0,Traction,Compacte,,,Manouba,,,,5.0,5.0,1200.0,,20.11.2025,https://baniola.tn/details/25006/renault-clio-4-dynamique-2021-essence-130-000-km.html
Peugeot 206 – 2001 – Essence – 240 000 Km – Bon État,22700 DT,Peugeot,,,,,,,95.0,Traction,Compacte,,,Ben Arous,,,,5.0,5.0,1587.0,,20.11.2025,https://baniola.tn/details/25005/peugeot-206-2001-essence-240-000-km-bon-état.html
Volkswagen Golf 6 – Essence – 147 000 Km – Excellent État,1111 DT,Volkswagen,,,,,,,105.0,Traction,Compacte,,,Tunis,,,,5.0,5.0,1600.0,,19.11.2025,https://baniola.tn/details/24984/volkswagen-golf-6-essence-147-000-km-excellent-état.html
Ford Ecosport – 2019 – Essence – 0 Km – Bon État,53000 DT,Ford,,,,,,,125.0,Traction,SUV,,,,,,,5.0,5.0,1250.0,,19.11.2025,https://baniola.tn/details/24979/ford-ecosport-2019-essence-0-km-bon-état.html
Bmw Serie 1 F40,98000 DT,Bmw,,,,,,,140.0,Traction,Berline,,,Tunis,,,,5.0,5.0,1496.0,,19.11.2025,https://baniola.tn/details/24973/bmw-serie-1-f40.html
Ford Fiesta 2015 85. 000 Km,35 DT,Ford,,,,,,,95.0,Traction,Compacte,,,Gafsa,,,,5.0,5.0,1200.0,,19.11.2025,https://baniola.tn/details/24968/ford-fiesta-2015-85-000-km.html
Kia Rio Coupé Première Main en Excellent État,49500 DT,Kia,,,,,,,98.0,Traction,Coupé,,,Bizerte,,,,5.0,3.0,1400.0,,19.11.2025,https://baniola.tn/details/24967/kia-rio-coupé-première-main-en-excellent-état.html
Peugeot Boxer 2007,14500 DT,Peugeot,,,,,,,110.0,Traction,Utilitaire,,,Monastir,,,,2.0,4.0,1997.0,,18.11.2025,https://baniola.tn/details/24962/peugeot-boxer-2007.html
Golf 8 Gte,103 DT,Volkswagen,,,,,,,245.0,Traction,Compacte,,,,,,,5.0,5.0,2000.0,,18.11.2025,https://baniola.tn/details/24961/golf-8-gte.html
Fiat 500 2012 19000 Km,1 DT,Fiat,,,,,,,69.0,Traction,Citadine,,,Ariana,,,,4.0,3.0,1242.0,,18.11.2025,https://baniola.tn/details/24959/fiat-500-2012-190000-km.html
Hyundai I20 Essence 2015,32500 DT,Hyundai,,,,,,,84.0,Traction,Compacte,,,Kairouan,,,,5.0,5.0,1248.0,,11.11.2025,https://baniola.tn/details/24897/hyundai-i20-essence-2015.html
Ford Focus Essence 2006,18500 DT,Ford,,,,,,,100.0,Traction,Berline,,,Bizerte,,,,5.0,4.0,1600.0,,11.11.2025,https://baniola.tn/details/24898/ford-focus-essence-2006.html
Fiat Tipo Essence 2000,9800 DT,Fiat,,,,,,,120.0,Traction,Berline,,,Nabeul,,,,5.0,4.0,2000.0,,09.11.2025,https://baniola.tn/details/24880/fiat-tipo-essence-2000.html
Ford Fiesta Essence 2012,25000 DT,Ford,,,,,,,82.0,Traction,Citadine,,,Ariana,,,,5.0,5.0,1200.0,,09.11.2025,https://baniola.tn/details/24882/ford-fiesta-essence-2012.html
Bmw 316 Essence 2012,45000 DT,Bmw,,,,,,,136.0,Propulsion,Berline,,,Ariana,,,,5.0,4.0,1995.0,,09.11.2025,https://baniola.tn/details/24883/bmw-316-essence-2012.html
Citroën C3 Essence 2004,22000 DT,Citroen,,,,,,,60.0,Traction,Berline,,,Mahdia,,,,5.0,4.0,1124.0,,09.11.2025,https://baniola.tn/details/24885/citroen-c3-essence-2004.html
Peugeot 208 Essence 2017,23500 DT,Peugeot,,,,,,,82.0,Traction,Berline,,,Ariana,,,,5.0,5.0,1199.0,,09.11.2025,https://baniola.tn/details/24886/peugeot-208-essence-2017.html
Chevrolet Autre Essence 2007,18000 DT,Chevrolet,,,,,,,80.0,Traction,Berline,,,Nabeul,,,,5.0,4.0,1600.0,,08.11.2025,https://baniola.tn/details/24873/chevrolet-autre-essence-2007.html
Peugeot 3008 Essence 2021,73000 DT,Peugeot,,,,,,,130.0,Traction,SUV,,,Nabeul,,,,5.0,5.0,1600.0,,08.11.2025,https://baniola.tn/details/24874/peugeot-3008-essence-2021.html
Ford Fiesta Essence,9000 DT,Ford,,,,,,,85.0,Traction,Citadine,,,Tunis,,,,5.0,5.0,1200.0,,08.11.2025,https://baniola.tn/details/24875/ford-fiesta-essence.html
Peugeot 206 Essence 2014,18 DT,Peugeot,,,,,,,95.0,Traction,Compacte,,,Sfax,,,,5.0,5.0,1587.0,,08.11.2025,https://baniola.tn/details/24877/peugeot-206-essence-2014.html
Opel Astra Diesel 2019,44500 DT,Opel,,,,,,,130.0,Traction,Berline,,,Bizerte,,,,5.0,5.0,1600.0,,08.11.2025,https://baniola.tn/details/24871/opel-astra-diesel-2019.html
Mercedes Classe E Diesel 2011,79000 DT,Mercedes,,,,,,,204.0,Propulsion,Berline,,,Medenine,,,,5.0,4.0,2987.0,,08.11.2025,https://baniola.tn/details/24876/mercedes-classe-e-diesel-2011.html
Renault Autres Essence 2010,22000 DT,Renault,,,,,,,105.0,Traction,Berline,,,Tunis,,,,5.0,4.0,1600.0,,07.11.2025,https://baniola.tn/details/24860/renault-autres-essence-2010.html
Fiat Grande Punto Essence 2010,24000 DT,Fiat,,,,,,,65.0,Traction,Compacte,,,Ben Arous,,,,5.0,5.0,1200.0,,07.11.2025,https://baniola.tn/details/24862/fiat-grande-punto-essence-2010.html
Peugeot 307 Diesel 2003,18000 DT,Peugeot,,,,,,,90.0,Traction,Berline,,,Manouba,,,,5.0,4.0,1868.0,,07.11.2025,https://baniola.tn/details/24863/peugeot-307-diesel-2003.html
Peugeot 407 Diesel 2009,23500 DT,Peugeot,,,,,,,110.0,Traction,Berline,,,Mahdia,,,,5.0,4.0,1997.0,,07.11.2025,https://baniola.tn/details/24864/peugeot-407-diesel-2009.html
Volkswagen Golf 6 Essence 2011,35000 DT,Volkswagen,,,,,,,105.0,Traction,Compacte,,,Gafsa,,,,5.0,5.0,1600.0,,07.11.2025,https://baniola.tn/details/24866/volkswagen-golf-6-essence-2011.html
Renault Megane Diesel 2005,18000 DT,Renault,,,,,,,80.0,Traction,Berline,,,Sousse,,,,5.0,4.0,1461.0,,07.11.2025,https://baniola.tn/details/24867/renault-megane-diesel-2005.html
Mahindra Kuv 100 Essence 2018,24500 DT,Mahindra,,,,,,,85.0,Traction,SUV,,,Mahdia,,,,5.0,5.0,1198.0,,07.11.2025,https://baniola.tn/details/24870/mahindra-kuv-100-essence-2018.html
Hyundai I10 Essence 2024,48500 DT,Hyundai,,,,,,,67.0,Traction,Citadine,,,Tunis,,,,5.0,5.0,998.0,,06.11.2025,https://baniola.tn/details/24853/hyundai-i10-essence-2024.html
Fiat Grande Punto Essence 2010,24000 DT,Fiat,,,,,,,77.0,Traction,Compacte,,,Ben Arous,,,,5.0,5.0,1200.0,,06.11.2025,https://baniola.tn/details/24855/fiat-grande-punto-essence-2010.html
Porsche Macan Essence 2020,260000 DT,Porsche,,,,,,,252.0,Intégrale,SUV,,,Nabeul,,,,5.0,5.0,1984.0,,06.11.2025,https://baniola.tn/details/24857/porsche-macan-essence-2020.html
Kia Sportage Essence 2019,125000 DT,Kia,,,,,,,136.0,Traction,SUV,,,Ben Arous,,,,5.0,5.0,1600.0,,06.11.2025,https://baniola.tn/details/24858/kia-sportage-essence-2019.html
Chevrolet Aveo Essence 2005,24000 DT,Chevrolet,,,,,,,84.0,Traction,Berline,,,Ariana,,,,5.0,4.0,1399.0,,05.11.2025,https://baniola.tn/details/24844/chevrolet-aveo-essence-2005.html
Citroën Xsara Picasso Essence 2005,30000000 DT,Citroen,,,,,,,90.0,Traction,Monospace,,,,,,,5.0,5.0,1587.0,,05.11.2025,https://baniola.tn/details/24848/citroen-xsara-picasso-essence-2005.html
Toyota Rav 4 Essence 2014,67000 DT,Toyota,,,,,,,146.0,Traction,SUV,,,Gabes,,,,5.0,5.0,1987.0,,05.11.2025,https://baniola.tn/details/24849/toyota-rav-4-essence-2014.html
Volkswagen Transporter Diesel 2011,38000 DT,Volkswagen,,,,,,,84.0,Traction,Utilitaire,,,Nabeul,,,,9.0,5.0,2000.0,,04.11.2025,https://baniola.tn/details/24839/volkswagen-transporter-diesel-2011.html
Great-Wall Mk-Gl Essence 2019,30000 DT,Geely,,,,,,,120.0,Traction,Berline,,,Sousse,,,,5.0,4.0,1600.0,,04.11.2025,https://baniola.tn/details/24840/great-wall-mk-gl-essence-2019.html
Kia Rio Essence 2015,41000 DT,Kia,,,,,,,87.0,Traction,Citadine,,,Tunis,,,,5.0,5.0,1400.0,,04.11.2025,https://baniola.tn/details/24841/kia-rio-essence-2015.html
Chevrolet Aveo Essence 2005,13 DT,Chevrolet,,,,,,,75.0,Traction,Berline,,,Ariana,,,,5.0,4.0,1399.0,,04.11.2025,https://baniola.tn/details/24842/chevrolet-aveo-essence-2005.html
Hyundai I10 Essence 2021,37000 DT,Hyundai,,,,,,,67.0,Traction,Citadine,,,Zaghouan,,,,5.0,5.0,998.0,,03.11.2025,https://baniola.tn/details/24825/hyundai-i10-essence-2021.html
Seat Ateca Essence 2024,120000 DT,Seat,,,,,,,190.0,Traction,SUV,,,Ariana,,,,5.0,5.0,1498.0,,03.11.2025,https://baniola.tn/details/24827/seat-ateca-essence-2024.html
Nissan Qashqai Diesel 2016,51000 DT,Nissan,,,,,,,130.0,Traction,SUV,,,Tunis,,,,5.0,5.0,1598.0,,03.11.2025,https://baniola.tn/details/24828/nissan-qashqai-diesel-2016.html
Dacia Sandero Essence 2015,36000 DT,Dacia,,,,,,,75.0,Traction,Berline,,,Sousse,,,,5.0,4.0,1200.0,,03.11.2025,https://baniola.tn/details/24829/dacia-sandero-essence-2015.html
Volkswagen Tiguan 1. 4 Tsi Bva,99000 DT,Volkswagen,,,,,,,150.0,Traction,SUV,,,Tunis,,,,5.0,5.0,1395.0,,03.11.2025,https://baniola.tn/details/24832/volkswagen-tiguan-1-4-tsi-bva.html
Peugeot 2008 Essence 2015,39000 DT,Peugeot,,,,,,,115.0,Traction,SUV,,,Ben Arous,,,,5.0,5.0,1598.0,,03.11.2025,https://baniola.tn/details/24834/peugeot-2008-essence-2015.html
Peugeot 206 Essence 2003,17800 DT,Peugeot,,,,,,,95.0,Traction,Compacte,,,Bizerte,,,,5.0,5.0,1587.0,,03.11.2025,https://baniola.tn/details/24835/peugeot-206-essence-2003.html
Mahindra Kuv 100 Essence 2021,26 DT,Mahindra,,,,,,,85.0,Traction,SUV,,,Ariana,,,,5.0,5.0,1198.0,,03.11.2025,https://baniola.tn/details/24836/mahindra-kuv-100-essence-2021.html
Mercedes Classe a Essence 2019,120000 DT,Mercedes,,,,,,,163.0,Traction,Compacte,,,Ben Arous,,,,5.0,5.0,1595.0,,03.11.2025,https://baniola.tn/details/24837/mercedes-classe-a-essence-2019.html
Kia Picanto Essence 2022,39500 DT,Kia,,,,,,,84.0,Traction,Citadine,,,Ben Arous,,,,5.0,5.0,1248.0,,02.11.2025,https://baniola.tn/details/24807/kia-picanto-essence-2022.html
Volvo S80 Diesel 2012,37500 DT,Volvo,,,,,,,163.0,Traction,Berline,,,Tunis,,,,5.0,4.0,1997.0,,02.11.2025,https://baniola.tn/details/24809/volvo-s80-diesel-2012.html
Avendre Ford Focus Essence 2006,1 DT,Ford,,,,,,,100.0,Traction,Compacte,,,Sfax,,,,5.0,5.0,1600.0,,02.11.2025,https://baniola.tn/details/24811/avendre-ford-focus-essence-2006.html
Opel Corsa Essence 2022,37 DT,Opel,,,,,,,83.0,Traction,Compacte,,,Kasserine,,,,5.0,5.0,1200.0,,02.11.2025,https://baniola.tn/details/24814/opel-corsa-essence-2022.html
Opel Astra Essence 2009,25 DT,Opel,,,,,,,120.0,Traction,Berline,,,Medenine,,,,5.0,4.0,1600.0,,02.11.2025,https://baniola.tn/details/24815/opel-astra-essence-2009.html
Volkswagen Polo Essence 2013,19 DT,Volkswagen,,,,,,,85.0,Traction,Compacte,,,Beja,,,,5.0,5.0,1198.0,,02.11.2025,https://baniola.tn/details/24817/volkswagen-polo-essence-2013.html
Isuzu Super Faster Diesel 2000,43000 DT,Isuzu,,,,,,,100.0,Propulsion,Pick-up,,,Sidi Bouzid,,,,5.0,4.0,2800.0,,02.11.2025,https://baniola.tn/details/24818/isuzu-super-faster-diesel-2000.html
Volkswagen Golf 6 Essence 2009,32000 DT,Volkswagen,,,,,,,105.0,Traction,Compacte,,,Tunis,,,,5.0,5.0,1600.0,,02.11.2025,https://baniola.tn/details/24822/volkswagen-golf-6-essence-2009.html
Škoda Autres Essence 2024,72000 DT,Skoda,,,,,,,110.0,Traction,Berline,,,Ben Arous,,,,5.0,4.0,1600.0,,02.11.2025,https://baniola.tn/details/24824/skoda-autres-essence-2024.html
Peugeot 106 Essence 1997,13000 DT,Peugeot,,,,,,,45.0,Traction,Citadine,,,Tunis,,,,5.0,3.0,1124.0,,01.11.2025,https://baniola.tn/details/24803/peugeot-106-essence-1997.html
Hyundai Tucson Hybride 2021,110000 DT,Hyundai,,,,,,,230.0,Intégrale,SUV,,,Tunis,,,,5.0,5.0,1987.0,,01.11.2025,https://baniola.tn/details/24805/hyundai-tucson-hybride-2021.html
Kia Picanto Essence 2018,35000 DT,Kia,,,,,,,84.0,Traction,Citadine,,,Manouba,,,,5.0,5.0,1248.0,,31.10.2025,https://baniola.tn/details/24792/kia-picanto-essence-2018.html
Fiat 500 Essence 2012,28 DT,Fiat,,,,,,,69.0,Traction,Citadine,,,Sfax,,,,4.0,3.0,1242.0,,31.10.2025,https://baniola.tn/details/24799/fiat-500-essence-2012.html
Opel Corsa Essence 2016,30000 DT,Opel,,,,,,,70.0,Traction,Compacte,,,Bizerte,,,,5.0,5.0,1200.0,,31.10.2025,https://baniola.tn/details/24793/opel-corsa-essence-2016.html
Peugeot 208 Série Spéciale City,35000 DT,Peugeot,,,,,,,82.0,Traction,Citadine,,,Bizerte,,,,5.0,5.0,1199.0,,31.10.2025,https://baniola.tn/details/24801/peugeot-208-série-spéciale-city.html
Toyota Yaris Essence 2005,14500 DT,Toyota,,,,,,,68.0,Traction,Citadine,,,Ben Arous,,,,5.0,4.0,1299.0,,30.10.2025,https://baniola.tn/details/24785/toyota-yaris-essence-2005.html
Mg Autres Essence 2024,66000000 DT,MG,,,,,,,120.0,Traction,SUV,,,Mahdia,,,,5.0,5.0,1500.0,,30.10.2025,https://baniola.tn/details/24790/mg-autres-essence-2024.html
Citroën C3 Essence 2006,20000 DT,Citroen,,,,,,,60.0,Traction,Berline,,,Nabeul,,,,5.0,4.0,1124.0,,30.10.2025,https://baniola.tn/details/24791/citroen-c3-essence-2006.html
Volkswagen Golf Essence 2017,75000 DT,Volkswagen,,,,,,,105.0,Traction,Compacte,,,Sfax,,,,5.0,5.0,1600.0,,29.10.2025,https://baniola.tn/details/24780/volkswagen-golf-essence-2017.html
Mahindra Kuv 100 Essence 2020,30000 DT,Mahindra,,,,,,,85.0,Traction,SUV,,,Sousse,,,,5.0,5.0,1198.0,,29.10.2025,https://baniola.tn/details/24781/mahindra-kuv-100-essence-2020.html
Volkswagen Golf Essence 2017,64000 DT,Volkswagen,,,,,,,105.0,Traction,Compacte,,,Tunis,,,,5.0,5.0,1600.0,,29.10.2025,https://baniola.tn/details/24782/volkswagen-golf-essence-2017.html
Fiat Punto Essence 2003,12000 DT,Fiat,,,,,,,60.0,Traction,Compacte,,,Sousse,,,,5.0,3.0,1242.0,,29.10.2025,https://baniola.tn/details/24784/fiat-punto-essence-2003.html
Chery Tiggo Essence 2020,43000 DT,Chery,,,,,,,136.0,Traction,SUV,,,Manouba,,,,5.0,5.0,1997.0,,28.10.2025,https://baniola.tn/details/24769/chery-tiggo-essence-2020.html
Mazda Bt 50 Diesel 2018,60 DT,Mazda,,,,,,,150.0,Intégrale,Pick-up,,,Medenine,,,,5.0,4.0,2500.0,,28.10.2025,https://baniola.tn/details/24770/mazda-bt-50-diesel-2018.html
Ford Fiesta Essence 2012,25000 DT,Ford,,,,,,,82.0,Traction,Citadine,,,Le Kef,,,,5.0,5.0,1200.0,,28.10.2025,https://baniola.tn/details/24771/ford-fiesta-essence-2012.html
Ssangyong Actyon Diesel 2011,32000 DT,Ssangyong,,,,,,,141.0,Intégrale,SUV,,,,,,,5.0,5.0,1998.0,,28.10.2025,https://baniola.tn/details/24772/ssangyong-actyon-diesel-2011.html
Mg Autres Essence 2024,68000 DT,MG,,,,,,,120.0,Traction,SUV,,,Ben Arous,,,,5.0,5.0,1500.0,,28.10.2025,https://baniola.tn/details/24773/mg-autres-essence-2024.html
Renault Megane Diesel 2008,23 DT,Renault,,,,,,,105.0,Traction,Berline,,,Monastir,,,,5.0,5.0,1461.0,,28.10.2025,https://baniola.tn/details/24774/renault-megane-diesel-2008.html
Peugeot Autres Essence 2019,0 DT,Peugeot,,,,,,,120.0,Traction,Berline,,,Sfax,,,,5.0,4.0,1600.0,,28.10.2025,https://baniola.tn/details/24775/peugeot-autres-essence-2019.html
Toyota C-Hr Essence 2022,87000 DT,Toyota,,,,,,,116.0,Traction,SUV,,,Manouba,,,,5.0,5.0,1798.0,,27.10.2025,https://baniola.tn/details/24755/toyota-c-hr-essence-2022.html
Kia Rio Essence 2020,56 DT,Kia,,,,,,,84.0,Traction,Citadine,,,Zaghouan,,,,5.0,5.0,1400.0,,27.10.2025,https://baniola.tn/details/24756/kia-rio-essence-2020.html
Kia Picanto Essence 2018,35000 DT,Kia,,,,,,,84.0,Traction,Citadine,,,Manouba,,,,5.0,5.0,1248.0,,27.10.2025,https://baniola.tn/details/24757/kia-picanto-essence-2018.html
Volkswagen Passat Essence 2013,40 DT,Volkswagen,,,,,,,160.0,Traction,Berline,,,Ariana,,,,5.0,4.0,1600.0,,27.10.2025,https://baniola.tn/details/24758/volkswagen-passat-essence-2013.html
Peugeot 308 Essence 2025,28000 DT,Peugeot,,,,,,,130.0,Traction,Berline,,,Tunis,,,,5.0,5.0,1598.0,,27.10.2025,https://baniola.tn/details/24760/peugeot-308-essence-2025.html
Seat Leon Diesel 2002,20 DT,Seat,,,,,,,90.0,Traction,Berline,,,Ben Arous,,,,5.0,5.0,1900.0,,27.10.2025,https://baniola.tn/details/24762/seat-leon-diesel-2002.html
Mercedes Classe C Essence 2015,70500 DT,Mercedes,,,,,,,184.0,Traction,Berline,,,Tunis,,,,5.0,4.0,1991.0,,27.10.2025,https://baniola.tn/details/24765/mercedes-classe-c-essence-2015.html
Citroën C3 Picasso Essence 2010,28500 DT,Citroen,,,,,,,95.0,Traction,Monospace,,,Nabeul,,,,5.0,5.0,1598.0,,27.10.2025,https://baniola.tn/details/24766/citroen-c3-picasso-essence-2010.html
Peugeot 208 Essence 2017,26300 DT,Peugeot,,,,,,,82.0,Traction,Compacte,,,Manouba,,,,5.0,5.0,1199.0,,27.10.2025,https://baniola.tn/details/24768/peugeot-208-essence-2017.html
Renault Clio Diesel 2012,23 DT,Renault,,,,,,,75.0,Traction,Compacte,,,Tunis,,,,5.0,5.0,1461.0,,26.10.2025,https://baniola.tn/details/24740/renault-clio-diesel-2012.html
Mazda Cx-5 Essence 2018,89000 DT,Mazda,,,,,,,165.0,Traction,SUV,,,Gabes,,,,5.0,5.0,2500.0,,26.10.2025,https://baniola.tn/details/24742/mazda-cx-5-essence-2018.html
Volkswagen Golf 7 Diesel 2013,48000 DT,Volkswagen,,,,,,,105.0,Traction,Compacte,,,Nabeul,,,,5.0,5.0,1968.0,,26.10.2025,https://baniola.tn/details/24743/volkswagen-golf-7-diesel-2013.html
Bmw 316 Essence 2014,55500 DT,Bmw,,,,,,,136.0,Traction,Berline,,,Ariana,,,,5.0,4.0,1598.0,,26.10.2025,https://baniola.tn/details/24745/bmw-316-essence-2014.html
Mahindra Kuv 100 Essence 2020,31 DT,Mahindra,,,,,,,85.0,Traction,SUV,,,Ariana,,,,5.0,5.0,1198.0,,26.10.2025,https://baniola.tn/details/24749/mahindra-kuv-100-essence-2020.html
Opel Mokka Essence 2025,25000 DT,Opel,,,,,,,130.0,Traction,SUV,,,Tunis,,,,5.0,5.0,1200.0,,25.10.2025,https://baniola.tn/details/24730/opel-mokka-essence-2025.html
Citroën Autre Essence 2018,25000 DT,Citroen,,,,,,,115.0,Traction,Berline,,,Nabeul,,,,5.0,4.0,1600.0,,25.10.2025,https://baniola.tn/details/24731/citroen-autre-essence-2018.html
Suzuki Autres Essence 2020,48000 DT,Suzuki,,,,,,,95.0,Traction,Berline,,,Ariana,,,,5.0,4.0,1400.0,,25.10.2025,https://baniola.tn/details/24732/suzuki-autres-essence-2020.html
Volkswagen Polo Essence 2011,28199402 DT,Volkswagen,,,,,,,85.0,Traction,Compacte,,,Nabeul,,,,5.0,5.0,1198.0,,25.10.2025,https://baniola.tn/details/24734/volkswagen-polo-essence-2011.html
Peugeot 106 Essence 1996,11 DT,Peugeot,,,,,,,45.0,Traction,Citadine,,,Zaghouan,,,,5.0,3.0,1124.0,,25.10.2025,https://baniola.tn/details/24735/peugeot-106-essence-1996.html
Nissan Navara Diesel 2012,46500 DT,Nissan,,,,,,,190.0,Intégrale,Pick-up,,,Bizerte,,,,5.0,4.0,2488.0,,25.10.2025,https://baniola.tn/details/24736/nissan-navara-diesel-2012.html
Volkswagen Caddy Diesel 2010,23500 DT,Volkswagen,,,,,,,75.0,Traction,Utilitaire,,,Tunis,,,,5.0,4.0,1900.0,,25.10.2025,https://baniola.tn/details/24739/volkswagen-caddy-diesel-2010.html
Audi A4 Diesel 2006,30000 DT,Audi,,,,,,,140.0,Traction,Berline,,,Kairouan,,,,5.0,4.0,1968.0,,24.10.2025,https://baniola.tn/details/24722/audi-a4-diesel-2006.html
Isuzu Autre Diesel 2012,36000 DT,Isuzu,,,,,,,130.0,Intégrale,Pick-up,,,Jendouba,,,,5.0,4.0,2999.0,,24.10.2025,https://baniola.tn/details/24723/isuzu-autre-diesel-2012.html
Fiat Panda Essence 2012,25500 DT,Fiat,,,,,,,69.0,Traction,Citadine,,,Ben Arous,,,,5.0,5.0,1242.0,,24.10.2025,https://baniola.tn/details/24724/fiat-panda-essence-2012.html
Peugeot 208 Essence 2022,37000 DT,Peugeot,,,,,,,82.0,Traction,Compacte,,,Ariana,,,,5.0,5.0,1199.0,,24.10.2025,https://baniola.tn/details/24728/peugeot-208-essence-2022.html
Hyundai Veloster Essence 2019,85 DT,Hyundai,,,,,,,140.0,Traction,Coupé,,,Mahdia,,,,4.0,3.0,1600.0,,24.10.2025,https://baniola.tn/details/24729/hyundai-veloster-essence-2019.html
Bmw 316 Essence 2014,58 DT,Bmw,,,,,,,136.0,Propulsion,Berline,,,Tunis,,,,5.0,4.0,1598.0,,23.10.2025,https://baniola.tn/details/24707/bmw-316-essence-2014.html
Peugeot Autres Essence 2013,0 DT,Peugeot,,,,,,,115.0,Traction,Berline,,,Sidi Bouzid,,,,5.0,4.0,1600.0,,23.10.2025,https://baniola.tn/details/24712/peugeot-autres-essence-2013.html
Ford Focus Essence 2018,36500 DT,Ford,,,,,,,125.0,Traction,Compacte,,,Nabeul,,,,5.0,5.0,1600.0,,23.10.2025,https://baniola.tn/details/24716/ford-focus-essence-2018.html
Citroën C3 Diesel 2021,49500 DT,Citroen,,,,,,,92.0,Traction,Compacte,,,Bizerte,,,,5.0,5.0,1499.0,,23.10.2025,https://baniola.tn/details/24718/citroen-c3-diesel-2021.html
Peugeot 508 Essence 2012,1 DT,Peugeot,,,,,,,165.0,Traction,Berline,,,Bizerte,,,,5.0,4.0,1598.0,,23.10.2025,https://baniola.tn/details/24719/peugeot-508-essence-2012.html
Volkswagen Golf 6 Essence 2010,41000 DT,Volkswagen,,,,,,,105.0,Traction,Compacte,,,Tunis,,,,5.0,5.0,1600.0,,22.10.2025,https://baniola.tn/details/24696/volkswagen-golf-6-essence-2010.html
Isuzu Mu-X 2016,100000 DT,Isuzu,,,,,,,163.0,Intégrale,SUV,,,Mahdia,,,,7.0,5.0,2999.0,,22.10.2025,https://baniola.tn/details/24699/isuzu-mu-x-2016.html
Bonne Affaire Creta,111111 DT,Hyundai,,,,,,,115.0,Traction,SUV,,,Tunis,,,,5.0,5.0,1600.0,,22.10.2025,https://baniola.tn/details/24702/bonne-affaire-creta.html
Renault Clio Essence 2021,45500 DT,Renault,,,,,,,90.0,Traction,Compacte,,,Tunis,,,,5.0,5.0,1200.0,,22.10.2025,https://baniola.tn/details/24704/renault-clio-essence-2021.html
Kia Rio Essence 2021,48000000 DT,Kia,,,,,,,84.0,Traction,Citadine,,,Sousse,,,,5.0,5.0,1400.0,,22.10.2025,https://baniola.tn/details/24705/kia-rio-essence-2021.html
Peugeot 206 Essence 2006,16000 DT,Peugeot,,,,,,,95.0,Traction,Compacte,,,Tunis,,,,5.0,5.0,1587.0,,21.10.2025,https://baniola.tn/details/24683/peugeot-206-essence-2006.html
Volkswagen Golf Diesel 2016,57000 DT,Volkswagen,,,,,,,110.0,Traction,Compacte,,,Sousse,,,,5.0,5.0,1598.0,,21.10.2025,https://baniola.tn/details/24684/volkswagen-golf-diesel-2016.html
Seat Ibiza Essence 2023,80000 DT,Seat,,,,,,,95.0,Traction,Compacte,,,Nabeul,,,,5.0,5.0,1000.0,,21.10.2025,https://baniola.tn/details/24687/seat-ibiza-essence-2023.html
Mg Zs Essence 2019,48000 DT,MG,,,,,,,110.0,Traction,SUV,,,Zaghouan,,,,5.0,5.0,1500.0,,20.10.2025,https://baniola.tn/details/24672/mg-zs-essence-2019.html
Peugeot 308 Essence 2011,32500 DT,Peugeot,,,,,,,118.0,Traction,Berline,,,,,,,5.0,5.0,1598.0,,20.10.2025,https://baniola.tn/details/24673/peugeot-308-essence-2011.html
Mitsubishi Autres Essence 2021,34000 DT,Mitsubishi,,,,,,,120.0,Traction,SUV,,,Ariana,,,,5.0,5.0,1600.0,,20.10.2025,https://baniola.tn/details/24674/mitsubishi-autres-essence-2021.html
Peugeot 107 Essence 2011,24000 DT,Peugeot,,,,,,,68.0,Traction,Citadine,,,Ben Arous,,,,4.0,3.0,998.0,,20.10.2025,https://baniola.tn/details/24675/peugeot-107-essence-2011.html
Ford Focus Essence 2018,43 DT,Ford,,,,,,,125.0,Traction,Compacte,,,Ben Arous,,,,5.0,5.0,1600.0,,20.10.2025,https://baniola.tn/details/24676/ford-focus-essence-2018.html
Audi A4 Essence 2017,67500 DT,Audi,,,,,,,190.0,Traction,Berline,,,Ariana,,,,5.0,4.0,1984.0,,20.10.2025,https://baniola.tn/details/24677/audi-a4-essence-2017.html
Citroën C4 Essence 2007,20 DT,Citroen,,,,,,,125.0,Traction,Berline,,,Ariana,,,,5.0,4.0,1587.0,,20.10.2025,https://baniola.tn/details/24682/citroen-c4-essence-2007.html
Citroën Zx Essence 1997,7900 DT,Citroen,,,,,,,75.0,Traction,Berline,,,Sfax,,,,5.0,4.0,1580.0,,19.10.2025,https://baniola.tn/details/24657/citroen-zx-essence-1997.html
Mercedes Classe Cla Diesel 2015,78000 DT,Mercedes,,,,,,,136.0,Traction,Berline,,,Sfax,,,,5.0,4.0,2143.0,,19.10.2025,https://baniola.tn/details/24658/mercedes-classe-cla-diesel-2015.html
Kia Rio Essence 2013,34500 DT,Kia,,,,,,,87.0,Traction,Compacte,,,Sfax,,,,5.0,5.0,1400.0,,19.10.2025,https://baniola.tn/details/24659/kia-rio-essence-2013.html
Mg Zs Essence 2022,750000 DT,MG,,,,,,,110.0,Traction,SUV,,,Manouba,,,,5.0,5.0,1500.0,,19.10.2025,https://baniola.tn/details/24660/mg-zs-essence-2022.html
Volkswagen Polo Essence 2010,29000 DT,Volkswagen,,,,,,,85.0,Traction,Compacte,,,Gabes,,,,5.0,5.0,1198.0,,19.10.2025,https://baniola.tn/details/24662/volkswagen-polo-essence-2010.html
Volkswagen Tiguan Essence 2015,72000 DT,Volkswagen,,,,,,,140.0,Traction,SUV,,,Jendouba,,,,5.0,5.0,1984.0,,19.10.2025,https://baniola.tn/details/24663/volkswagen-tiguan-essence-2015.html
Hyundai Autre Essence 2025,85000 DT,Hyundai,,,,,,,120.0,Traction,Berline,,,Ben Arous,,,,5.0,4.0,1600.0,,19.10.2025,https://baniola.tn/details/24665/hyundai-autre-essence-2025.html
Nissan Qashqai Essence 2018,65000 DT,Nissan,,,,,,,115.0,Traction,SUV,,,Tunis,,,,5.0,5.0,1600.0,,19.10.2025,https://baniola.tn/details/24669/nissan-qashqai-essence-2018.html
Chery Tiggo Essence 2021,53000 DT,Chery,,,,,,,136.0,Traction,SUV,,,Ben Arous,,,,5.0,5.0,1997.0,,19.10.2025,https://baniola.tn/details/24670/chery-tiggo-essence-2021.html
Peugeot 2008 Essence 2021,1000 DT,Peugeot,,,,,,,130.0,Traction,SUV,,,Nabeul,,,,5.0,5.0,1199.0,,18.10.2025,https://baniola.tn/details/24650/peugeot-2008-essence-2021.html
Mahindra Kuv 100 Essence 2021,31 DT,Mahindra,,,,,,,85.0,Traction,SUV,,,Tunis,,,,5.0,5.0,1198.0,,18.10.2025,https://baniola.tn/details/24651/mahindra-kuv-100-essence-2021.html
Ford Kuga Essence 2017,72 DT,Ford,,,,,,,120.0,Traction,SUV,,,Bizerte,,,,5.0,5.0,1600.0,,18.10.2025,https://baniola.tn/details/24652/ford-kuga-essence-2017.html
Peugeot 106 Essence 1999,13 DT,Peugeot,,,,,,,45.0,Traction,Citadine,,,Ariana,,,,5.0,3.0,1124.0,,18.10.2025,https://baniola.tn/details/24653/peugeot-106-essence-1999.html
Fiat Freemont Diesel 2012,33000 DT,Fiat,,,,,,,170.0,Traction,Monospace,,,Tunis,,,,7.0,5.0,1968.0,,18.10.2025,https://baniola.tn/details/24654/fiat-freemont-diesel-2012.html
Peugeot 208 Essence 2022,45000 DT,Peugeot,,,,,,,82.0,Traction,Compacte,,,Gafsa,,,,5.0,5.0,1199.0,,18.10.2025,https://baniola.tn/details/24656/peugeot-208-essence-2022.html
Volkswagen Golf Essence 2017,72000 DT,Volkswagen,,,,,,,110.0,Traction,Compacte,,,Mahdia,,,,5.0,5.0,1600.0,,18.10.2025,https://baniola.tn/details/24655/volkswagen-golf-essence-2017.html
Peugeot 308 Essence 2011,23800 DT,Peugeot,,,,,,,118.0,Traction,Berline,,,Ben Arous,,,,5.0,5.0,1598.0,,17.10.2025,https://baniola.tn/details/24640/peugeot-308-essence-2011.html
Opel Zafira Diesel 2013,30000 DT,Opel,,,,,,,120.0,Traction,Monospace,,,Tunis,,,,7.0,5.0,1598.0,,17.10.2025,https://baniola.tn/details/24643/opel-zafira-diesel-2013.html
Fiat 500 Diesel 2016,16000 DT,Fiat,,,,,,,95.0,Traction,Citadine,,,Sousse,,,,4.0,3.0,1248.0,,17.10.2025,https://baniola.tn/details/24644/fiat-500-diesel-2016.html
Kia Rio Essence 2014,36000 DT,Kia,,,,,,,87.0,Traction,Citadine,,,Sousse,,,,5.0,5.0,1400.0,,17.10.2025,https://baniola.tn/details/24645/kia-rio-essence-2014.html
Citroën C4 Essence 2014,25000 DT,Citroen,,,,,,,120.0,Traction,Berline,,,Mahdia,,,,5.0,4.0,1600.0,,17.10.2025,https://baniola.tn/details/24646/citroen-c4-essence-2014.html
Peugeot 207Sw Essence,24000 DT,Peugeot,,,,,,,95.0,Traction,Break,,,Ben Arous,,,,5.0,5.0,1598.0,,17.10.2025,https://baniola.tn/details/24647/peugeot-207sw-essence.html
Bmw 116 Essence 2013,42000 DT,Bmw,,,,,,,136.0,Traction,Berline,,,Ariana,,,,5.0,5.0,1598.0,,16.10.2025,https://baniola.tn/details/24632/bmw-116-essence-2013.html
Mercedes Classe C Essence 2004,19000 DT,Mercedes,,,,,,,170.0,Propulsion,Berline,,,Ben Arous,,,,5.0,4.0,1796.0,,16.10.2025,https://baniola.tn/details/24635/mercedes-classe-c-essence-2004.html
Mercedes 200 Essence 2010,11 DT,Mercedes,,,,,,,184.0,Propulsion,Berline,,,Kasserine,,,,5.0,4.0,1995.0,,16.10.2025,https://baniola.tn/details/24638/mercedes-200-essence-2010.html
Opel Corsa Essence 1982,3100 DT,Opel,,,,,,,60.0,Traction,Compacte,,,Sidi Bouzid,,,,5.0,4.0,1196.0,,16.10.2025,https://baniola.tn/details/24639/opel-corsa-essence-1982.html
Dacia Dokker Diesel 2014,26900 DT,Dacia,,,,,,,90.0,Traction,Utilitaire,,,Ben Arous,,,,5.0,5.0,1461.0,,15.10.2025,https://baniola.tn/details/24626/dacia-dokker-diesel-2014.html
Kia Cerato Essence 2010,29000 DT,Kia,,,,,,,130.0,Traction,Berline,,,Ben Arous,,,,5.0,4.0,1600.0,,15.10.2025,https://baniola.tn/details/24630/kia-cerato-essence-2010.html
Suzuki Celerio Essence 2023,39000 DT,Suzuki,,,,,,,68.0,Traction,Citadine,,,Nabeul,,,,5.0,4.0,998.0,,15.10.2025,https://baniola.tn/details/24631/suzuki-celerio-essence-2023.html
Renault Megane Diesel 2003,19000 DT,Renault,,,,,,,80.0,Traction,Berline,,,Nabeul,,,,5.0,4.0,1461.0,,14.10.2025,https://baniola.tn/details/24610/renault-megane-diesel-2003.html
Volkswagen Polo Essence 2007,22500 DT,Volkswagen,,,,,,,75.0,Traction,Compacte,,,Ben Arous,,,,5.0,5.0,1200.0,,14.10.2025,https://baniola.tn/details/24612/volkswagen-polo-essence-2007.html
Mg Zs Essence 2019,50000 DT,MG,,,,,,,120.0,Traction,SUV,,,Zaghouan,,,,5.0,5.0,1500.0,,13.10.2025,https://baniola.tn/details/24597/mg-zs-essence-2019.html
Peugeot 208 Essence 2020,31500 DT,Peugeot,,,,,,,82.0,Traction,Compacte,,,,,,,5.0,5.0,1199.0,,13.10.2025,https://baniola.tn/details/24600/peugeot-208-essence-2020.html
Opel Corsa Essence 2015,23000 DT,Opel,,,,,,,70.0,Traction,Compacte,,,Siliana,,,,5.0,5.0,1200.0,,13.10.2025,https://baniola.tn/details/24602/opel-corsa-essence-2015.html
Opel Autres Essence 1997,12500 DT,Opel,,,,,,,75.0,Traction,Berline,,,Sousse,,,,5.0,4.0,1598.0,,13.10.2025,https://baniola.tn/details/24604/opel-autres-essence-1997.html
Renault Clio Essence 2015,16000 DT,Renault,,,,,,,75.0,Traction,Compacte,,,Beja,,,,5.0,5.0,1200.0,,13.10.2025,https://baniola.tn/details/24605/renault-clio-essence-2015.html
Citroën C4 Essence 2013,30500 DT,Citroen,,,,,,,120.0,Traction,Berline,,,Tunis,,,,5.0,4.0,1598.0,,13.10.2025,https://baniola.tn/details/24608/citroen-c4-essence-2013.html
Chevrolet Autre Essence 2019,34500 DT,Chevrolet,,,,,,,120.0,Traction,Berline,,,Sousse,,,,5.0,4.0,1600.0,,13.10.2025,https://baniola.tn/details/24606/chevrolet-autre-essence-2019.html
Audi Q5 Diesel 2010,68000 DT,Audi,,,,,,,190.0,Intégrale,SUV,,,Sousse,,,,5.0,5.0,2967.0,,13.10.2025,https://baniola.tn/details/24607/audi-q5-diesel-2010.html
Fiat Palio Weekend Essence 2000,10500 DT,Fiat,,,,,,,75.0,Traction,Break,,,Ben Arous,,,,5.0,5.0,1242.0,,12.10.2025,https://baniola.tn/details/24581/fiat-palio-weekend-essence-2000.html
Volkswagen Polo Essence 2003,18500 DT,Volkswagen,,,,,,,75.0,Traction,Compacte,,,Zaghouan,,,,5.0,3.0,1200.0,,12.10.2025,https://baniola.tn/details/24583/volkswagen-polo-essence-2003.html
Hyundai I10 Essence 2019,36000 DT,Hyundai,,,,,,,87.0,Traction,Citadine,,,Tunis,,,,5.0,5.0,1197.0,,12.10.2025,https://baniola.tn/details/24585/hyundai-i10-essence-2019.html
Citroën Jumpy Diesel 2017,55000 DT,Citroen,,,,,,,120.0,Traction,Utilitaire,,,Ben Arous,,,,5.0,5.0,1997.0,,12.10.2025,https://baniola.tn/details/24587/citroen-jumpy-diesel-2017.html
Mini Essence 2009,24000 DT,Mini,,,,,,,90.0,Traction,Compacte,,,Sfax,,,,4.0,3.0,1600.0,,12.10.2025,https://baniola.tn/details/24594/mini-essence-2009.html
Toyota Yaris Essence 2024,74500 DT,Toyota,,,,,,,105.0,Traction,Citadine,,,Bizerte,,,,5.0,5.0,1490.0,,11.10.2025,https://baniola.tn/details/24571/toyota-yaris-essence-2024.html
Opel Insignia Essence 2013,27000 DT,Opel,,,,,,,115.0,Traction,Berline,,,Nabeul,,,,5.0,4.0,1998.0,,11.10.2025,https://baniola.tn/details/24572/opel-insignia-essence-2013.html
Peugeot 206 Essence 2007,13 DT,Peugeot,,,,,,,90.0,Traction,Compacte,,,Kasserine,,,,5.0,5.0,1587.0,,11.10.2025,https://baniola.tn/details/24573/peugeot-206-essence-2007.html
Chevrolet Cruze Essence 2018,35800 DT,Chevrolet,,,,,,,140.0,Traction,Berline,,,Bizerte,,,,5.0,4.0,1600.0,,11.10.2025,https://baniola.tn/details/24574/chevrolet-cruze-essence-2018.html
Volkswagen Golf Diesel 2011,38 DT,Volkswagen,,,,,,,105.0,Traction,Compacte,,,Le Kef,,,,5.0,5.0,1598.0,,11.10.2025,https://baniola.tn/details/24580/volkswagen-golf-diesel-2011.html
Peugeot 308 Essence 2012,28000 DT,Peugeot,,,,,,,120.0,Traction,Berline,,,Ben Arous,,,,5.0,5.0,1598.0,,10.10.2025,https://baniola.tn/details/24563/peugeot-308-essence-2012.html
Renault Kadjar Essence 2021,70 DT,Renault,,,,,,,140.0,Traction,SUV,,,Tunis,,,,5.0,5.0,1600.0,,10.10.2025,https://baniola.tn/details/24565/renault-kadjar-essence-2021.html
Vendre Mahindra Kuv 100 Essence 2019,27900 DT,Mahindra,,,,,,,85.0,Traction,SUV,,,Tunis,,,,5.0,5.0,1198.0,,10.10.2025,https://baniola.tn/details/24569/vendre-mahindra-kuv-100-essence-2019.html
Mercedes Classe V Diesel 2010,23000 DT,Mercedes,,,,,,,136.0,Traction,Monospace,,,Mahdia,,,,8.0,5.0,2148.0,,09.10.2025,https://baniola.tn/details/24551/mercedes-classe-v-diesel-2010.html
Kia Sportage Diesel 2018,90000 DT,Kia,,,,,,,136.0,Traction,SUV,,,Ariana,,,,5.0,5.0,1995.0,,09.10.2025,https://baniola.tn/details/24552/kia-sportage-diesel-2018.html
Peugeot 2008 Essence 2016,42500 DT,Peugeot,,,,,,,115.0,Traction,SUV,,,Tunis,,,,5.0,5.0,1598.0,,09.10.2025,https://baniola.tn/details/24553/peugeot-2008-essence-2016.html
Ford Focus Essence 2017,37000 DT,Ford,,,,,,,125.0,Traction,Compacte,,,Ariana,,,,5.0,5.0,1600.0,,09.10.2025,https://baniola.tn/details/24555/ford-focus-essence-2017.html
Peugeot 206 Diesel 2001,93653053 DT,Peugeot,,,,,,,70.0,Traction,Compacte,,,Tunis,,,,5.0,5.0,1868.0,,08.10.2025,https://baniola.tn/details/24543/peugeot-206-diesel-2001.html
Peugeot 3008 Essence 2020,88000 DT,Peugeot,,,,,,,130.0,Traction,SUV,,,Tunis,,,,5.0,5.0,1600.0,,08.10.2025,https://baniola.tn/details/24545/peugeot-3008-essence-2020.html
Honda Autre Essence 2024,73500 DT,Honda,,,,,,,120.0,Traction,Berline,,,Kasserine,,,,5.0,4.0,1600.0,,08.10.2025,https://baniola.tn/details/24547/honda-autre-essence-2024.html
Fiat 500 Essence 2021,53000 DT,Fiat,,,,,,,69.0,Traction,Citadine,,,Tunis,,,,4.0,3.0,999.0,,08.10.2025,https://baniola.tn/details/24548/fiat-500-essence-2021.html
Kia Optima Essence 2015,48000 DT,Kia,,,,,,,178.0,Traction,Berline,,,Beja,,,,5.0,4.0,1998.0,,07.10.2025,https://baniola.tn/details/24539/kia-optima-essence-2015.html
Volkswagen Golf Essence 2010,36500 DT,Volkswagen,,,,,,,105.0,Traction,Compacte,,,Tataouine,,,,5.0,5.0,1600.0,,07.10.2025,https://baniola.tn/details/24541/volkswagen-golf-essence-2010.html
Mercedes Classe C Hybride 2023,265000 DT,Mercedes,,,,,,,204.0,Traction,Berline,,,Ben Arous,,,,5.0,4.0,1497.0,,06.10.2025,https://baniola.tn/details/24523/mercedes-classe-c-hybride-2023.html
Peugeot 206 Essence 2002,18 DT,Peugeot,,,,,,,95.0,Traction,Compacte,,,Ariana,,,,5.0,5.0,1587.0,,06.10.2025,https://baniola.tn/details/24525/peugeot-206-essence-2002.html
Ford Ecosport Essence 2018,53000 DT,Ford,,,,,,,125.0,Traction,SUV,,,Kairouan,,,,5.0,5.0,1600.0,,06.10.2025,https://baniola.tn/details/24526/ford-ecosport-essence-2018.html
Renault R19 Lpg 1995,11500 DT,Renault,,,,,,,65.0,Traction,Berline,,,Sidi Bouzid,,,,5.0,4.0,1721.0,,06.10.2025,https://baniola.tn/details/24527/renault-r19-lpg-1995.html
Audi A4 Essence 2018,75000 DT,Audi,,,,,,,190.0,Traction,Berline,,,Sousse,,,,5.0,4.0,1984.0,,06.10.2025,https://baniola.tn/details/24530/audi-a4-essence-2018.html
Hyundai Tucson Essence 2023,130000 DT,Hyundai,,,,,,,170.0,Traction,SUV,,,Tunis,,,,5.0,5.0,1600.0,,06.10.2025,https://baniola.tn/details/24536/hyundai-tucson-essence-2023.html
Volkswagen Golf 7 Diesel 2019,55046412 DT,Volkswagen,,,,,,,115.0,Traction,Compacte,,,Gafsa,,,,5.0,5.0,1968.0,,06.10.2025,https://baniola.tn/details/24528/volkswagen-golf-7-diesel-2019.html
Seat Ateca Essence 2021,85 DT,Seat,,,,,,,115.0,Traction,SUV,,,Manouba,,,,5.0,5.0,1498.0,,05.10.2025,https://baniola.tn/details/24507/seat-ateca-essence-2021.html
Jeep Patriot Diesel 2009,11111 DT,Jeep,,,,,,,140.0,Intégrale,SUV,,,Tataouine,,,,5.0,4.0,1968.0,,05.10.2025,https://baniola.tn/details/24513/jeep-patriot-diesel-2009.html
Fiat Uno Essence 1991,2 DT,Fiat,,,,,,,45.0,Traction,Citadine,,,Gabes,,,,5.0,3.0,1108.0,,05.10.2025,https://baniola.tn/details/24516/fiat-uno-essence-1991.html
Chery A3 Essence 2018,30 DT,Chery,,,,,,,107.0,Traction,Berline,,,Gabes,,,,5.0,4.0,1597.0,,05.10.2025,https://baniola.tn/details/24517/chery-a3-essence-2018.html
Renault R19 Diesel 2001,9000 DT,Renault,,,,,,,64.0,Traction,Berline,,,Bizerte,,,,5.0,4.0,1870.0,,05.10.2025,https://baniola.tn/details/24519/renault-r19-diesel-2001.html
Chevrolet Spark Essence 2011,23 DT,Chevrolet,,,,,,,68.0,Traction,Citadine,,,Tunis,,,,5.0,5.0,995.0,,04.10.2025,https://baniola.tn/details/24482/chevrolet-spark-essence-2011.html
Peugeot 207 Essence 2012,28000 DT,Peugeot,,,,,,,95.0,Traction,Berline,,,Sfax,,,,5.0,4.0,1600.0,,04.10.2025,https://baniola.tn/details/24483/peugeot-207-essence-2012.html
Jeep Grand Cherokee Diesel 2000,20 DT,Jeep,,,,,,,140.0,Intégrale,SUV,,,Sousse,,,,5.0,5.0,2500.0,,04.10.2025,https://baniola.tn/details/24484/jeep-grand-cherokee-diesel-2000.html
Citroën Berlingo Ii Diesel 2020,50 DT,Citroen,,,,,,,120.0,Traction,Utilitaire,,,Tataouine,,,,5.0,5.0,1560.0,,04.10.2025,https://baniola.tn/details/24487/citroen-berlingo-ii-diesel-2020.html
Mercedes Classe B Essence 2007,27000 DT,Mercedes,,,,,,,116.0,Traction,Monospace,,,Sousse,,,,5.0,5.0,1595.0,,04.10.2025,https://baniola.tn/details/24488/mercedes-classe-b-essence-2007.html
Mahindra Xuv 300 Essence 2024,52000 DT,Mahindra,,,,,,,110.0,Traction,SUV,,,Ben Arous,,,,5.0,5.0,1197.0,,04.10.2025,https://baniola.tn/details/24490/mahindra-xuv-300-essence-2024.html
Peugeot 3008 Essence 2018,62000 DT,Peugeot,,,,,,,130.0,Traction,SUV,,,Nabeul,,,,5.0,5.0,1600.0,,04.10.2025,https://baniola.tn/details/24491/peugeot-3008-essence-2018.html
Seat Leon Diesel 2019,62000 DT,Seat,,,,,,,115.0,Traction,Berline,,,Ariana,,,,5.0,5.0,1600.0,,04.10.2025,https://baniola.tn/details/24492/seat-leon-diesel-2019.html
Kia Rio Essence 2014 / 54212824,37500 DT,Kia,,,,,,,87.0,Traction,Citadine,,,,,,,5.0,5.0,1400.0,,04.10.2025,https://baniola.tn/details/24493/kia-rio-essence-2014-54212824.html
Fiat Fiorino Diesel 2018,32000 DT,Fiat,,,,,,,95.0,Traction,Utilitaire,,,Ariana,,,,2.0,2.0,1600.0,,04.10.2025,https://baniola.tn/details/24494/fiat-fiorino-diesel-2018.html
Volkswagen Golf 8 Essence 2020,87 DT,Volkswagen,,,,,,,110.0,Traction,Compacte,,,Manouba,,,,5.0,5.0,1000.0,,04.10.2025,https://baniola.tn/details/24495/volkswagen-golf-8-essence-2020.html
Citroën Autre Diesel 2021,46500 DT,Citroen,,,,,,,120.0,Traction,Berline,,,Tataouine,,,,5.0,4.0,1600.0,,04.10.2025,https://baniola.tn/details/24497/citroen-autre-diesel-2021.html
Citroën Ax Essence 1996,3 DT,Citroen,,,,,,,45.0,Traction,Citadine,,,Tataouine,,,,4.0,3.0,1124.0,,04.10.2025,https://baniola.tn/details/24498/citroen-ax-essence-1996.html
Mg Autres Essence 2021,123 DT,MG,,,,,,,120.0,Traction,SUV,,,Tunis,,,,5.0,5.0,1500.0,,04.10.2025,https://baniola.tn/details/24499/mg-autres-essence-2021.html
Voiture Mercedes Amg Gt Diesel 2016,160 DT,Mercedes,,,,,,,340.0,Propulsion,Coupé,,,Tataouine,,,,2.0,2.0,3982.0,,04.10.2025,https://baniola.tn/details/24500/voiture-mercedes-amg-gt-diesel-2016.html
Seat Ibiza Essence 2021,43 DT,Seat,,,,,,,95.0,Traction,Compacte,,,Sousse,,,,5.0,5.0,1000.0,,04.10.2025,https://baniola.tn/details/24501/seat-ibiza-essence-2021.html
Renault Clio Essence 1997,12 DT,Renault,,,,,,,75.0,Traction,Compacte,,,Tunis,,,,5.0,5.0,1171.0,,04.10.2025,https://baniola.tn/details/24502/renault-clio-essence-1997.html
Fiat Autre Essence 2004,16300 DT,Fiat,,,,,,,75.0,Traction,Berline,,,Siliana,,,,5.0,4.0,1200.0,,04.10.2025,https://baniola.tn/details/24503/fiat-autre-essence-2004.html
Peugeot 206 Look Essence 2006,19700 DT,Peugeot,,,,,,,90.0,Traction,Compacte,,,Ben Arous,,,,5.0,5.0,1587.0,,04.10.2025,https://baniola.tn/details/24504/peugeot-206-look-essence-2006.html
Isuzu D Max Diesel 2020,65000 DT,Isuzu,,,,,,,163.0,Intégrale,Pick-up,,,Monastir,,,,5.0,4.0,2999.0,,03.10.2025,https://baniola.tn/details/24479/isuzu-d-max-diesel-2020.html
Kia Sportage Diesel 2021,92 DT,Kia,,,,,,,136.0,Traction,SUV,,,Monastir,,,,5.0,5.0,1995.0,,03.10.2025,https://baniola.tn/details/24481/kia-sportage-diesel-2021.html
Audi A4 Essence 2018,98451201 DT,Audi,,,,,,,190.0,Traction,Berline,,,Sousse,,,,5.0,4.0,1984.0,,03.10.2025,https://baniola.tn/details/24480/audi-a4-essence-2018.html
Chery Tiggo Essence 2023,52000 DT,Chery,,,,,,,136.0,Traction,SUV,,,Ariana,,,,5.0,5.0,1997.0,,02.10.2025,https://baniola.tn/details/24466/chery-tiggo-essence-2023.html
Renault Express Diesel 2023,45000 DT,Renault,,,,,,,75.0,Traction,Utilitaire,,,Ariana,,,,2.0,5.0,1461.0,,02.10.2025,https://baniola.tn/details/24468/renault-express-diesel-2023.html
Mercedes Classe S Essence 2010,120000 DT,Mercedes,,,,,,,272.0,Propulsion,Berline,,,Monastir,,,,5.0,4.0,3498.0,,02.10.2025,https://baniola.tn/details/24469/mercedes-classe-s-essence-2010.html
Mercedes Classe E Diesel 2013,80000 DT,Mercedes,,,,,,,170.0,Propulsion,Berline,,,Monastir,,,,5.0,4.0,2143.0,,02.10.2025,https://baniola.tn/details/24470/mercedes-classe-e-diesel-2013.html
Dacia Duster Diesel 2021,65000 DT,Dacia,,,,,,,110.0,Traction,SUV,,,Monastir,,,,5.0,5.0,1461.0,,02.10.2025,https://baniola.tn/details/24471/dacia-duster-diesel-2021.html
Dacia Duster Essence 2013,35000 DT,Dacia,,,,,,,105.0,Traction,SUV,,,Monastir,,,,5.0,5.0,1461.0,,02.10.2025,https://baniola.tn/details/24472/dacia-duster-essence-2013.html
Hyundai I10 Essence 2021,26500 DT,Hyundai,,,,,,,67.0,Traction,Citadine,,,Gabes,,,,5.0,5.0,998.0,,02.10.2025,https://baniola.tn/details/24474/hyundai-i10-essence-2021.html
Mercedes Classe a Essence 2010,28000 DT,Mercedes,,,,,,,140.0,Traction,Compacte,,,Monastir,,,,5.0,5.0,1595.0,,01.10.2025,https://baniola.tn/details/24459/mercedes-classe-a-essence-2010.html
Bmw 116 Essence 2012,43000 DT,Bmw,,,,,,,136.0,Traction,Berline,,,Sfax,,,,5.0,5.0,1995.0,,01.10.2025,https://baniola.tn/details/24461/bmw-116-essence-2012.html
Renault Megane Essence 2003,21500 DT,Renault,,,,,,,115.0,Traction,Berline,,,Ariana,,,,5.0,4.0,1598.0,,01.10.2025,https://baniola.tn/details/24465/renault-megane-essence-2003.html
Ford Focus Essence 2018,43250 DT,Ford,,,,,,,125.0,Traction,Compacte,,,Ariana,,,,5.0,5.0,1600.0,,30.09.2025,https://baniola.tn/details/24454/ford-focus-essence-2018.html
Clio 4 Dynamyque,32 DT,Renault,,,,,,,90.0,Traction,Compacte,,,Ben Arous,,,,5.0,5.0,1200.0,,30.09.2025,https://baniola.tn/details/24457/clio-4-dynamyque.html
Dacia Sandero Essence 2021,36000 DT,Dacia,,,,,,,90.0,Traction,Berline,,,Sfax,,,,5.0,4.0,1200.0,,28.09.2025,https://baniola.tn/details/24445/dacia-sandero-essence-2021.html
Volkswagen Polo Essence 2005,17500 DT,Volkswagen,,,,,,,75.0,Traction,Compacte,,,Tunis,,,,5.0,3.0,1200.0,,28.09.2025,https://baniola.tn/details/24446/volkswagen-polo-essence-2005.html
Peugeot Partner Diesel 2021,47900 DT,Peugeot,,,,,,,120.0,Traction,Utilitaire,,,Monastir,,,,5.0,5.0,1500.0,,28.09.2025,https://baniola.tn/details/24447/peugeot-partner-diesel-2021.html
Isuzu D Max Diesel 2016,70 DT,Isuzu,,,,,,,163.0,Intégrale,Pick-up,,,Gafsa,,,,5.0,4.0,2999.0,,28.09.2025,https://baniola.tn/details/24448/isuzu-d-max-diesel-2016.html
Nissan Qashqai Diesel 2008,123 DT,Nissan,,,,,,,150.0,Traction,SUV,,,Sfax,,,,5.0,5.0,1995.0,,27.09.2025,https://baniola.tn/details/24437/nissan-qashqai-diesel-2008.html
Volkswagen Tiguan Essence 2015,73000 DT,Volkswagen,,,,,,,140.0,Traction,SUV,,,Gabes,,,,5.0,5.0,1984.0,,27.09.2025,https://baniola.tn/details/24444/volkswagen-tiguan-essence-2015.html
Audi A4 Essence 2018,98451201 DT,Audi,,,,,,,150.0,Traction,Berline,,,Sousse,,,,5.0,4.0,1600.0,,26.09.2025,https://baniola.tn/details/24431/audi-a4-essence-2018.html
Citroën Autre Essence 2018,24300 DT,Peugeot,,,,,,,115.0,Traction,Berline,,,Sousse,,,,5.0,4.0,1600.0,,26.09.2025,https://baniola.tn/details/24432/citroen-autre-essence-2018.html
Kia Picanto Essence 2017,29500 DT,Kia,,,,,,,85.0,Traction,Citadine,,,Ben Arous,,,,5.0,5.0,1248.0,,26.09.2025,https://baniola.tn/details/24433/kia-picanto-essence-2017.html
Peugeot 308 Essence 2010,32000 DT,Peugeot,,,,,,,118.0,Traction,Berline,,,Nabeul,,,,5.0,5.0,1598.0,,25.09.2025,https://baniola.tn/details/24420/peugeot-308-essence-2010.html
Ford Focus Ecoboost Trend Sport,40000 DT,Ford,,,,,,,125.0,Traction,Compacte,,,Tunis,,,,5.0,5.0,1000.0,,25.09.2025,https://baniola.tn/details/24421/ford-focus-ecoboost-trend-sport.html
Kia Sportage Essence 2019,95000 DT,Kia,,,,,,,161.0,Traction,SUV,,,Sfax,,,,5.0,5.0,1600.0,,25.09.2025,https://baniola.tn/details/24422/kia-sportage-essence-2019.html
Bmw Serie 2 Essence 2021,110000 DT,Bmw,,,,,,,184.0,Propulsion,Berline,,,Tunis,,,,5.0,4.0,1998.0,,25.09.2025,https://baniola.tn/details/24423/bmw-serie-2-essence-2021.html
Dacia Sandero Essence 2021,36500 DT,Dacia,,,,,,,90.0,Traction,Berline,,,Sfax,,,,5.0,4.0,1200.0,,25.09.2025,https://baniola.tn/details/24424/dacia-sandero-essence-2021.html
Ssangyong Korando Diesel 2014,42000 DT,Ssangyong,,,,,,,175.0,Intégrale,SUV,,,Ben Arous,,,,5.0,5.0,1998.0,,25.09.2025,https://baniola.tn/details/24429/ssangyong-korando-diesel-2014.html
Hyundai I20 Essence 2021,56000 DT,Hyundai,,,,,,,84.0,Traction,Compacte,,,Tunis,,,,5.0,5.0,1200.0,,25.09.2025,https://baniola.tn/details/24426/hyundai-i20-essence-2021.html
Mazda Mazda3 Essence 2017,49000 DT,Mazda,,,,,,,118.0,Traction,Berline,,,Ben Arous,,,,5.0,4.0,1998.0,,23.09.2025,https://baniola.tn/details/24408/mazda-mazda3-essence-2017.html
Peugeot 207 Essence 2009,23500 DT,Peugeot,,,,,,,95.0,Traction,Berline,,,Ben Arous,,,,5.0,4.0,1598.0,,23.09.2025,https://baniola.tn/details/24409/peugeot-207-essence-2009.html
Seat Arona Essence 2020,68 DT,Seat,,,,,,,115.0,Traction,SUV,,,Ben Arous,,,,5.0,5.0,1000.0,,23.09.2025,https://baniola.tn/details/24413/seat-arona-essence-2020.html
Chevrolet Aveo Essence 2019,39000 DT,Chevrolet,,,,,,,95.0,Traction,Berline,,,Manouba,,,,5.0,4.0,1399.0,,23.09.2025,https://baniola.tn/details/24414/chevrolet-aveo-essence-2019.html
Volkswagen Golf Essence 2013,39000 DT,Volkswagen,,,,,,,105.0,Traction,Compacte,,,Ariana,,,,5.0,5.0,1600.0,,23.09.2025,https://baniola.tn/details/24415/volkswagen-golf-essence-2013.html
Chery A3 Essence 2017,28500 DT,Chery,,,,,,,107.0,Traction,Berline,,,Le Kef,,,,5.0,4.0,1597.0,,23.09.2025,https://baniola.tn/details/24416/chery-a3-essence-2017.html
Volkswagen Passat Diesel 2009,33000 DT,Volkswagen,,,,,,,140.0,Traction,Berline,,,Ben Arous,,,,5.0,4.0,1968.0,,22.09.2025,https://baniola.tn/details/24402/volkswagen-passat-diesel-2009.html
Kia Rio Essence 2021,53500 DT,Kia,,,,,,,84.0,Traction,Citadine,,,,,,,5.0,5.0,1400.0,,22.09.2025,https://baniola.tn/details/24401/kia-rio-essence-2021.html
Toyota Rav 4 Diesel 2010,40000 DT,Toyota,,,,,,,143.0,Traction,SUV,,,Nabeul,,,,5.0,5.0,2200.0,,22.09.2025,https://baniola.tn/details/24403/toyota-rav-4-diesel-2010.html
Peugeot 2008 Essence 2020,56000 DT,Peugeot,,,,,,,130.0,Traction,SUV,,,Tunis,,,,5.0,5.0,1199.0,,22.09.2025,https://baniola.tn/details/24404/peugeot-2008-essence-2020.html
Citroën Autre Essence 2016,26900 DT,Citroen,,,,,,,115.0,Traction,Berline,,,Kairouan,,,,5.0,4.0,1600.0,,22.09.2025,https://baniola.tn/details/24405/citroen-autre-essence-2016.html
Ds Ds3 Essence 2016,29000 DT,Ds,,,,,,,120.0,Traction,Compacte,,,Tunis,,,,5.0,5.0,1600.0,,21.09.2025,https://baniola.tn/details/24396/ds-ds3-essence-2016.html
Renault Captur Essence 2015,46 DT,Renault,,,,,,,90.0,Traction,SUV,,,Bizerte,,,,5.0,5.0,1197.0,,21.09.2025,https://baniola.tn/details/24399/renault-captur-essence-2015.html
Hyundai I10 Essence 2022,41 DT,Hyundai,,,,,,,67.0,Traction,Citadine,,,Monastir,,,,5.0,5.0,998.0,,21.09.2025,https://baniola.tn/details/24400/hyundai-i10-essence-2022.html
Renault Clio Essence 2009,2100000 DT,Renault,,,,,,,75.0,Traction,Compacte,,,Tunis,,,,5.0,5.0,1149.0,,20.09.2025,https://baniola.tn/details/24387/renault-clio-essence-2009.html
Volkswagen Passat Cc Essence 2017,79000 DT,Volkswagen,,,,,,,160.0,Traction,Berline,,,Jendouba,,,,5.0,4.0,1798.0,,20.09.2025,https://baniola.tn/details/24392/volkswagen-passat-cc-essence-2017.html
Audi A4 Essence 2013,39 DT,Audi,,,,,,,170.0,Traction,Berline,,,Tunis,,,,5.0,4.0,1984.0,,20.09.2025,https://baniola.tn/details/24394/audi-a4-essence-2013.html
Alfa Romeo Giulietta Essence 2018,55500 DT,Alfa romeo,,,,,,,120.0,Traction,Compacte,,,Bizerte,,,,5.0,5.0,1368.0,,19.09.2025,https://baniola.tn/details/24378/alfa-romeo-giulietta-essence-2018.html
Volkswagen Jetta Essence 2009,30000 DT,Volkswagen,,,,,,,105.0,Traction,Berline,,,Sousse,,,,5.0,4.0,1600.0,,19.09.2025,https://baniola.tn/details/24379/volkswagen-jetta-essence-2009.html
Peugeot Expert Diesel 2020,57000 DT,Peugeot,,,,,,,120.0,Traction,Utilitaire,,,Mahdia,,,,3.0,4.0,1997.0,,19.09.2025,https://baniola.tn/details/24380/peugeot-expert-diesel-2020.html
Fiat Palio Weekend Essence 2000,12000 DT,Fiat,,,,,,,75.0,Traction,Break,,,Ariana,,,,5.0,5.0,1242.0,,19.09.2025,https://baniola.tn/details/24383/fiat-palio-weekend-essence-2000.html
Nissan Micra Essence 2018,30000 DT,Nissan,,,,,,,90.0,Traction,Citadine,,,Ben Arous,,,,5.0,5.0,1198.0,,19.09.2025,https://baniola.tn/details/24384/nissan-micra-essence-2018.html
Mercedes 250 Diesel 1985,29 DT,Mercedes,,,,,,,88.0,Propulsion,Berline,,,Siliana,,,,5.0,4.0,2497.0,,19.09.2025,https://baniola.tn/details/24385/mercedes-250-diesel-1985.html
Hyundai Elantra Essence 2015,37 DT,Hyundai,,,,,,,127.0,Traction,Berline,,,Ariana,,,,5.0,4.0,1600.0,,19.09.2025,https://baniola.tn/details/24386/hyundai-elantra-essence-2015.html
Jaguar F-Pace Diesel 2016,140000 DT,Jaguar,,,,,,,180.0,Intégrale,SUV,,,Tunis,,,,5.0,5.0,2000.0,,18.09.2025,https://baniola.tn/details/24367/jaguar-f-pace-diesel-2016.html
Opel Kadett Essence 1986,6000 DT,Opel,,,,,,,60.0,Traction,Berline,,,Ariana,,,,5.0,4.0,1297.0,,18.09.2025,https://baniola.tn/details/24369/opel-kadett-essence-1986.html
Fiat Grande Punto Essence 2016,29000 DT,Fiat,,,,,,,95.0,Traction,Compacte,,,Sfax,,,,5.0,5.0,1242.0,,18.09.2025,https://baniola.tn/details/24370/fiat-grande-punto-essence-2016.html
Ford Fiesta Essence 2014,30 DT,Ford,,,,,,,82.0,Traction,Citadine,,,Sousse,,,,5.0,5.0,1200.0,,18.09.2025,https://baniola.tn/details/24371/ford-fiesta-essence-2014.html
Volkswagen Polo Essence 2005,19000 DT,Volkswagen,,,,,,,75.0,Traction,Compacte,,,Tunis,,,,5.0,3.0,1200.0,,18.09.2025,https://baniola.tn/details/24374/volkswagen-polo-essence-2005.html
Hyundai Tucson Diesel 2019,1 DT,Hyundai,,,,,,,185.0,Intégrale,SUV,,,Gabes,,,,5.0,5.0,1995.0,,18.09.2025,https://baniola.tn/details/24376/hyundai-tucson-diesel-2019.html
Volkswagen Golf 5 Essence 2008,30000 DT,Volkswagen,,,,,,,105.0,Traction,Compacte,,,Nabeul,,,,5.0,5.0,1600.0,,18.09.2025,https://baniola.tn/details/24377/volkswagen-golf-5-essence-2008.html
Kia Soul Essence 2015,62 DT,Kia,,,,,,,130.0,Traction,Compacte,,,Le Kef,,,,5.0,4.0,1600.0,,17.09.2025,https://baniola.tn/details/24356/kia-soul-essence-2015.html
Porsche Cayenne Essence 2019,145 DT,Porsche,,,,,,,340.0,Intégrale,SUV,,,Tunis,,,,5.0,5.0,2995.0,,17.09.2025,https://baniola.tn/details/24364/porsche-cayenne-essence-2019.html
Peugeot 2008 Diesel 2017,48 DT,Peugeot,,,,,,,120.0,Traction,SUV,,,Gafsa,,,,5.0,5.0,1560.0,,17.09.2025,https://baniola.tn/details/24365/peugeot-2008-diesel-2017.html
Honda Civic Essence 2018,75 DT,Honda,,,,,,,158.0,Traction,Berline,,,Manouba,,,,5.0,4.0,1600.0,,16.09.2025,https://baniola.tn/details/24352/honda-civic-essence-2018.html
Škoda Fabia Essence 2024,50000 DT,Skoda,,,,,,,95.0,Traction,Compacte,,,Manouba,,,,5.0,5.0,1000.0,,16.09.2025,https://baniola.tn/details/24355/skoda-fabia-essence-2024.html
Golf 7 Tdi 1. 6 Bmt,46000 DT,Volkswagen,,,,,,,105.0,Traction,Compacte,,,Ben Arous,,,,5.0,5.0,1598.0,,15.09.2025,https://baniola.tn/details/24342/golf-7-tdi-1-6-bmt.html
Renault Megane Essence 2005,16000 DT,Renault,,,,,,,115.0,Traction,Berline,,,Tozeur,,,,5.0,4.0,1600.0,,15.09.2025,https://baniola.tn/details/24345/renault-megane-essence-2005.html
Mahindra Kuv 100 Essence 2018,31000 DT,Mahindra,,,,,,,85.0,Traction,SUV,,,Sousse,,,,5.0,5.0,1198.0,,15.09.2025,https://baniola.tn/details/24346/mahindra-kuv-100-essence-2018.html
Bmw 320 Essence 2006,35000 DT,Bmw,,,,,,,150.0,Propulsion,Berline,,,Ben Arous,,,,5.0,4.0,1995.0,,15.09.2025,https://baniola.tn/details/24350/bmw-320-essence-2006.html
Peugeot 208 Essence 2013,24000 DT,Peugeot,,,,,,,95.0,Traction,Berline,,,Mahdia,,,,5.0,5.0,1598.0,,14.09.2025,https://baniola.tn/details/24323/peugeot-208-essence-2013.html
Peugeot 407 Essence 2004,21000 DT,Peugeot,,,,,,,160.0,Traction,Berline,,,Sfax,,,,5.0,4.0,1997.0,,14.09.2025,https://baniola.tn/details/24324/peugeot-407-essence-2004.html
Volkswagen Passat Diesel 2009,45000 DT,Volkswagen,,,,,,,140.0,Traction,Berline,,,Tunis,,,,5.0,4.0,1968.0,,14.09.2025,https://baniola.tn/details/24325/volkswagen-passat-diesel-2009.html
Peugeot 308 Essence 2017,42000 DT,Peugeot,,,,,,,115.0,Traction,Berline,,,Ben Arous,,,,5.0,5.0,1598.0,,14.09.2025,https://baniola.tn/details/24326/peugeot-308-essence-2017.html
Nissan Qashqai Diesel 2009,38500 DT,Nissan,,,,,,,150.0,Traction,SUV,,,Bizerte,,,,5.0,5.0,1995.0,,14.09.2025,https://baniola.tn/details/24329/nissan-qashqai-diesel-2009.html
Nissan Qashqai Diesel 2009,38500 DT,Nissan,,,,,,,150.0,Traction,SUV,,,Bizerte,,,,5.0,5.0,1995.0,,14.09.2025,https://baniola.tn/details/24330/nissan-qashqai-diesel-2009.html
Audi A3 Diesel 2008,38000000 DT,Audi,,,,,,,105.0,Traction,Berline,,,Tunis,,,,5.0,4.0,1968.0,,14.09.2025,https://baniola.tn/details/24336/audi-a3-diesel-2008.html
Fiat Grande Punto Essence 2016,29000 DT,Fiat,,,,,,,95.0,Traction,Compacte,,,Sfax,,,,5.0,5.0,1200.0,,14.09.2025,https://baniola.tn/details/24337/fiat-grande-punto-essence-2016.html
Fiat Doblo Diesel 2020,34000 DT,Fiat,,,,,,,95.0,Traction,Utilitaire,,,Nabeul,,,,5.0,5.0,1600.0,,14.09.2025,https://baniola.tn/details/24338/fiat-doblo-diesel-2020.html
Nissan Navara Diesel 2015,49000 DT,Nissan,,,,,,,190.0,Intégrale,Pick-up,,,Beja,,,,5.0,4.0,2500.0,,14.09.2025,https://baniola.tn/details/24339/nissan-navara-diesel-2015.html
Toyota Autres Diesel 2021,145 DT,Toyota,,,,,,,110.0,Traction,Berline,,,Jendouba,,,,5.0,4.0,2500.0,,14.09.2025,https://baniola.tn/details/24340/toyota-autres-diesel-2021.html
Chery Tiggo Essence 2017,40 DT,Chery,,,,,,,132.0,Traction,SUV,,,Sfax,,,,5.0,5.0,1997.0,,14.09.2025,https://baniola.tn/details/24341/chery-tiggo-essence-2017.html
Citroën C4 Diesel 2009,1111 DT,Citroen,,,,,,,110.0,Traction,Berline,,,Le Kef,,,,5.0,5.0,1560.0,,13.09.2025,https://baniola.tn/details/24314/citroen-c4-diesel-2009.html
Volkswagen Jetta Essence 2008,32000 DT,Volkswagen,,,,,,,105.0,Traction,Berline,,,Gafsa,,,,5.0,4.0,1600.0,,13.09.2025,https://baniola.tn/details/24315/volkswagen-jetta-essence-2008.html
Bmw 118 Essence 2019,69000 DT,Bmw,,,,,,,136.0,Traction,Berline,,,Nabeul,,,,5.0,4.0,1499.0,,13.09.2025,https://baniola.tn/details/24316/bmw-118-essence-2019.html
كيا Autre غاز البترول المسال 2021,65 DT,Kia,,,,,,,120.0,Traction,Berline,,,Tunis,,,,5.0,4.0,1600.0,,13.09.2025,https://baniola.tn/details/24319/كيا-autre-غاز-البترول-المسال-2021.html
Renault Autres Essence 2009,25000 DT,Renault,,,,,,,105.0,Traction,Berline,,,Ariana,,,,5.0,4.0,1400.0,,13.09.2025,https://baniola.tn/details/24320/renault-autres-essence-2009.html
Chevrolet Aveo Essence 2022,1 DT,Chevrolet,,,,,,,95.0,Traction,Berline,,,Beja,,,,5.0,4.0,1399.0,,13.09.2025,https://baniola.tn/details/24321/chevrolet-aveo-essence-2022.html
Fiat Grande Punto Essence 2016,29000 DT,Fiat,,,,,,,95.0,Traction,Compacte,,,Sfax,,,,5.0,5.0,1242.0,,12.09.2025,https://baniola.tn/details/24299/fiat-grande-punto-essence-2016.html
Renault Clio Essence 1996,7500 DT,Renault,,,,,,,75.0,Traction,Compacte,,,Tunis,,,,5.0,3.0,1171.0,,12.09.2025,https://baniola.tn/details/24301/renault-clio-essence-1996.html
Hyundai Elantra Essence 2012,41000 DT,Hyundai,,,,,,,130.0,Traction,Berline,,,Nabeul,,,,5.0,4.0,1600.0,,12.09.2025,https://baniola.tn/details/24303/hyundai-elantra-essence-2012.html
Renault Clio Essence 2017,33000 DT,Renault,,,,,,,75.0,Traction,Compacte,,,Ben Arous,,,,5.0,5.0,1200.0,,12.09.2025,https://baniola.tn/details/24304/renault-clio-essence-2017.html
Mercedes Classe C Diesel 2010,46 DT,Mercedes,,,,,,,170.0,Traction,Berline,,,Sfax,,,,5.0,4.0,2148.0,,12.09.2025,https://baniola.tn/details/24305/mercedes-classe-c-diesel-2010.html
Citroën C4 Diesel 2009,11111111 DT,Citroen,,,,,,,110.0,Traction,Berline,,,Le Kef,,,,5.0,4.0,1560.0,,12.09.2025,https://baniola.tn/details/24311/citroen-c4-diesel-2009.html
Ford Focus Essence 2017,30 DT,Ford,,,,,,,125.0,Traction,Compacte,,,Manouba,,,,5.0,5.0,1600.0,,11.09.2025,https://baniola.tn/details/24288/ford-focus-essence-2017.html
Volkswagen Golf 8 Essence 2023,119000 DT,Volkswagen,,,,,,,110.0,Traction,Compacte,,,Medenine,,,,5.0,5.0,1000.0,,11.09.2025,https://baniola.tn/details/24290/volkswagen-golf-8-essence-2023.html
Chevrolet Autre Essence 2005,13 DT,Chevrolet,,,,,,,80.0,Traction,Berline,,,Ariana,,,,5.0,4.0,1600.0,,11.09.2025,https://baniola.tn/details/24292/chevrolet-autre-essence-2005.html
Renault Megane Diesel 2005,20500 DT,Renault,,,,,,,80.0,Traction,Berline,,,Mahdia,,,,5.0,4.0,1461.0,,11.09.2025,https://baniola.tn/details/24294/renault-megane-diesel-2005.html
Suzuki Swift 4 Cylindres 2021 23228201,38500 DT,Suzuki,,,,,,,90.0,Traction,Compacte,,,Tunis,,,,5.0,4.0,1200.0,,11.09.2025,https://baniola.tn/details/24296/suzuki-swift-4-cylindres-2021-23228201.html
Fiat Palio Weekend Essence 2000,1111111 DT,Fiat,,,,,,,75.0,Traction,Break,,,Sousse,,,,5.0,5.0,1242.0,,11.09.2025,https://baniola.tn/details/24297/fiat-palio-weekend-essence-2000.html
Kia Picanto Essence 2015,39 DT,Kia,,,,,,,85.0,Traction,Citadine,,,Sousse,,,,5.0,5.0,1248.0,,10.09.2025,https://baniola.tn/details/24282/kia-picanto-essence-2015.html
Ford Fiesta Essence 2004,19500 DT,Ford,,,,,,,60.0,Traction,Citadine,,,Sfax,,,,5.0,3.0,1242.0,,10.09.2025,https://baniola.tn/details/24283/ford-fiesta-essence-2004.html
Peugeot 208 Essence 2018,29000 DT,Peugeot,,,,,,,82.0,Traction,Compacte,,,Ariana,,,,5.0,5.0,1199.0,,10.09.2025,https://baniola.tn/details/24285/peugeot-208-essence-2018.html
Mercedes Classe C Hybride 2025,295 DT,Mercedes,,,,,,,204.0,Traction,Berline,,,Tunis,,,,5.0,4.0,1497.0,,10.09.2025,https://baniola.tn/details/24286/mercedes-classe-c-hybride-2025.html
Kia Picanto Essence 2022,41000 DT,Kia,,,,,,,84.0,Traction,Citadine,,,Zaghouan,,,,5.0,5.0,1248.0,,09.09.2025,https://baniola.tn/details/24274/kia-picanto-essence-2022.html
Nissan Juke Essence 2014,42000 DT,Nissan,,,,,,,117.0,Traction,SUV,,,Gafsa,,,,5.0,5.0,1598.0,,09.09.2025,https://baniola.tn/details/24275/nissan-juke-essence-2014.html
Citroën C3 Essence 2017,33 DT,Citroen,,,,,,,82.0,Traction,Compacte,,,Le Kef,,,,5.0,5.0,1199.0,,09.09.2025,https://baniola.tn/details/24277/citroen-c3-essence-2017.html
Mahindra Xuv 300 Essence 2023,42000 DT,Mahindra,,,,,,,110.0,Traction,SUV,,,Tunis,,,,5.0,5.0,1197.0,,09.09.2025,https://baniola.tn/details/24278/mahindra-xuv-300-essence-2023.html
Fiat Doblo Cargo Diesel 2013,18000 DT,Fiat,,,,,,,90.0,Traction,Utilitaire,,,Tunis,,,,2.0,5.0,1600.0,,09.09.2025,https://baniola.tn/details/24280/fiat-doblo-cargo-diesel-2013.html
Chevrolet Autre Essence 2007,15 DT,Chevrolet,,,,,,,80.0,Traction,Berline,,,Sfax,,,,5.0,4.0,1600.0,,08.09.2025,https://baniola.tn/details/24259/chevrolet-autre-essence-2007.html
Chevrolet Aveo Essence 2007,15000 DT,Chevrolet,,,,,,,84.0,Traction,Berline,,,Sfax,,,,5.0,4.0,1399.0,,08.09.2025,https://baniola.tn/details/24260/chevrolet-aveo-essence-2007.html
Citroën C3 Essence 2024,45000 DT,Citroen,,,,,,,82.0,Traction,Compacte,,,Manouba,,,,5.0,5.0,1199.0,,08.09.2025,https://baniola.tn/details/24261/citroen-c3-essence-2024.html
Volvo 240 Essence 2021,50000 DT,Volvo,,,,,,,130.0,Propulsion,Berline,,,Ben Arous,,,,5.0,4.0,1995.0,,08.09.2025,https://baniola.tn/details/24263/volvo-240-essence-2021.html
Kia Rio Essence 2021,64000 DT,Kia,,,,,,,84.0,Traction,Citadine,,,Sfax,,,,5.0,5.0,1400.0,,08.09.2025,https://baniola.tn/details/24264/kia-rio-essence-2021.html
Mazda Mazda3 Essence 2017,43000 DT,Mazda,,,,,,,118.0,Traction,Berline,,,Sousse,,,,5.0,4.0,1998.0,,08.09.2025,https://baniola.tn/details/24265/mazda-mazda3-essence-2017.html
Peugeot 3008 Diesel 2022,87000 DT,Peugeot,,,,,,,130.0,Traction,SUV,,,Kasserine,,,,5.0,5.0,1997.0,,08.09.2025,https://baniola.tn/details/24266/peugeot-3008-diesel-2022.html
Nissan Patrol Y60 Chassis Long 17 Cv Motorisation Td 42,1 DT,Nissan,,,,,,,170.0,Intégrale,SUV,,,Ben Arous,,,,8.0,5.0,4169.0,,08.09.2025,https://baniola.tn/details/24268/nissan-patrol-y60-chassis-long-17-cv-motorisation-td-42.html
Kia Sorento Diesel 2010,52 DT,Kia,,,,,,,175.0,Intégrale,SUV,,,Ariana,,,,7.0,5.0,1995.0,,07.09.2025,https://baniola.tn/details/24236/kia-sorento-diesel-2010.html
Renault Express Essence 1994,12 DT,Renault,,,,,,,60.0,Traction,Utilitaire,,,Sfax,,,,2.0,2.0,1108.0,,07.09.2025,https://baniola.tn/details/24237/renault-express-essence-1994.html
Peugeot 308 Diesel 2019,32000 DT,Peugeot,,,,,,,130.0,Traction,Berline,,,,,,,5.0,5.0,1560.0,,07.09.2025,https://baniola.tn/details/24238/peugeot-308-diesel-2019.html
Seat Arona Essence 2022,77 DT,Seat,,,,,,,115.0,Traction,SUV,,,Ariana,,,,5.0,5.0,1000.0,,07.09.2025,https://baniola.tn/details/24239/seat-arona-essence-2022.html
Alfa Romeo 159 Essence 2011,29 DT,Alfa romeo,,,,,,,200.0,Traction,Berline,,,Gafsa,,,,5.0,4.0,3200.0,,07.09.2025,https://baniola.tn/details/24242/alfa-romeo-159-essence-2011.html
Volkswagen Tiguan Essence 2015,75000 DT,Volkswagen,,,,,,,140.0,Traction,SUV,,,Gabes,,,,5.0,5.0,1984.0,,07.09.2025,https://baniola.tn/details/24252/volkswagen-tiguan-essence-2015.html
Peugeot 207 Diesel 2009,22800 DT,Peugeot,,,,,,,90.0,Traction,Berline,,,Nabeul,,,,5.0,5.0,1560.0,,07.09.2025,https://baniola.tn/details/24253/peugeot-207-diesel-2009.html
Peugeot 207 Diesel 2009,22800 DT,Peugeot,,,,,,,90.0,Traction,Berline,,,Nabeul,,,,5.0,5.0,1560.0,,07.09.2025,https://baniola.tn/details/24254/peugeot-207-diesel-2009.html
Volkswagen Tiguan Hybride 2022,145000 DT,Volkswagen,,,,,,,218.0,Intégrale,SUV,,,Gafsa,,,,5.0,5.0,1395.0,,07.09.2025,https://baniola.tn/details/24255/volkswagen-tiguan-hybride-2022.html
Peugeot 206 Essence 2000,11900 DT,Peugeot,,,,,,,95.0,Traction,Compacte,,,Bizerte,,,,5.0,5.0,1587.0,,07.09.2025,https://baniola.tn/details/24257/peugeot-206-essence-2000.html
Citroën C3 Essence 2003,23000 DT,Citroen,,,,,,,60.0,Traction,Berline,,,Monastir,,,,5.0,4.0,1124.0,,06.09.2025,https://baniola.tn/details/24211/citroen-c3-essence-2003.html
Renault Autres Essence 2016,22000 DT,Renault,,,,,,,115.0,Traction,Berline,,,Nabeul,,,,5.0,4.0,1600.0,,06.09.2025,https://baniola.tn/details/24213/renault-autres-essence-2016.html
Haval H6 Essence 2021,78 DT,Haval,,,,,,,190.0,Traction,SUV,,,Kasserine,,,,5.0,5.0,1997.0,,06.09.2025,https://baniola.tn/details/24214/haval-h6-essence-2021.html
Isuzu D Max Diesel 2018,140000 DT,Isuzu,,,,,,,163.0,Intégrale,Pick-up,,,Sfax,,,,5.0,4.0,2999.0,,06.09.2025,https://baniola.tn/details/24219/isuzu-d-max-diesel-2018.html
Citroën C4 Essence 2008,28000 DT,Citroen,,,,,,,125.0,Traction,Berline,,,Manouba,,,,5.0,4.0,1587.0,,06.09.2025,https://baniola.tn/details/24221/citroen-c4-essence-2008.html
Megane C3 Dsi,24 DT,Renault,,,,,,,115.0,Traction,Berline,,,Nabeul,,,,5.0,5.0,1600.0,,06.09.2025,https://baniola.tn/details/24222/megane-c3-dsi.html
Ford Fiesta Essence 2016,36000 DT,Ford,,,,,,,82.0,Traction,Citadine,,,Zaghouan,,,,5.0,5.0,1200.0,,06.09.2025,https://baniola.tn/details/24225/ford-fiesta-essence-2016.html
Seat Arona Essence 2019,47000 DT,Seat,,,,,,,115.0,Traction,SUV,,,Tunis,,,,5.0,5.0,1000.0,,06.09.2025,https://baniola.tn/details/24226/seat-arona-essence-2019.html
Mercedes Classe a Hybride 2020,115000 DT,Mercedes,,,,,,,160.0,Traction,Compacte,,,Sousse,,,,5.0,5.0,1497.0,,06.09.2025,https://baniola.tn/details/24227/mercedes-classe-a-hybride-2020.html
Volkswagen Golf 5,27500 DT,Volkswagen,,,,,,,105.0,Traction,Compacte,,,Mahdia,,,,5.0,5.0,1600.0,,06.09.2025,https://baniola.tn/details/24228/volkswagen-golf-5.html
Volkswagen Golf 5 Diesel 2004,27580 DT,Volkswagen,,,,,,,90.0,Traction,Compacte,,,Mahdia,,,,5.0,5.0,1896.0,,06.09.2025,https://baniola.tn/details/24229/volkswagen-golf-5-diesel-2004.html
Chery Tiggo4 Essence 2020,58000 DT,Chery,,,,,,,126.0,Traction,SUV,,,Medenine,,,,5.0,5.0,1598.0,,06.09.2025,https://baniola.tn/details/24230/chery-tiggo4-essence-2020.html
Seat Leon Essence 2010,28000 DT,Seat,,,,,,,105.0,Traction,Berline,,,Tunis,,,,5.0,5.0,1595.0,,06.09.2025,https://baniola.tn/details/24231/seat-leon-essence-2010.html
Opel Zafira Diesel 2015,60000 DT,Opel,,,,,,,120.0,Traction,Monospace,,,Medenine,,,,7.0,5.0,1598.0,,06.09.2025,https://baniola.tn/details/24232/opel-zafira-diesel-2015.html
Haval H2 Essence 2020,40000 DT,Haval,,,,,,,143.0,Traction,SUV,,,Monastir,,,,5.0,5.0,1499.0,,06.09.2025,https://baniola.tn/details/24233/haval-h2-essence-2020.html
Citroën C3 Essence 2020,36500 DT,Citroen,,,,,,,82.0,Traction,Compacte,,,Nabeul,,,,5.0,5.0,1199.0,,06.09.2025,https://baniola.tn/details/24234/citroen-c3-essence-2020.html
Audi A3 Sportback Essence 2008,35000 DT,Audi,,,,,,,105.0,Traction,Compacte,,,Bizerte,,,,5.0,5.0,1595.0,,06.09.2025,https://baniola.tn/details/24235/audi-a3-sportback-essence-2008.html
Citroën C3 Ii Essence 2012,25500 DT,Citroen,,,,,,,95.0,Traction,Compacte,,,Jendouba,,,,5.0,5.0,1598.0,,05.09.2025,https://baniola.tn/details/24202/citroen-c3-ii-essence-2012.html
Mg Autres Essence 2017,30000 DT,MG,,,,,,,120.0,Traction,Berline,,,Ariana,,,,5.0,4.0,1500.0,,05.09.2025,https://baniola.tn/details/24203/mg-autres-essence-2017.html
Chery Qq Essence 2021,24500 DT,Chery,,,,,,,60.0,Traction,Citadine,,,Ariana,,,,5.0,4.0,812.0,,05.09.2025,https://baniola.tn/details/24205/chery-qq-essence-2021.html
Volkswagen Jetta Essence 2008,32000 DT,Volkswagen,,,,,,,105.0,Traction,Berline,,,Gafsa,,,,5.0,4.0,1600.0,,05.09.2025,https://baniola.tn/details/24209/volkswagen-jetta-essence-2008.html
Citroën Berlingo Diesel 2002,12500 DT,Citroen,,,,,,,75.0,Traction,Utilitaire,,,Manouba,,,,5.0,5.0,1868.0,,04.09.2025,https://baniola.tn/details/24192/citroen-berlingo-diesel-2002.html
Peugeot 206 Essence 2008,19 DT,Peugeot,,,,,,,90.0,Traction,Compacte,,,Ben Arous,,,,5.0,5.0,1587.0,,04.09.2025,https://baniola.tn/details/24195/peugeot-206-essence-2008.html
Citroën Jumpy Diesel 2019,90 DT,Citroen,,,,,,,120.0,Traction,Utilitaire,,,Siliana,,,,5.0,5.0,1997.0,,04.09.2025,https://baniola.tn/details/24196/citroen-jumpy-diesel-2019.html
Peugeot 301,26800 DT,Peugeot,,,,,,,115.0,Traction,Berline,,,Ariana,,,,5.0,4.0,1600.0,,04.09.2025,https://baniola.tn/details/24199/peugeot-301.html
Volkswagen Tiguan Essence 2018,95800 DT,Volkswagen,,,,,,,150.0,Traction,SUV,,,Ben Arous,,,,5.0,5.0,1600.0,,04.09.2025,https://baniola.tn/details/24200/volkswagen-tiguan-essence-2018.html
Mahindra Kuv 100 Année 2020. /N°53562019,26200 DT,Mahindra,,,,,,,82.0,Traction,SUV,,,Tunis,,,,5.0,5.0,1198.0,,03.09.2025,https://baniola.tn/details/24183/mahindra-kuv-100-année-2020-n-53562019.html
Peugeot 308 Diesel 2016,44000 DT,Peugeot,,,,,,,115.0,Traction,Berline,,,Ariana,,,,5.0,5.0,1560.0,,03.09.2025,https://baniola.tn/details/24185/peugeot-308-diesel-2016.html
Volkswagen Tiguan Essence 2015,75000 DT,Volkswagen,,,,,,,140.0,Traction,SUV,,,Gabes,,,,5.0,5.0,1984.0,,03.09.2025,https://baniola.tn/details/24187/volkswagen-tiguan-essence-2015.html
Peugeot Autres Essence 2013,25000 DT,Peugeot,,,,,,,115.0,Traction,Berline,,,Ariana,,,,5.0,4.0,1600.0,,02.09.2025,https://baniola.tn/details/24175/peugeot-autres-essence-2013.html
Suzuki Swift Essence 2018,34000 DT,Suzuki,,,,,,,90.0,Traction,Compacte,,,Sfax,,,,5.0,4.0,1200.0,,02.09.2025,https://baniola.tn/details/24180/suzuki-swift-essence-2018.html
Kia Rio Essence 2010,22000 DT,Kia,,,,,,,80.0,Traction,Citadine,,,Gabes,,,,5.0,5.0,1400.0,,02.09.2025,https://baniola.tn/details/24181/kia-rio-essence-2010.html
Renault Autres Essence 2016,22500 DT,Renault,,,,,,,115.0,Traction,Berline,,,Nabeul,,,,5.0,4.0,1600.0,,01.09.2025,https://baniola.tn/details/24152/renault-autres-essence-2016.html
Peugeot 5008 Diesel 2016,43000 DT,Peugeot,,,,,,,115.0,Traction,SUV,,,Tunis,,,,7.0,5.0,1560.0,,01.09.2025,https://baniola.tn/details/24153/peugeot-5008-diesel-2016.html
Suzuki Swift Essence 2017,31500 DT,Suzuki,,,,,,,90.0,Traction,Compacte,,,Tunis,,,,5.0,4.0,1200.0,,01.09.2025,https://baniola.tn/details/24158/suzuki-swift-essence-2017.html
Bmw Serie 4 Essence 2015,98000 DT,Bmw,,,,,,,184.0,Propulsion,Coupé,,,Nabeul,,,,4.0,2.0,1997.0,,01.09.2025,https://baniola.tn/details/24159/bmw-serie-4-essence-2015.html
Chery Qq Essence 2020,24900 DT,Chery,,,,,,,60.0,Traction,Citadine,,,Sfax,,,,4.0,4.0,812.0,,01.09.2025,https://baniola.tn/details/24162/chery-qq-essence-2020.html
Fiat Fiorino Diesel 2019,31000 DT,Fiat,,,,,,,95.0,Traction,Utilitaire,,,Tunis,,,,2.0,2.0,1600.0,,01.09.2025,https://baniola.tn/details/24165/fiat-fiorino-diesel-2019.html
Peugeot 207 Essence 2012,28500 DT,Peugeot,,,,,,,95.0,Traction,Berline,,,Ben Arous,,,,5.0,4.0,1600.0,,01.09.2025,https://baniola.tn/details/24166/peugeot-207-essence-2012.html
Bmw Serie 3 Vi Essence 2013,61000 DT,Bmw,,,,,,,184.0,Propulsion,Berline,,,Bizerte,,,,5.0,4.0,1997.0,,01.09.2025,https://baniola.tn/details/24167/bmw-serie-3-vi-essence-2013.html
Mg Autres Hybride 2022,97490 DT,MG,,,,,,,190.0,Traction,SUV,,,,,,,5.0,5.0,1490.0,,01.09.2025,https://baniola.tn/details/24168/mg-autres-hybride-2022.html
Volkswagen Cc Essence 2019,82000 DT,Volkswagen,,,,,,,160.0,Traction,Berline,,,Tunis,,,,5.0,4.0,1984.0,,31.08.2025,https://baniola.tn/details/24141/volkswagen-cc-essence-2019.html
Peugeot 206 Diesel 2001,93653053 DT,Peugeot,,,,,,,70.0,Traction,Compacte,,,Tunis,,,,5.0,5.0,1868.0,,31.08.2025,https://baniola.tn/details/24142/peugeot-206-diesel-2001.html
Mg Zs Essence 2021,61000 DT,MG,,,,,,,110.0,Traction,SUV,,,Manouba,,,,5.0,5.0,1500.0,,31.08.2025,https://baniola.tn/details/24146/mg-zs-essence-2021.html
Bmw Serie 1 Ii Essence 2021,81000 DT,Bmw,,,,,,,143.0,Traction,Berline,,,Manouba,,,,5.0,5.0,1499.0,,31.08.2025,https://baniola.tn/details/24149/bmw-serie-1-ii-essence-2021.html
Fiat Grande Punto Essence 2008,5 DT,Fiat,,,,,,,65.0,Traction,Compacte,,,Ariana,,,,5.0,5.0,1200.0,,30.08.2025,https://baniola.tn/details/24135/fiat-grande-punto-essence-2008.html
Citroën Berlingo Diesel 2014,25000 DT,Citroen,,,,,,,90.0,Traction,Utilitaire,,,Sousse,,,,5.0,5.0,1560.0,,30.08.2025,https://baniola.tn/details/24136/citroen-berlingo-diesel-2014.html
Peugeot 208 Essence 2016,25000 DT,Peugeot,,,,,,,82.0,Traction,Compacte,,,Sfax,,,,5.0,5.0,1199.0,,29.08.2025,https://baniola.tn/details/24131/peugeot-208-essence-2016.html
Mg Autres Essence 2022,3333 DT,MG,,,,,,,120.0,Traction,SUV,,,Ben Arous,,,,5.0,5.0,1500.0,,29.08.2025,https://baniola.tn/details/24132/mg-autres-essence-2022.html
Great-Wall Gk-Gl Essence 2019,46000 DT,Geely,,,,,,,120.0,Traction,Berline,,,Sousse,,,,5.0,4.0,1600.0,,29.08.2025,https://baniola.tn/details/24133/great-wall-gk-gl-essence-2019.html
Renault Clio Essence 2021,48 DT,Renault,,,,,,,90.0,Traction,Compacte,,,Manouba,,,,5.0,5.0,1200.0,,28.08.2025,https://baniola.tn/details/24124/renault-clio-essence-2021.html
Mg Autres Essence 2017,41500 DT,MG,,,,,,,120.0,Traction,Berline,,,Ariana,,,,5.0,4.0,1500.0,,28.08.2025,https://baniola.tn/details/24125/mg-autres-essence-2017.html
Fiat 500 Essence 2012,30000 DT,Fiat,,,,,,,69.0,Traction,Citadine,,,Sfax,,,,4.0,3.0,1242.0,,28.08.2025,https://baniola.tn/details/24126/fiat-500-essence-2012.html
Ford Fiesta Essence 2006,20500 DT,Ford,,,,,,,60.0,Traction,Citadine,,,Sfax,,,,5.0,3.0,1242.0,,28.08.2025,https://baniola.tn/details/24127/ford-fiesta-essence-2006.html
Chevrolet Cruze Essence 2014,32 DT,Chevrolet,,,,,,,140.0,Traction,Berline,,,Ariana,,,,5.0,4.0,1796.0,,28.08.2025,https://baniola.tn/details/24129/chevrolet-cruze-essence-2014.html
Citroën C5 Essence 2012,32 DT,Citroen,,,,,,,127.0,Traction,Berline,,,Manouba,,,,5.0,4.0,1598.0,,28.08.2025,https://baniola.tn/details/24130/citroen-c5-essence-2012.html
Renault Megane Essence 2011,36000 DT,Renault,,,,,,,110.0,Traction,Berline,,,Ben Arous,,,,5.0,4.0,1600.0,,27.08.2025,https://baniola.tn/details/24110/renault-megane-essence-2011.html
Nissan Qashqai Essence 2015,50000 DT,Nissan,,,,,,,115.0,Traction,SUV,,,Jendouba,,,,5.0,5.0,1600.0,,27.08.2025,https://baniola.tn/details/24112/nissan-qashqai-essence-2015.html
Honda Civic Lx Sport,76000 DT,Honda,,,,,,,158.0,Traction,Berline,,,Tunis,,,,5.0,4.0,1600.0,,27.08.2025,https://baniola.tn/details/24113/honda-civic-lx-sport.html
Ford Focus Essence 2012,26 DT,Ford,,,,,,,105.0,Traction,Compacte,,,Zaghouan,,,,5.0,5.0,1600.0,,27.08.2025,https://baniola.tn/details/24116/ford-focus-essence-2012.html
Fiat Punto Essence 1998,14500 DT,Fiat,,,,,,,60.0,Traction,Compacte,,,Kairouan,,,,5.0,3.0,1100.0,,27.08.2025,https://baniola.tn/details/24117/fiat-punto-essence-1998.html
Peugeot 106 Essence 1997,13500 DT,Peugeot,,,,,,,45.0,Traction,Citadine,,,Kairouan,,,,5.0,3.0,1124.0,,27.08.2025,https://baniola.tn/details/24118/peugeot-106-essence-1997.html
Fiat Punto Essence 1997,14500 DT,Fiat,,,,,,,60.0,Traction,Berline,,,Kairouan,,,,5.0,3.0,1100.0,,27.08.2025,https://baniola.tn/details/24119/fiat-punto-essence-1997.html
Bmw 316 Essence 2004,28000 DT,Bmw,,,,,,,115.0,Propulsion,Berline,,,Sfax,,,,5.0,4.0,1596.0,,27.08.2025,https://baniola.tn/details/24120/bmw-316-essence-2004.html
Kia Sportage Essence 2020,110 DT,Kia,,,,,,,161.0,Traction,SUV,,,Zaghouan,,,,5.0,5.0,1600.0,,27.08.2025,https://baniola.tn/details/24114/kia-sportage-essence-2020.html
Citroën C4 Ii Essence 2018,37500 DT,Citroen,,,,,,,120.0,Traction,Berline,,,Sousse,,,,5.0,4.0,1600.0,,27.08.2025,https://baniola.tn/details/24115/citroen-c4-ii-essence-2018.html
Citroën Jumpy Diesel 2015,25000 DT,Citroen,,,,,,,120.0,Traction,Utilitaire,,,Manouba,,,,5.0,5.0,1997.0,,26.08.2025,https://baniola.tn/details/24098/citroen-jumpy-diesel-2015.html
Suzuki Celerio Essence 2024,49500 DT,Suzuki,,,,,,,68.0,Traction,Citadine,,,Sousse,,,,5.0,4.0,998.0,,26.08.2025,https://baniola.tn/details/24104/suzuki-celerio-essence-2024.html
Audi A4 Diesel 2006,30000 DT,Audi,,,,,,,140.0,Traction,Berline,,,Nabeul,,,,5.0,4.0,1968.0,,26.08.2025,https://baniola.tn/details/24103/audi-a4-diesel-2006.html
Great-Wall Mk-Gs Essence 2018,42000 DT,Geely,,,,,,,120.0,Traction,SUV,,,Tunis,,,,5.0,5.0,1800.0,,26.08.2025,https://baniola.tn/details/24105/great-wall-mk-gs-essence-2018.html
Citroën C4 Picasso Diesel 2009,24000 DT,Citroen,,,,,,,110.0,Traction,Monospace,,,Tunis,,,,5.0,5.0,1560.0,,26.08.2025,https://baniola.tn/details/24106/citroen-c4-picasso-diesel-2009.html
Chevrolet Aveo Essence 2010,15000 DT,Chevrolet,,,,,,,84.0,Traction,Berline,,,Bizerte,,,,5.0,4.0,1399.0,,26.08.2025,https://baniola.tn/details/24107/chevrolet-aveo-essence-2010.html
Kia Sportage Essence 2021,110000 DT,Kia,,,,,,,115.0,Traction,SUV,,,Manouba,,,,5.0,5.0,1600.0,,25.08.2025,https://baniola.tn/details/24081/kia-sportage-essence-2021.html
Chevrolet Aveo Essence 2015,25000 DT,Chevrolet,,,,,,,95.0,Traction,Berline,,,Zaghouan,,,,5.0,4.0,1399.0,,25.08.2025,https://baniola.tn/details/24082/chevrolet-aveo-essence-2015.html
Kia Sportage Essence 2020,22286499 DT,Kia,,,,,,,161.0,Traction,SUV,,,Jendouba,,,,5.0,5.0,1600.0,,25.08.2025,https://baniola.tn/details/24083/kia-sportage-essence-2020.html
Hyundai I10 Essence 2015,28000 DT,Hyundai,,,,,,,87.0,Traction,Citadine,,,Sousse,,,,5.0,5.0,1248.0,,25.08.2025,https://baniola.tn/details/24084/hyundai-i10-essence-2015.html
Mitsubishi Colt Diesel 2008,14800 DT,Mitsubishi,,,,,,,95.0,Traction,Compacte,,,Sousse,,,,5.0,5.0,1582.0,,25.08.2025,https://baniola.tn/details/24085/mitsubishi-colt-diesel-2008.html
Kia Picanto Essence 2021,40200 DT,Kia,,,,,,,84.0,Traction,Citadine,,,Manouba,,,,5.0,5.0,1248.0,,25.08.2025,https://baniola.tn/details/24090/kia-picanto-essence-2021.html
Ford Fiesta Essence 2004,18000 DT,Ford,,,,,,,60.0,Traction,Citadine,,,Tozeur,,,,5.0,3.0,1242.0,,25.08.2025,https://baniola.tn/details/24091/ford-fiesta-essence-2004.html
Kia Sportage Essence 2017,73 DT,Kia,,,,,,,161.0,Traction,SUV,,,Sfax,,,,5.0,5.0,1999.0,,25.08.2025,https://baniola.tn/details/24092/kia-sportage-essence-2017.html
Chevrolet Aveo Essence 2011,19700 DT,Chevrolet,,,,,,,84.0,Traction,Berline,,,Tunis,,,,5.0,4.0,1399.0,,25.08.2025,https://baniola.tn/details/24093/chevrolet-aveo-essence-2011.html
Ford Fiesta Essence 2016,38000 DT,Ford,,,,,,,82.0,Traction,Compacte,,,,,,,5.0,5.0,1200.0,,25.08.2025,https://baniola.tn/details/24095/ford-fiesta-essence-2016.html
Toyota Corolla Essence 2021,63 DT,Toyota,,,,,,,121.0,Traction,Berline,,,Sousse,,,,5.0,4.0,1600.0,,25.08.2025,https://baniola.tn/details/24096/toyota-corolla-essence-2021.html
Peugeot 308 Diesel 2016,46000 DT,Peugeot,,,,,,,115.0,Traction,Berline,,,Monastir,,,,5.0,5.0,1560.0,,25.08.2025,https://baniola.tn/details/24094/peugeot-308-diesel-2016.html
Nissan Micra Essence 2018,32000 DT,Nissan,,,,,,,90.0,Traction,Citadine,,,Tunis,,,,5.0,5.0,1198.0,,24.08.2025,https://baniola.tn/details/24050/nissan-micra-essence-2018.html
Isuzu D Max Diesel 2025,115 DT,Isuzu,,,,,,,163.0,Intégrale,Pick-up,,,Nabeul,,,,5.0,4.0,2999.0,,24.08.2025,https://baniola.tn/details/24052/isuzu-d-max-diesel-2025.html
Bmw 116 Diesel 2010,34800 DT,Bmw,,,,,,,116.0,Traction,Berline,,,Nabeul,,,,5.0,4.0,1995.0,,24.08.2025,https://baniola.tn/details/24053/bmw-116-diesel-2010.html
Ssangyong Tivoli Essence 2022,69 DT,Ssangyong,,,,,,,163.0,Traction,SUV,,,Ben Arous,,,,5.0,5.0,1600.0,,24.08.2025,https://baniola.tn/details/24054/ssangyong-tivoli-essence-2022.html
Peugeot 208 Essence 2019,31 DT,Peugeot,,,,,,,82.0,Traction,Compacte,,,Ben Arous,,,,5.0,5.0,1199.0,,24.08.2025,https://baniola.tn/details/24055/peugeot-208-essence-2019.html
Hyundai Galloper Diesel 1997,35 DT,Hyundai,,,,,,,80.0,Propulsion,SUV,,,Bizerte,,,,7.0,5.0,2350.0,,24.08.2025,https://baniola.tn/details/24056/hyundai-galloper-diesel-1997.html
Peugeot 2008 Essence 2024,84000 DT,Peugeot,,,,,,,130.0,Traction,SUV,,,Tunis,,,,5.0,5.0,1199.0,,24.08.2025,https://baniola.tn/details/24057/peugeot-2008-essence-2024.html
Fiat Doblo Cargo Diesel 2016,17500 DT,Fiat,,,,,,,95.0,Traction,Utilitaire,,,Ariana,,,,2.0,5.0,1600.0,,24.08.2025,https://baniola.tn/details/24058/fiat-doblo-cargo-diesel-2016.html
Citroën Ax Essence 1989,5300 DT,Citroen,,,,,,,45.0,Traction,Citadine,,,Manouba,,,,4.0,3.0,954.0,,24.08.2025,https://baniola.tn/details/24059/citroen-ax-essence-1989.html
Peugeot 208 Essence 2014,25000 DT,Peugeot,,,,,,,95.0,Traction,Berline,,,Kairouan,,,,5.0,5.0,1598.0,,24.08.2025,https://baniola.tn/details/24061/peugeot-208-essence-2014.html
Opel Kadett Essence 1986,6300 DT,Opel,,,,,,,60.0,Traction,Berline,,,Ariana,,,,5.0,4.0,1297.0,,24.08.2025,https://baniola.tn/details/24062/opel-kadett-essence-1986.html
Hyundai Veloster Essence 2017,55 DT,Hyundai,,,,,,,130.0,Traction,Coupé,,,Sousse,,,,4.0,3.0,1600.0,,24.08.2025,https://baniola.tn/details/24064/hyundai-veloster-essence-2017.html
Peugeot 508 Diesel 2021,130000 DT,Peugeot,,,,,,,130.0,Traction,Berline,,,Kasserine,,,,5.0,4.0,1997.0,,24.08.2025,https://baniola.tn/details/24065/peugeot-508-diesel-2021.html
Peugeot Autres Essence 2017,27500 DT,Peugeot,,,,,,,115.0,Traction,Berline,,,Bizerte,,,,5.0,4.0,1600.0,,24.08.2025,https://baniola.tn/details/24067/peugeot-autres-essence-2017.html
Seat Ibiza Essence 2016,33 DT,Seat,,,,,,,90.0,Traction,Compacte,,,Sfax,,,,5.0,5.0,1200.0,,24.08.2025,https://baniola.tn/details/24070/seat-ibiza-essence-2016.html
Peugeot 206 Essence 2008,19 DT,Peugeot,,,,,,,90.0,Traction,Compacte,,,Ben Arous,,,,5.0,5.0,1587.0,,24.08.2025,https://baniola.tn/details/24072/peugeot-206-essence-2008.html
Kia Rio Essence 2019,46000 DT,Kia,,,,,,,84.0,Traction,Compacte,,,Ben Arous,,,,5.0,5.0,1400.0,,24.08.2025,https://baniola.tn/details/24073/kia-rio-essence-2019.html
Mazda Mazda2 Essence 2016,31000 DT,Mazda,,,,,,,115.0,Traction,Compacte,,,Manouba,,,,5.0,5.0,1496.0,,24.08.2025,https://baniola.tn/details/24074/mazda-mazda2-essence-2016.html
Jeep Compass Diesel 2020,119000 DT,Jeep,,,,,,,120.0,Intégrale,SUV,,,Mahdia,,,,5.0,5.0,1956.0,,24.08.2025,https://baniola.tn/details/24075/jeep-compass-diesel-2020.html
Volkswagen Passat Diesel 2013,42000 DT,Volkswagen,,,,,,,140.0,Traction,Berline,,,Tozeur,,,,5.0,4.0,1968.0,,24.08.2025,https://baniola.tn/details/24076/volkswagen-passat-diesel-2013.html
Mahindra Kuv 100 Essence 2018,27000 DT,Mahindra,,,,,,,85.0,Traction,SUV,,,Sousse,,,,5.0,5.0,1198.0,,24.08.2025,https://baniola.tn/details/24077/mahindra-kuv-100-essence-2018.html
Peugeot Partner Essence 2003,22000 DT,Peugeot,,,,,,,60.0,Traction,Utilitaire,,,Gabes,,,,2.0,5.0,1360.0,,24.08.2025,https://baniola.tn/details/24079/peugeot-partner-essence-2003.html
Seat Leon Essence 2015,42500 DT,Seat,,,,,,,105.0,Traction,Berline,,,Ariana,,,,5.0,5.0,1600.0,,23.08.2025,https://baniola.tn/details/24043/seat-leon-essence-2015.html
Bmw 320 Hybride 2023,11111 DT,Bmw,,,,,,,184.0,Traction,Berline,,,Ariana,,,,5.0,4.0,1998.0,,23.08.2025,https://baniola.tn/details/24045/bmw-320-hybride-2023.html
Mahindra Kuv 100 Essence 2022,23500 DT,Mahindra,,,,,,,85.0,Traction,SUV,,,Jendouba,,,,5.0,5.0,1198.0,,23.08.2025,https://baniola.tn/details/24046/mahindra-kuv-100-essence-2022.html
Volkswagen Passat Essence 2005,25000 DT,Volkswagen,,,,,,,115.0,Traction,Berline,,,Tunis,,,,5.0,4.0,1595.0,,23.08.2025,https://baniola.tn/details/24048/volkswagen-passat-essence-2005.html
Opel Corsa Essence 1999,10500 DT,Opel,,,,,,,60.0,Traction,Compacte,,,Manouba,,,,5.0,3.0,1200.0,,22.08.2025,https://baniola.tn/details/24038/opel-corsa-essence-1999.html
Chevrolet Cruze Essence 2014,33 DT,Chevrolet,,,,,,,140.0,Traction,Berline,,,Ariana,,,,5.0,4.0,1796.0,,22.08.2025,https://baniola.tn/details/24039/chevrolet-cruze-essence-2014.html
Peugeot 3008 Diesel 2012,43000 DT,Peugeot,,,,,,,112.0,Traction,SUV,,,Ben Arous,,,,5.0,5.0,1560.0,,22.08.2025,https://baniola.tn/details/24042/peugeot-3008-diesel-2012.html
Volkswagen Polo Essence 2008,33000 DT,Volkswagen,,,,,,,75.0,Traction,Compacte,,,Ariana,,,,5.0,5.0,1200.0,,21.08.2025,https://baniola.tn/details/24025/volkswagen-polo-essence-2008.html
Chevrolet Cruze Essence 2014,0 DT,Chevrolet,,,,,,,140.0,Traction,Berline,,,Ariana,,,,5.0,4.0,1796.0,,21.08.2025,https://baniola.tn/details/24028/chevrolet-cruze-essence-2014.html
Renault Trafic Diesel 2021,74000 DT,Renault,,,,,,,120.0,Traction,Utilitaire,,,Kebili,,,,9.0,5.0,1995.0,,21.08.2025,https://baniola.tn/details/24029/renault-trafic-diesel-2021.html
Renault Megane Essence 2005,17000 DT,Renault,,,,,,,115.0,Traction,Berline,,,Tozeur,,,,5.0,4.0,1598.0,,21.08.2025,https://baniola.tn/details/24030/renault-megane-essence-2005.html
Volkswagen Polo Essence 1998,8500 DT,Volkswagen,,,,,,,75.0,Traction,Compacte,,,Monastir,,,,5.0,3.0,1200.0,,21.08.2025,https://baniola.tn/details/24032/volkswagen-polo-essence-1998.html
Volkswagen Passat Hybride 2020,120000 DT,Volkswagen,,,,,,,218.0,Traction,Berline,,,Tunis,,,,5.0,4.0,1395.0,,21.08.2025,https://baniola.tn/details/24033/volkswagen-passat-hybride-2020.html
Chery Tiggo Essence 2020,40500 DT,Chery,,,,,,,136.0,Traction,SUV,,,Tunis,,,,5.0,5.0,1997.0,,21.08.2025,https://baniola.tn/details/24037/chery-tiggo-essence-2020.html
Volkswagen Amarok Diesel 2012,55000 DT,Volkswagen,,,,,,,163.0,Intégrale,Pick-up,,,Sousse,,,,5.0,4.0,2400.0,,20.08.2025,https://baniola.tn/details/24015/volkswagen-amarok-diesel-2012.html
Renault Clio Essence 2004,17000 DT,Renault,,,,,,,75.0,Traction,Compacte,,,Ariana,,,,5.0,5.0,1149.0,,20.08.2025,https://baniola.tn/details/24016/renault-clio-essence-2004.html
Renault Clio Essence 2007,29000 DT,Renault,,,,,,,75.0,Traction,Compacte,,,Sfax,,,,5.0,5.0,1149.0,,20.08.2025,https://baniola.tn/details/24018/renault-clio-essence-2007.html
Mazda Bt 50 Diesel 1999,1 DT,Mazda,,,,,,,90.0,Propulsion,Pick-up,,,Nabeul,,,,5.0,4.0,2500.0,,20.08.2025,https://baniola.tn/details/24019/mazda-bt-50-diesel-1999.html
Ford Focus Essence 2017,37000 DT,Ford,,,,,,,125.0,Traction,Compacte,,,Ariana,,,,5.0,5.0,1600.0,,20.08.2025,https://baniola.tn/details/24020/ford-focus-essence-2017.html
Fiat Grande Punto Essence 2012,24500 DT,Fiat,,,,,,,95.0,Traction,Berline,,,Ben Arous,,,,5.0,5.0,1200.0,,20.08.2025,https://baniola.tn/details/24021/fiat-grande-punto-essence-2012.html
Caddy Assisté,12300 DT,Volkswagen,,,,,,,75.0,Traction,Utilitaire,,,Jendouba,,,,2.0,4.0,1600.0,,20.08.2025,https://baniola.tn/details/24022/caddy-assisté.html
Suzuki Swift Essence 2019,33000 DT,Suzuki,,,,,,,90.0,Traction,Compacte,,,Zaghouan,,,,5.0,4.0,1200.0,,19.08.2025,https://baniola.tn/details/24000/suzuki-swift-essence-2019.html
Toyota Yaris Essence 2015,34000 DT,Toyota,,,,,,,99.0,Traction,Citadine,,,Beja,,,,5.0,5.0,1497.0,,19.08.2025,https://baniola.tn/details/24003/toyota-yaris-essence-2015.html
Renault Autres Essence 2016,666 DT,Renault,,,,,,,115.0,Traction,Berline,,,,,,,5.0,4.0,1600.0,,19.08.2025,https://baniola.tn/details/24005/renault-autres-essence-2016.html
Škoda Fabia Essence 2021,43000 DT,Skoda,,,,,,,95.0,Traction,Compacte,,,Sfax,,,,5.0,5.0,1000.0,,19.08.2025,https://baniola.tn/details/24006/skoda-fabia-essence-2021.html
Ford Fiesta Essence 2019,38000 DT,Ford,,,,,,,85.0,Traction,Citadine,,,Ariana,,,,5.0,5.0,1200.0,,19.08.2025,https://baniola.tn/details/24007/ford-fiesta-essence-2019.html
Renault Clio Diesel 2021,47500 DT,Renault,,,,,,,90.0,Traction,Compacte,,,Mahdia,,,,5.0,5.0,1461.0,,19.08.2025,https://baniola.tn/details/24008/renault-clio-diesel-2021.html
Chevrolet Cruze Essence 2014,33 DT,Chevrolet,,,,,,,140.0,Traction,Berline,,,Ariana,,,,5.0,4.0,1796.0,,19.08.2025,https://baniola.tn/details/24009/chevrolet-cruze-essence-2014.html
Peugeot 2008 Essence 2022,0 DT,Peugeot,,,,,,,130.0,Traction,SUV,,,Ariana,,,,5.0,5.0,1199.0,,19.08.2025,https://baniola.tn/details/24010/peugeot-2008-essence-2022.html
Volkswagen Passat Diesel 2014,55000 DT,Volkswagen,,,,,,,140.0,Traction,Berline,,,Medenine,,,,5.0,4.0,1968.0,,19.08.2025,https://baniola.tn/details/24011/volkswagen-passat-diesel-2014.html
Citroën C15 Diesel 1992,6000 DT,Citroen,,,,,,,58.0,Traction,Utilitaire,,,Gafsa,,,,2.0,2.0,1769.0,,19.08.2025,https://baniola.tn/details/24013/citroen-c15-diesel-1992.html
Volkswagen Golf 6 Essence 2011,41500000 DT,Volkswagen,,,,,,,105.0,Traction,Compacte,,,Tunis,,,,5.0,5.0,1600.0,,18.08.2025,https://baniola.tn/details/23984/volkswagen-golf-6-essence-2011.html
Peugeot Expert Diesel 2021,58000 DT,Peugeot,,,,,,,120.0,Traction,Utilitaire,,,Tataouine,,,,3.0,4.0,1997.0,,18.08.2025,https://baniola.tn/details/23987/peugeot-expert-diesel-2021.html
Citroën C4 Picasso Ii Diesel 2014,65000 DT,Citroen,,,,,,,150.0,Traction,Monospace,,,Ariana,,,,5.0,5.0,1997.0,,18.08.2025,https://baniola.tn/details/23997/citroen-c4-picasso-ii-diesel-2014.html
Alfa Romeo Mito Essence 2010,26500 DT,Alfa romeo,,,,,,,95.0,Traction,Compacte,,,Sousse,,,,5.0,3.0,1368.0,,17.08.2025,https://baniola.tn/details/23968/alfa-romeo-mito-essence-2010.html
Volkswagen Golf Diesel 2015,60000 DT,Volkswagen,,,,,,,110.0,Traction,Compacte,,,Ben Arous,,,,5.0,5.0,1600.0,,17.08.2025,https://baniola.tn/details/23971/volkswagen-golf-diesel-2015.html
Peugeot 308 Diesel 2011,32000 DT,Peugeot,,,,,,,112.0,Traction,Berline,,,Nabeul,,,,5.0,5.0,1560.0,,17.08.2025,https://baniola.tn/details/23972/peugeot-308-diesel-2011.html
Kia Picanto Essence 2020,38000 DT,Kia,,,,,,,84.0,Traction,Citadine,,,Ben Arous,,,,5.0,5.0,1248.0,,17.08.2025,https://baniola.tn/details/23973/kia-picanto-essence-2020.html
Toyota Hi Ace Diesel 2014,35800 DT,Toyota,,,,,,,130.0,Propulsion,Utilitaire,,,Beja,,,,8.0,4.0,2982.0,,17.08.2025,https://baniola.tn/details/23974/toyota-hi-ace-diesel-2014.html
Land Rover Evoque Diesel 2021,200000 DT,Land rover,,,,,,,180.0,Intégrale,SUV,,,Tataouine,,,,5.0,5.0,1997.0,,17.08.2025,https://baniola.tn/details/23976/land-rover-evoque-diesel-2021.html
Kia Sportage Essence 2020,98000 DT,Kia,,,,,,,161.0,Traction,SUV,,,,,,,5.0,5.0,1600.0,,17.08.2025,https://baniola.tn/details/23979/kia-sportage-essence-2020.html
Kia Sportage Essence 2022,200000 DT,Kia,,,,,,,115.0,Traction,SUV,,,Tunis,,,,5.0,5.0,1600.0,,17.08.2025,https://baniola.tn/details/23980/kia-sportage-essence-2022.html
Fiat 500 Essence 2022,47000 DT,Fiat,,,,,,,69.0,Traction,Citadine,,,Sousse,,,,4.0,3.0,999.0,,17.08.2025,https://baniola.tn/details/23981/fiat-500-essence-2022.html
Mahindra Kuv 100 Essence 2023,25500 DT,Mahindra,,,,,,,85.0,Traction,SUV,,,Bizerte,,,,5.0,5.0,1198.0,,16.08.2025,https://baniola.tn/details/23957/mahindra-kuv-100-essence-2023.html
Ford Fiesta Essence 2010,25500 DT,Ford,,,,,,,95.0,Traction,Citadine,,,Tunis,,,,5.0,5.0,1600.0,,16.08.2025,https://baniola.tn/details/23958/ford-fiesta-essence-2010.html
Kia Sportage Diesel 2019,112000 DT,Kia,,,,,,,136.0,Traction,SUV,,,Ben Arous,,,,5.0,5.0,2000.0,,16.08.2025,https://baniola.tn/details/23961/kia-sportage-diesel-2019.html
Suzuki Baleno Essence 2018,39 DT,Suzuki,,,,,,,90.0,Traction,Berline,,,Tunis,,,,5.0,4.0,1200.0,,16.08.2025,https://baniola.tn/details/23962/suzuki-baleno-essence-2018.html
Ford Autre Essence 2013,23000 DT,Ford,,,,,,,120.0,Traction,Berline,,,Manouba,,,,5.0,4.0,1600.0,,16.08.2025,https://baniola.tn/details/23963/ford-autre-essence-2013.html
Dacia Sandero Essence 2023,62000 DT,Dacia,,,,,,,90.0,Traction,Berline,,,Ariana,,,,5.0,5.0,999.0,,16.08.2025,https://baniola.tn/details/23964/dacia-sandero-essence-2023.html
Citroën C3 Diesel 2021,55000 DT,Citroen,,,,,,,92.0,Traction,Compacte,,,Sousse,,,,5.0,5.0,1499.0,,16.08.2025,https://baniola.tn/details/23965/citroen-c3-diesel-2021.html
Mahindra Kuv 100 Essence 2020,35000 DT,Mahindra,,,,,,,85.0,Traction,SUV,,,Tunis,,,,5.0,5.0,1198.0,,15.08.2025,https://baniola.tn/details/23947/mahindra-kuv-100-essence-2020.html
Toyota Yaris Essence 2013,31000 DT,Toyota,,,,,,,99.0,Traction,Citadine,,,Sousse,,,,5.0,5.0,1497.0,,15.08.2025,https://baniola.tn/details/23949/toyota-yaris-essence-2013.html
Kia Sportage Diesel 2011,50 DT,Kia,,,,,,,136.0,Traction,SUV,,,Sfax,,,,5.0,5.0,1995.0,,15.08.2025,https://baniola.tn/details/23950/kia-sportage-diesel-2011.html
Renault Megane Diesel 2020,110000 DT,Renault,,,,,,,115.0,Traction,Berline,,,Sfax,,,,5.0,5.0,1461.0,,14.08.2025,https://baniola.tn/details/23925/renault-megane-diesel-2020.html
Mercedes Classe C Essence 2004,25 DT,Mercedes,,,,,,,170.0,Propulsion,Berline,,,Ben Arous,,,,5.0,4.0,1796.0,,14.08.2025,https://baniola.tn/details/23929/mercedes-classe-c-essence-2004.html
Volkswagen Polo Essence 2016,35000 DT,Volkswagen,,,,,,,90.0,Traction,Compacte,,,Ben Arous,,,,5.0,5.0,1197.0,,14.08.2025,https://baniola.tn/details/23933/volkswagen-polo-essence-2016.html
Citroën C3 Essence 2008,20000 DT,Citroen,,,,,,,60.0,Traction,Compacte,,,Manouba,,,,5.0,5.0,1124.0,,14.08.2025,https://baniola.tn/details/23941/citroen-c3-essence-2008.html
Audi A4 Essence 2012,39000 DT,Audi,,,,,,,170.0,Traction,Berline,,,Monastir,,,,5.0,4.0,1984.0,,14.08.2025,https://baniola.tn/details/23944/audi-a4-essence-2012.html
Peugeot 407 Diesel 2006,23 DT,Peugeot,,,,,,,110.0,Traction,Berline,,,Monastir,,,,5.0,4.0,1997.0,,14.08.2025,https://baniola.tn/details/23945/peugeot-407-diesel-2006.html
Volkswagen Caddy Diesel 2021,79 DT,Volkswagen,,,,,,,102.0,Traction,Utilitaire,,,Kairouan,,,,5.0,5.0,1968.0,,13.08.2025,https://baniola.tn/details/23911/volkswagen-caddy-diesel-2021.html
Hyundai Sonata 2010 Ex Rs,55000 DT,Hyundai,,,,,,,165.0,Traction,Berline,,,Ariana,,,,5.0,4.0,2359.0,,13.08.2025,https://baniola.tn/details/23914/hyundai-sonata-2010-ex-rs.html
Jeep Renegade Essence 2018,75 DT,Jeep,,,,,,,180.0,Intégrale,SUV,,,Tunis,,,,5.0,5.0,1850.0,,13.08.2025,https://baniola.tn/details/23915/jeep-renegade-essence-2018.html
Peugeot 407 Essence 2006,17 DT,Peugeot,,,,,,,160.0,Traction,Berline,,,Tunis,,,,5.0,4.0,1997.0,,13.08.2025,https://baniola.tn/details/23917/peugeot-407-essence-2006.html
Jutoyota Aygo Essence 2021,35000 DT,Toyota,,,,,,,72.0,Traction,Citadine,,,Ariana,,,,4.0,5.0,998.0,,13.08.2025,https://baniola.tn/details/23918/jutoyota-aygo-essence-2021.html
Mercedes Classe Cla Diesel 2017,72000 DT,Mercedes,,,,,,,136.0,Traction,Berline,,,Sousse,,,,5.0,4.0,2143.0,,13.08.2025,https://baniola.tn/details/23910/mercedes-classe-cla-diesel-2017.html
Bmw 118 Diesel 2010,32500 DT,Bmw,,,,,,,143.0,Traction,Berline,,,Ariana,,,,5.0,5.0,1995.0,,13.08.2025,https://baniola.tn/details/23920/bmw-118-diesel-2010.html
Mercedes Classe a Essence 1998,16000 DT,Mercedes,,,,,,,128.0,Traction,Berline,,,Ben Arous,,,,5.0,4.0,1998.0,,13.08.2025,https://baniola.tn/details/23923/mercedes-classe-a-essence-1998.html
Mahindra Kuv 100 Essence 2022,33000 DT,Mahindra,,,,,,,85.0,Traction,SUV,,,Ariana,,,,5.0,5.0,1198.0,,12.08.2025,https://baniola.tn/details/23895/mahindra-kuv-100-essence-2022.html
Renault Megane Essence 2013,39000 DT,Renault,,,,,,,115.0,Traction,Berline,,,Gabes,,,,5.0,4.0,1600.0,,12.08.2025,https://baniola.tn/details/23896/renault-megane-essence-2013.html
Mg Autres Hybride 2022,97000 DT,MG,,,,,,,190.0,Traction,SUV,,,Ben Arous,,,,5.0,5.0,1490.0,,12.08.2025,https://baniola.tn/details/23897/mg-autres-hybride-2022.html
Ford Fiesta Essence 2016,31 DT,Ford,,,,,,,82.0,Traction,Citadine,,,Jendouba,,,,5.0,5.0,1196.0,,12.08.2025,https://baniola.tn/details/23898/ford-fiesta-essence-2016.html
Suzuki Celerio Essence 2020,29990 DT,Suzuki,,,,,,,68.0,Traction,Citadine,,,Ben Arous,,,,5.0,4.0,998.0,,12.08.2025,https://baniola.tn/details/23899/suzuki-celerio-essence-2020.html
Hyundai Autre Essence 2020,77000 DT,Hyundai,,,,,,,120.0,Traction,Berline,,,Ariana,,,,5.0,4.0,1600.0,,12.08.2025,https://baniola.tn/details/23900/hyundai-autre-essence-2020.html
Seat Leon Essence 2019,55000 DT,Seat,,,,,,,115.0,Traction,Compacte,,,Mahdia,,,,5.0,5.0,1400.0,,12.08.2025,https://baniola.tn/details/23902/seat-leon-essence-2019.html
Volkswagen Golf 6 Diesel 2010,40 DT,Volkswagen,,,,,,,105.0,Traction,Compacte,,,Kairouan,,,,5.0,5.0,1598.0,,12.08.2025,https://baniola.tn/details/23906/volkswagen-golf-6-diesel-2010.html
Fiat Tipo Essence 2020,44500 DT,Fiat,,,,,,,95.0,Traction,Berline,,,Ben Arous,,,,5.0,4.0,1368.0,,12.08.2025,https://baniola.tn/details/23907/fiat-tipo-essence-2020.html
Great-Wall Mk-Gl Essence 2019,42000 DT,Geely,,,,,,,120.0,Traction,Berline,,,Ben Arous,,,,5.0,4.0,1600.0,,12.08.2025,https://baniola.tn/details/23909/great-wall-mk-gl-essence-2019.html
Renault Scenic Diesel 2005,26 DT,Renault,,,,,,,105.0,Traction,Monospace,,,Tunis,,,,5.0,5.0,1461.0,,11.08.2025,https://baniola.tn/details/23882/renault-scenic-diesel-2005.html
Kia Rio Essence 2015,38000 DT,Kia,,,,,,,87.0,Traction,Citadine,,,Manouba,,,,5.0,5.0,1400.0,,11.08.2025,https://baniola.tn/details/23883/kia-rio-essence-2015.html
Dacia Sandero Essence 2017,47000 DT,Dacia,,,,,,,75.0,Traction,Berline,,,Sfax,,,,5.0,4.0,1200.0,,11.08.2025,https://baniola.tn/details/23884/dacia-sandero-essence-2017.html
Hyundai I10 Essence 2023,49000 DT,Hyundai,,,,,,,67.0,Traction,Citadine,,,Tunis,,,,5.0,5.0,998.0,,11.08.2025,https://baniola.tn/details/23885/hyundai-i10-essence-2023.html
Volkswagen Golf Essence 2011,37000 DT,Volkswagen,,,,,,,105.0,Traction,Compacte,,,Gafsa,,,,5.0,5.0,1600.0,,11.08.2025,https://baniola.tn/details/23886/volkswagen-golf-essence-2011.html
Seat Ibiza Essence 2019,48 DT,Seat,,,,,,,95.0,Traction,Compacte,,,Bizerte,,,,5.0,5.0,1197.0,,11.08.2025,https://baniola.tn/details/23887/seat-ibiza-essence-2019.html
Peugeot 208 Essence 2012,25 DT,Peugeot,,,,,,,95.0,Traction,Compacte,,,Tunis,,,,5.0,5.0,1598.0,,11.08.2025,https://baniola.tn/details/23888/peugeot-208-essence-2012.html
Audi Q5 Diesel 2010,75000 DT,Audi,,,,,,,190.0,Intégrale,SUV,,,Sousse,,,,5.0,5.0,2967.0,,11.08.2025,https://baniola.tn/details/23889/audi-q5-diesel-2010.html
Hyundai I10 Essence 2017,30 DT,Hyundai,,,,,,,87.0,Traction,Citadine,,,Bizerte,,,,5.0,5.0,1197.0,,11.08.2025,https://baniola.tn/details/23890/hyundai-i10-essence-2017.html
Peugeot 106 Essence 1997,12000 DT,Peugeot,,,,,,,45.0,Traction,Citadine,,,Tunis,,,,5.0,3.0,1124.0,,11.08.2025,https://baniola.tn/details/23891/peugeot-106-essence-1997.html
Fiat Uno Diesel 2005,99805746 DT,Fiat,,,,,,,60.0,Traction,Citadine,,,Sfax,,,,5.0,5.0,1700.0,,11.08.2025,https://baniola.tn/details/23892/fiat-uno-diesel-2005.html
Chery Tiggo Essence 2020,42500 DT,Chery,,,,,,,136.0,Traction,SUV,,,Ben Arous,,,,5.0,5.0,1997.0,,11.08.2025,https://baniola.tn/details/23893/chery-tiggo-essence-2020.html
Renault Autres Essence 2003,18300 DT,Renault,,,,,,,75.0,Traction,Berline,,,Gabes,,,,5.0,4.0,1390.0,,11.08.2025,https://baniola.tn/details/23894/renault-autres-essence-2003.html
Volkswagen Golf Diesel 1990,10300 DT,Volkswagen,,,,,,,75.0,Traction,Compacte,,,Tunis,,,,5.0,3.0,1588.0,,10.08.2025,https://baniola.tn/details/23831/volkswagen-golf-diesel-1990.html
Kia Picanto Essence 2011,23 DT,Kia,,,,,,,85.0,Traction,Citadine,,,Ben Arous,,,,5.0,5.0,1248.0,,10.08.2025,https://baniola.tn/details/23832/kia-picanto-essence-2011.html
Bmw Serie 5 Essence 1997,17 DT,Bmw,,,,,,,193.0,Propulsion,Berline,,,Sfax,,,,5.0,4.0,2494.0,,10.08.2025,https://baniola.tn/details/23835/bmw-serie-5-essence-1997.html
Jeep Compass Diesel 2012,65000 DT,Jeep,,,,,,,120.0,Intégrale,SUV,,,Medenine,,,,5.0,4.0,1968.0,,10.08.2025,https://baniola.tn/details/23836/jeep-compass-diesel-2012.html
Hyundai Ix35 Diesel 2012,45000 DT,Hyundai,,,,,,,136.0,Intégrale,SUV,,,Sousse,,,,5.0,5.0,1995.0,,10.08.2025,https://baniola.tn/details/23838/hyundai-ix35-diesel-2012.html
Mazda Mazda6 Essence 2017,45 DT,Mazda,,,,,,,145.0,Traction,Berline,,,Ben Arous,,,,5.0,4.0,2488.0,,10.08.2025,https://baniola.tn/details/23841/mazda-mazda6-essence-2017.html
Opel Mokka Essence 2013,41000 DT,Opel,,,,,,,115.0,Traction,SUV,,,Gabes,,,,5.0,5.0,1398.0,,10.08.2025,https://baniola.tn/details/23843/opel-mokka-essence-2013.html
Mitsubishi Pajero Diesel 1999,38000 DT,Mitsubishi,,,,,,,120.0,Intégrale,SUV,,,Ben Arous,,,,7.0,5.0,2800.0,,10.08.2025,https://baniola.tn/details/23833/mitsubishi-pajero-diesel-1999.html
Kia Autre Essence 2021,90000 DT,Kia,,,,,,,120.0,Traction,Berline,,,Manouba,,,,5.0,4.0,1600.0,,10.08.2025,https://baniola.tn/details/23834/kia-autre-essence-2021.html
Jeep Compass Diesel 2012,65000 DT,Jeep,,,,,,,163.0,Intégrale,SUV,,,Medenine,,,,5.0,5.0,1968.0,,10.08.2025,https://baniola.tn/details/23844/jeep-compass-diesel-2012.html
Nissan Qashqai Essence 2015,58000 DT,Nissan,,,,,,,115.0,Traction,SUV,,,Tunis,,,,5.0,5.0,1600.0,,10.08.2025,https://baniola.tn/details/23845/nissan-qashqai-essence-2015.html
Isuzu Autre Diesel 2025,20 DT,Isuzu,,,,,,,140.0,Intégrale,Pick-up,,,Siliana,,,,5.0,4.0,2999.0,,10.08.2025,https://baniola.tn/details/23846/isuzu-autre-diesel-2025.html
Peugeot 208 Essence 2017,35000 DT,Peugeot,,,,,,,82.0,Traction,Compacte,,,Ariana,,,,5.0,5.0,1199.0,,10.08.2025,https://baniola.tn/details/23847/peugeot-208-essence-2017.html
Peugeot 206 Essence 2008,22000 DT,Peugeot,,,,,,,90.0,Traction,Compacte,,,Ariana,,,,5.0,5.0,1587.0,,10.08.2025,https://baniola.tn/details/23848/peugeot-206-essence-2008.html
Citroën C4 Ii Essence 2014,32000 DT,Citroen,,,,,,,120.0,Traction,Berline,,,Mahdia,,,,5.0,4.0,1598.0,,10.08.2025,https://baniola.tn/details/23851/citroen-c4-ii-essence-2014.html
Toyota Corolla Essence 1998,14000 DT,Toyota,,,,,,,105.0,Traction,Berline,,,Ariana,,,,5.0,4.0,1587.0,,10.08.2025,https://baniola.tn/details/23854/toyota-corolla-essence-1998.html
Chery Tiggo Essence 2022,52 DT,Chery,,,,,,,136.0,Traction,SUV,,,Sousse,,,,5.0,5.0,1997.0,,10.08.2025,https://baniola.tn/details/23859/chery-tiggo-essence-2022.html
Kia Picanto Essence 2023,41000 DT,Kia,,,,,,,84.0,Traction,Citadine,,,Ariana,,,,5.0,5.0,1248.0,,10.08.2025,https://baniola.tn/details/23862/kia-picanto-essence-2023.html
Volkswagen Golf Essence 2018,59000 DT,Volkswagen,,,,,,,110.0,Traction,Compacte,,,Ben Arous,,,,5.0,5.0,1600.0,,10.08.2025,https://baniola.tn/details/23863/volkswagen-golf-essence-2018.html
Isuzu D Max Diesel 2025,115000 DT,Isuzu,,,,,,,163.0,Intégrale,Pick-up,,,Gafsa,,,,5.0,4.0,2999.0,,10.08.2025,https://baniola.tn/details/23864/isuzu-d-max-diesel-2025.html
Mercedes Classe Cla Diesel 2016,90000 DT,Mercedes,,,,,,,136.0,Traction,Berline,,,Ben Arous,,,,5.0,4.0,2143.0,,10.08.2025,https://baniola.tn/details/23865/mercedes-classe-cla-diesel-2016.html
Audi A3 Essence 2018,59 DT,Audi,,,,,,,110.0,Traction,Berline,,,Beja,,,,5.0,4.0,1598.0,,10.08.2025,https://baniola.tn/details/23867/audi-a3-essence-2018.html
Citroën C5 Essence 2011,29500 DT,Citroen,,,,,,,127.0,Traction,Berline,,,Manouba,,,,5.0,4.0,1598.0,,10.08.2025,https://baniola.tn/details/23856/citroen-c5-essence-2011.html
Hyundai Grand-I10 Bvm,44000 DT,Hyundai,,,,,,,88.0,Traction,Compacte,,,Tunis,,,,5.0,4.0,1200.0,,10.08.2025,https://baniola.tn/details/23860/hyundai-grand-i10-bvm.html
Volkswagen Scirocco Essence 2010,31 DT,Volkswagen,,,,,,,160.0,Traction,Coupé,,,Ariana,,,,4.0,3.0,1984.0,,10.08.2025,https://baniola.tn/details/23868/volkswagen-scirocco-essence-2010.html
Toyota C-Hr Diesel 2024,24000 DT,Toyota,,,,,,,120.0,Traction,SUV,,,Nabeul,,,,5.0,5.0,1600.0,,10.08.2025,https://baniola.tn/details/23869/toyota-c-hr-diesel-2024.html
Fiat Palio Weekend Essence 2007,16200 DT,Fiat,,,,,,,75.0,Traction,Break,,,Jendouba,,,,5.0,5.0,1150.0,,10.08.2025,https://baniola.tn/details/23870/fiat-palio-weekend-essence-2007.html
Citroën C3 Pluriel Essence 2009,9500 DT,Citroen,,,,,,,60.0,Traction,Cabriolet,,,Ariana,,,,4.0,2.0,1360.0,,10.08.2025,https://baniola.tn/details/23871/citroen-c3-pluriel-essence-2009.html
Citroën Ds4 Diesel 2012,25000 DT,Citroen,,,,,,,112.0,Traction,Compacte,,,Nabeul,,,,5.0,5.0,1560.0,,10.08.2025,https://baniola.tn/details/23873/citroen-ds4-diesel-2012.html
Citroën C3 Essence 2019,38000 DT,Citroen,,,,,,,82.0,Traction,Compacte,,,Ariana,,,,5.0,5.0,1199.0,,10.08.2025,https://baniola.tn/details/23876/citroen-c3-essence-2019.html
Mitsubishi Montero Essence 2002,30000 DT,Mitsubishi,,,,,,,130.0,Intégrale,SUV,,,Tozeur,,,,7.0,5.0,3000.0,,10.08.2025,https://baniola.tn/details/23878/mitsubishi-montero-essence-2002.html
Volkswagen Golf Diesel 2008,27600 DT,Volkswagen,,,,,,,105.0,Traction,Compacte,,,Nabeul,,,,5.0,5.0,1896.0,,10.08.2025,https://baniola.tn/details/23879/volkswagen-golf-diesel-2008.html
Suzuki Swift Essence 2022,35000 DT,Suzuki,,,,,,,90.0,Traction,Compacte,,,Tozeur,,,,5.0,4.0,1200.0,,10.08.2025,https://baniola.tn/details/23880/suzuki-swift-essence-2022.html
Volkswagen Golf 7 Essence 2021,68000 DT,Volkswagen,,,,,,,110.0,Traction,Compacte,,,Tunis,,,,5.0,5.0,1600.0,,10.08.2025,https://baniola.tn/details/23874/volkswagen-golf-7-essence-2021.html
Ford Fiesta Essence 2006,21500 DT,Ford,,,,,,,95.0,Traction,Citadine,,,Bizerte,,,,5.0,5.0,1600.0,,09.08.2025,https://baniola.tn/details/23812/ford-fiesta-essence-2006.html
Mg Autres Essence 2022,52000 DT,MG,,,,,,,120.0,Traction,SUV,,,Ariana,,,,5.0,5.0,1500.0,,09.08.2025,https://baniola.tn/details/23817/mg-autres-essence-2022.html
Ford Mondeo Diesel 2007,43 DT,Ford,,,,,,,115.0,Traction,Berline,,,Tunis,,,,5.0,4.0,1997.0,,09.08.2025,https://baniola.tn/details/23818/ford-mondeo-diesel-2007.html
Toyota Rav 4 Essence 2019,5000 DT,Toyota,,,,,,,147.0,Traction,SUV,,,Kebili,,,,5.0,5.0,1987.0,,09.08.2025,https://baniola.tn/details/23822/toyota-rav-4-essence-2019.html
Mercedes Glc Diesel 2022,250000 DT,Mercedes,,,,,,,170.0,Intégrale,SUV,,,Mahdia,,,,5.0,5.0,1950.0,,09.08.2025,https://baniola.tn/details/23823/mercedes-glc-diesel-2022.html
Citroën Autre Essence 2019,30 DT,Citroen,,,,,,,115.0,Traction,Berline,,,Bizerte,,,,5.0,4.0,1600.0,,09.08.2025,https://baniola.tn/details/23824/citroen-autre-essence-2019.html
Peugeot 308 Essence 2012,32000 DT,Peugeot,,,,,,,120.0,Traction,Berline,,,Manouba,,,,5.0,5.0,1598.0,,09.08.2025,https://baniola.tn/details/23825/peugeot-308-essence-2012.html
Audi A4 Essence 2010,39500 DT,Audi,,,,,,,170.0,Traction,Berline,,,Monastir,,,,5.0,4.0,2000.0,,09.08.2025,https://baniola.tn/details/23826/audi-a4-essence-2010.html
Kia Rio Essence 2011,22 DT,Kia,,,,,,,85.0,Traction,Citadine,,,Ariana,,,,5.0,5.0,1400.0,,09.08.2025,https://baniola.tn/details/23827/kia-rio-essence-2011.html
Peugeot 2008 Essence 2014,37500 DT,Peugeot,,,,,,,120.0,Traction,SUV,,,Kasserine,,,,5.0,5.0,1600.0,,09.08.2025,https://baniola.tn/details/23828/peugeot-2008-essence-2014.html
Dacia Duster Diesel 2015,60000 DT,Dacia,,,,,,,110.0,Traction,SUV,,,Medenine,,,,5.0,5.0,1461.0,,09.08.2025,https://baniola.tn/details/23829/dacia-duster-diesel-2015.html
Mahindra Kuv 100 Essence 2019,27500 DT,Mahindra,,,,,,,85.0,Traction,SUV,,,Sousse,,,,5.0,5.0,1198.0,,08.08.2025,https://baniola.tn/details/23803/mahindra-kuv-100-essence-2019.html
Dacia Dokker Diesel 2016,24000 DT,Dacia,,,,,,,90.0,Traction,Utilitaire,,,Ariana,,,,5.0,5.0,1461.0,,08.08.2025,https://baniola.tn/details/23807/dacia-dokker-diesel-2016.html
Bmw 118 Diesel 2012,80 DT,Bmw,,,,,,,143.0,Traction,Berline,,,Jendouba,,,,5.0,5.0,1995.0,,08.08.2025,https://baniola.tn/details/23809/bmw-118-diesel-2012.html
Ford Ka Essence 2015,24500 DT,Ford,,,,,,,69.0,Traction,Citadine,,,Ben Arous,,,,5.0,3.0,1196.0,,08.08.2025,https://baniola.tn/details/23805/ford-ka-essence-2015.html
Renault Scenic Essence 2012,37000 DT,Renault,,,,,,,110.0,Traction,Monospace,,,Ben Arous,,,,5.0,5.0,1600.0,,08.08.2025,https://baniola.tn/details/23808/renault-scenic-essence-2012.html
Renault Megane Diesel 2009,28900 DT,Renault,,,,,,,105.0,Traction,Berline,,,Monastir,,,,5.0,5.0,1461.0,,07.08.2025,https://baniola.tn/details/23791/renault-megane-diesel-2009.html
Peugeot 205 Essence 1999,6500 DT,Peugeot,,,,,,,75.0,Traction,Compacte,,,Kasserine,,,,5.0,3.0,1360.0,,07.08.2025,https://baniola.tn/details/23793/peugeot-205-essence-1999.html
Audi A3 Sportback Diesel 2011,43900 DT,Audi,,,,,,,105.0,Traction,Compacte,,,Bizerte,,,,5.0,5.0,1968.0,,07.08.2025,https://baniola.tn/details/23795/audi-a3-sportback-diesel-2011.html
Mahindra Kuv 100 Essence 2021,37000 DT,Mahindra,,,,,,,85.0,Traction,SUV,,,Sousse,,,,5.0,5.0,1198.0,,07.08.2025,https://baniola.tn/details/23801/mahindra-kuv-100-essence-2021.html
Audi A4 Essence 2014,51000 DT,Audi,,,,,,,170.0,Traction,Berline,,,Tunis,,,,5.0,4.0,1984.0,,07.08.2025,https://baniola.tn/details/23802/audi-a4-essence-2014.html
Fiat Grande Punto Essence 2013,28800 DT,Fiat,,,,,,,95.0,Traction,Compacte,,,Ariana,,,,5.0,5.0,1248.0,,06.08.2025,https://baniola.tn/details/23779/fiat-grande-punto-essence-2013.html
Citroën Autre Essence 2013,28000 DT,Citroen,,,,,,,90.0,Traction,Berline,,,Sousse,,,,5.0,4.0,1600.0,,06.08.2025,https://baniola.tn/details/23780/citroen-autre-essence-2013.html
Mahindra Kuv 100 Essence 2019,26000 DT,Mahindra,,,,,,,85.0,Traction,SUV,,,Sousse,,,,5.0,5.0,1198.0,,06.08.2025,https://baniola.tn/details/23783/mahindra-kuv-100-essence-2019.html
Peugeot Autres Diesel 2022,80000 DT,Peugeot,,,,,,,130.0,Traction,Berline,,,Ariana,,,,5.0,4.0,1600.0,,05.08.2025,https://baniola.tn/details/23771/peugeot-autres-diesel-2022.html
Toyota Rav 4 Essence 1999,25 DT,Toyota,,,,,,,128.0,Traction,SUV,,,Tunis,,,,5.0,5.0,1998.0,,05.08.2025,https://baniola.tn/details/23773/toyota-rav-4-essence-1999.html
Nissan Qashqai Essence 2019,65 DT,Nissan,,,,,,,115.0,Traction,SUV,,,Ariana,,,,5.0,5.0,1600.0,,05.08.2025,https://baniola.tn/details/23777/nissan-qashqai-essence-2019.html
Mercedes Classe C Diesel 2019,999 DT,Mercedes,,,,,,,163.0,Traction,Berline,,,Tunis,,,,5.0,4.0,1950.0,,05.08.2025,https://baniola.tn/details/23775/mercedes-classe-c-diesel-2019.html
C4 Cactus Essence 2018,39000 DT,Citroen,,,,,,,110.0,Traction,Compacte,,,Ariana,,,,5.0,5.0,1598.0,,04.08.2025,https://baniola.tn/details/23764/c4-cactus-essence-2018.html
Citroën Saxo Essence 1999,11500 DT,Citroen,,,,,,,60.0,Traction,Compacte,,,Kebili,,,,5.0,3.0,1360.0,,04.08.2025,https://baniola.tn/details/23765/citroen-saxo-essence-1999.html
Renault Megane Diesel 2020,58500 DT,Renault,,,,,,,115.0,Traction,Berline,,,,,,,5.0,5.0,1461.0,,04.08.2025,https://baniola.tn/details/23766/renault-megane-diesel-2020.html
Mazda Mazda2 Diesel 2002,13649 DT,Mazda,,,,,,,90.0,Traction,Compacte,,,Monastir,,,,5.0,4.0,1560.0,,04.08.2025,https://baniola.tn/details/23767/mazda-mazda2-diesel-2002.html
Vendre Voiture Iveco Daily Diesel 2023,40000 DT,Iveco,,,,,,,170.0,Propulsion,Utilitaire,,,Nabeul,,,,3.0,2.0,2998.0,,04.08.2025,https://baniola.tn/details/23770/vendre-voiture-iveco-daily-diesel-2023.html
Kia Cerato Essence 2011,32 DT,Kia,,,,,,,130.0,Traction,Berline,,,Sousse,,,,5.0,4.0,1600.0,,03.08.2025,https://baniola.tn/details/23753/kia-cerato-essence-2011.html
Renault Megane Diesel 2007,22500 DT,Renault,,,,,,,105.0,Traction,Berline,,,Sfax,,,,5.0,4.0,1461.0,,03.08.2025,https://baniola.tn/details/23754/renault-megane-diesel-2007.html
Mercedes Classe E Diesel 2010,64000 DT,Mercedes,,,,,,,204.0,Propulsion,Berline,,,Mahdia,,,,5.0,4.0,2987.0,,03.08.2025,https://baniola.tn/details/23756/mercedes-classe-e-diesel-2010.html
Volkswagen Polo Essence 2004,15500 DT,Volkswagen,,,,,,,75.0,Traction,Compacte,,,Ariana,,,,5.0,3.0,1200.0,,03.08.2025,https://baniola.tn/details/23757/volkswagen-polo-essence-2004.html
Jeep Renegade Essence 2020 Edition Black,100000 DT,Jeep,,,,,,,180.0,Intégrale,SUV,,,Gabes,,,,5.0,5.0,1368.0,,03.08.2025,https://baniola.tn/details/23752/jeep-renegade-essence-2020-edition-black.html
Peugeot 208 Essence 2016,28000 DT,Peugeot,,,,,,,82.0,Traction,Compacte,,,Sousse,,,,5.0,5.0,1199.0,,02.08.2025,https://baniola.tn/details/23740/peugeot-208-essence-2016.html
Peugeot 406 Essence 1998,20000 DT,Peugeot,,,,,,,136.0,Traction,Berline,,,Gafsa,,,,5.0,4.0,1998.0,,02.08.2025,https://baniola.tn/details/23742/peugeot-406-essence-1998.html
Fiat Panda Essence 2009,23000 DT,Fiat,,,,,,,60.0,Traction,Citadine,,,Ben Arous,,,,5.0,5.0,1200.0,,02.08.2025,https://baniola.tn/details/23744/fiat-panda-essence-2009.html
Ford Fiesta Essence 2014,31500 DT,Ford,,,,,,,82.0,Traction,Citadine,,,Kasserine,,,,5.0,5.0,1200.0,,02.08.2025,https://baniola.tn/details/23745/ford-fiesta-essence-2014.html
Honda Civic Essence 2018,73000 DT,Honda,,,,,,,158.0,Traction,Berline,,,Ben Arous,,,,5.0,4.0,1600.0,,02.08.2025,https://baniola.tn/details/23746/honda-civic-essence-2018.html
Kia Rio Essence 2011,24000 DT,Kia,,,,,,,85.0,Traction,Citadine,,,Ariana,,,,5.0,5.0,1400.0,,02.08.2025,https://baniola.tn/details/23747/kia-rio-essence-2011.html
Audi A4 Essence 2005,26000000 DT,Audi,,,,,,,130.0,Traction,Berline,,,Beja,,,,5.0,4.0,1595.0,,01.08.2025,https://baniola.tn/details/23730/audi-a4-essence-2005.html
Renault Captur Essence 2015,36500 DT,Renault,,,,,,,90.0,Traction,SUV,,,Tunis,,,,5.0,5.0,1197.0,,01.08.2025,https://baniola.tn/details/23731/renault-captur-essence-2015.html
Mg Autres Essence 2017,39000 DT,MG,,,,,,,120.0,Traction,Berline,,,Gafsa,,,,5.0,4.0,1500.0,,01.08.2025,https://baniola.tn/details/23735/mg-autres-essence-2017.html
Volkswagen Tiguan Essence 2015,75000 DT,Volkswagen,,,,,,,140.0,Traction,SUV,,,Ben Arous,,,,5.0,5.0,1984.0,,01.08.2025,https://baniola.tn/details/23736/volkswagen-tiguan-essence-2015.html
Kia Rio Essence 2012,34000 DT,Kia,,,,,,,87.0,Traction,Citadine,,,Sfax,,,,5.0,5.0,1400.0,,31.07.2025,https://baniola.tn/details/23721/kia-rio-essence-2012.html
Audi A4 Essence 2014,44000 DT,Audi,,,,,,,170.0,Traction,Berline,,,Ben Arous,,,,5.0,4.0,1984.0,,31.07.2025,https://baniola.tn/details/23722/audi-a4-essence-2014.html
Audi Q5,59000 DT,Audi,,,,,,,190.0,Intégrale,SUV,,,Manouba,,,,5.0,5.0,1984.0,,31.07.2025,https://baniola.tn/details/23726/audi-q5.html
Volkswagen Passat Cc Essence 2015,59000 DT,Volkswagen,,,,,,,160.0,Traction,Berline,,,Kebili,,,,5.0,4.0,1984.0,,31.07.2025,https://baniola.tn/details/23727/volkswagen-passat-cc-essence-2015.html
Audi 80 Essence 1990,12000 DT,Audi,,,,,,,75.0,Traction,Berline,,,Tunis,,,,5.0,4.0,1781.0,,30.07.2025,https://baniola.tn/details/23716/audi-80-essence-1990.html
Fiat 500 Essence 2012,30000 DT,Fiat,,,,,,,69.0,Traction,Citadine,,,Sfax,,,,4.0,3.0,1242.0,,30.07.2025,https://baniola.tn/details/23717/fiat-500-essence-2012.html
Hyundai I20 Essence 2022,69000 DT,Hyundai,,,,,,,84.0,Traction,Compacte,,,Medenine,,,,5.0,5.0,1200.0,,30.07.2025,https://baniola.tn/details/23718/hyundai-i20-essence-2022.html
Dacia Logan Diesel 2012,14900 DT,Dacia,,,,,,,70.0,Traction,Berline,,,Manouba,,,,5.0,4.0,1461.0,,29.07.2025,https://baniola.tn/details/23710/dacia-logan-diesel-2012.html
Citroën C3 Ii Essence 2018,36 DT,Citroen,,,,,,,82.0,Traction,Compacte,,,Tunis,,,,5.0,5.0,1199.0,,29.07.2025,https://baniola.tn/details/23711/citroen-c3-ii-essence-2018.html
Volkswagen Golf 2 Essence 1989,8 DT,Volkswagen,,,,,,,72.0,Traction,Compacte,,,Ben Arous,,,,5.0,3.0,1272.0,,29.07.2025,https://baniola.tn/details/23712/volkswagen-golf-2-essence-1989.html
Chery Qq Essence 2017,23500 DT,Chery,,,,,,,60.0,Traction,Citadine,,,Tunis,,,,4.0,4.0,812.0,,28.07.2025,https://baniola.tn/details/23705/chery-qq-essence-2017.html
Renault Captur Essence 2016,36000 DT,Renault,,,,,,,90.0,Traction,SUV,,,Gafsa,,,,5.0,5.0,1197.0,,27.07.2025,https://baniola.tn/details/23690/renault-captur-essence-2016.html
Peugeot 407 Essence 2005,20000 DT,Peugeot,,,,,,,160.0,Traction,Berline,,,Sfax,,,,5.0,4.0,1997.0,,26.07.2025,https://baniola.tn/details/23679/peugeot-407-essence-2005.html
Peugeot 5008 Diesel 2018,110000 DT,Peugeot,,,,,,,120.0,Traction,SUV,,,Gabes,,,,7.0,5.0,1560.0,,26.07.2025,https://baniola.tn/details/23680/peugeot-5008-diesel-2018.html
Fiat Punto Essence 2008,17800 DT,Fiat,,,,,,,77.0,Traction,Compacte,,,Bizerte,,,,5.0,5.0,1248.0,,26.07.2025,https://baniola.tn/details/23683/fiat-punto-essence-2008.html
Isuzu D-Max Diesel,1 DT,Isuzu,,,,,,,163.0,Intégrale,Pick-up,,,Nabeul,,,,5.0,4.0,2999.0,,26.07.2025,https://baniola.tn/details/23685/isuzu-d-max-diesel.html
Isuzu D Max Diesel 2017,1 DT,Isuzu,,,,,,,163.0,Intégrale,Pick-up,,,Nabeul,,,,5.0,4.0,2999.0,,26.07.2025,https://baniola.tn/details/23687/isuzu-d-max-diesel-2017.html
Opel Astra Essence 2001,19000 DT,Opel,,,,,,,90.0,Traction,Berline,,,Tunis,,,,5.0,4.0,1598.0,,26.07.2025,https://baniola.tn/details/23688/opel-astra-essence-2001.html
Fiat Autre Essence 2009,22000 DT,Fiat,,,,,,,90.0,Traction,Berline,,,Tunis,,,,5.0,4.0,1200.0,,26.07.2025,https://baniola.tn/details/23689/fiat-autre-essence-2009.html
Citroën C4 Essence 2018,35000 DT,Citroen,,,,,,,120.0,Traction,Berline,,,Gabes,,,,5.0,4.0,1600.0,,24.07.2025,https://baniola.tn/details/23665/citroen-c4-essence-2018.html
Datsun Autre Essence 2014,120 DT,Datsun,,,,,,,87.0,Traction,Berline,,,Ben Arous,,,,5.0,4.0,1198.0,,24.07.2025,https://baniola.tn/details/23667/datsun-autre-essence-2014.html
Peugeot 508 Hybride 2021,130000 DT,Peugeot,,,,,,,225.0,Traction,Berline,,,Medenine,,,,5.0,4.0,1600.0,,24.07.2025,https://baniola.tn/details/23669/peugeot-508-hybride-2021.html
Mercedes Classe E Essence,58000 DT,Mercedes,,,,,,,184.0,Traction,Berline,,,Sousse,,,,5.0,4.0,1991.0,,24.07.2025,https://baniola.tn/details/23670/mercedes-classe-e-essence.html
Fiat Doblo Diesel 2021,38000 DT,Fiat,,,,,,,95.0,Traction,Utilitaire,,,Tunis,,,,5.0,5.0,1600.0,,24.07.2025,https://baniola.tn/details/23671/fiat-doblo-diesel-2021.html
Ford Ranger Diesel 2017,65 DT,Ford,,,,,,,160.0,Intégrale,Pick-up,,,Mahdia,,,,5.0,4.0,3200.0,,24.07.2025,https://baniola.tn/details/23673/ford-ranger-diesel-2017.html
Peugeot 208 Essence 2013,26000 DT,Peugeot,,,,,,,95.0,Traction,Compacte,,,Tunis,,,,5.0,5.0,1598.0,,24.07.2025,https://baniola.tn/details/23672/peugeot-208-essence-2013.html
Land Rover Range Rover Sport Diesel 2016,187000 DT,Land rover,,,,,,,258.0,Intégrale,SUV,,,Ariana,,,,5.0,5.0,2993.0,,23.07.2025,https://baniola.tn/details/23662/land-rover-range-rover-sport-diesel-2016.html
Renault Autres Essence 2010,25 DT,Renault,,,,,,,105.0,Traction,Berline,,,Sousse,,,,5.0,4.0,1600.0,,22.07.2025,https://baniola.tn/details/23652/renault-autres-essence-2010.html
Volkswagen Golf Essence 2019,65 DT,Volkswagen,,,,,,,110.0,Traction,Compacte,,,Monastir,,,,5.0,5.0,1600.0,,22.07.2025,https://baniola.tn/details/23653/volkswagen-golf-essence-2019.html
Ford Fiesta Essence 2019,35500 DT,Ford,,,,,,,85.0,Traction,Compacte,,,Tunis,,,,5.0,5.0,1200.0,,22.07.2025,https://baniola.tn/details/23654/ford-fiesta-essence-2019.html
Peugeot 3008 Essence 2016,50000 DT,Peugeot,,,,,,,165.0,Traction,SUV,,,Bizerte,,,,5.0,5.0,1600.0,,22.07.2025,https://baniola.tn/details/23660/peugeot-3008-essence-2016.html
Mercedes Amg Gt Essence 2017,1 DT,Mercedes,,,,,,,469.0,Propulsion,Coupé,,,Ben Arous,,,,2.0,2.0,3982.0,,22.07.2025,https://baniola.tn/details/23655/mercedes-amg-gt-essence-2017.html
Hyundai I10 Essence 2021,41000 DT,Hyundai,,,,,,,67.0,Traction,Citadine,,,Sousse,,,,5.0,5.0,998.0,,21.07.2025,https://baniola.tn/details/23650/hyundai-i10-essence-2021.html
Citroën C3 Diesel 2019,123 DT,Citroen,,,,,,,68.0,Traction,Compacte,,,Sfax,,,,5.0,5.0,1560.0,,20.07.2025,https://baniola.tn/details/23642/citroen-c3-diesel-2019.html
Peugeot 206 Essence 2004,14500 DT,Peugeot,,,,,,,95.0,Traction,Compacte,,,Zaghouan,,,,5.0,5.0,1587.0,,20.07.2025,https://baniola.tn/details/23644/peugeot-206-essence-2004.html
Renault Clio Essence 2024,22 DT,Renault,,,,,,,90.0,Traction,Compacte,,,Tunis,,,,5.0,5.0,1200.0,,20.07.2025,https://baniola.tn/details/23645/renault-clio-essence-2024.html
Opel Astra Diesel 2004,22 DT,Opel,,,,,,,90.0,Traction,Berline,,,Ben Arous,,,,5.0,4.0,1700.0,,19.07.2025,https://baniola.tn/details/23636/opel-astra-diesel-2004.html
Toyota Yaris Essence 2021,63000 DT,Toyota,,,,,,,95.0,Traction,Citadine,,,Le Kef,,,,5.0,5.0,1490.0,,19.07.2025,https://baniola.tn/details/23637/toyota-yaris-essence-2021.html
Volkswagen Polo Essence 2010,24600 DT,Volkswagen,,,,,,,85.0,Traction,Compacte,,,Medenine,,,,5.0,5.0,1198.0,,19.07.2025,https://baniola.tn/details/23638/volkswagen-polo-essence-2010.html
Kia Rio Essence 2010,47000 DT,Kia,,,,,,,109.0,Traction,Citadine,,,Gabes,,,,5.0,5.0,1396.0,,19.07.2025,https://baniola.tn/details/23640/kia-rio-essence-2010.html
Suzuki Celerio Essence 2024,37 DT,Suzuki,,,,,,,68.0,Traction,Citadine,,,,,,,5.0,4.0,998.0,,18.07.2025,https://baniola.tn/details/23630/suzuki-celerio-essence-2024.html
Audi A5 Essence 2018,100 DT,Audi,,,,,,,190.0,Propulsion,Coupé,,,Sousse,,,,4.0,2.0,1984.0,,18.07.2025,https://baniola.tn/details/23631/audi-a5-essence-2018.html
Fiat Punto Essence 2012,19 DT,Fiat,,,,,,,77.0,Traction,Compacte,,,Ben Arous,,,,5.0,5.0,1248.0,,18.07.2025,https://baniola.tn/details/23633/fiat-punto-essence-2012.html
Fiat Fiorino Qubo Diesel 2009,26000 DT,Fiat,,,,,,,75.0,Traction,Utilitaire,,,Nabeul,,,,5.0,5.0,1600.0,,18.07.2025,https://baniola.tn/details/23634/fiat-fiorino-qubo-diesel-2009.html
Peugeot Autres Diesel 2017,8000 DT,Peugeot,,,,,,,115.0,Traction,Berline,,,Monastir,,,,5.0,4.0,1560.0,,18.07.2025,https://baniola.tn/details/23635/peugeot-autres-diesel-2017.html
Fiat Doblo Diesel 2009,19 DT,Fiat,,,,,,,120.0,Traction,Utilitaire,,,Zaghouan,,,,5.0,5.0,2000.0,,17.07.2025,https://baniola.tn/details/23621/fiat-doblo-diesel-2009.html
Citroën C4 Cactus Essence 2018,39 DT,Citroen,,,,,,,130.0,Traction,Compacte,,,Nabeul,,,,5.0,5.0,1598.0,,17.07.2025,https://baniola.tn/details/23627/citroen-c4-cactus-essence-2018.html
Škoda Kushaq 1. 0 Tsi Style Bva Essence 2024 Encore Sous ...,87999 DT,Skoda,,,,,,,110.0,Traction,SUV,,,Monastir,,,,5.0,5.0,999.0,,17.07.2025,https://baniola.tn/details/23628/skoda-kushaq-1-0-tsi-style-bva-essence-2024-encore-sous-garentie-avec-systeme-d-alarme-métasystem.html
Ford Figo Essence 2013,23 DT,Ford,,,,,,,85.0,Traction,Compacte,,,Sousse,,,,5.0,4.0,1400.0,,16.07.2025,https://baniola.tn/details/23610/ford-figo-essence-2013.html
Volkswagen Passat Essence 2015 0 Défaut,46 DT,Volkswagen,,,,,,,160.0,Traction,Berline,,,Gafsa,,,,5.0,4.0,1600.0,,16.07.2025,https://baniola.tn/details/23613/volkswagen-passat-essence-2015-0-défaut.html
Nissan Qashqai Diesel 2018,69500 DT,Nissan,,,,,,,130.0,Traction,SUV,,,Ariana,,,,5.0,5.0,1598.0,,16.07.2025,https://baniola.tn/details/23614/nissan-qashqai-diesel-2018.html
Volkswagen Golf Essence 2013,45000 DT,Volkswagen,,,,,,,105.0,Traction,Compacte,,,Sfax,,,,5.0,5.0,1600.0,,16.07.2025,https://baniola.tn/details/23616/volkswagen-golf-essence-2013.html
Mitsubishi Autres Diesel 2002,24000 DT,Mitsubishi,,,,,,,90.0,Traction,Berline,,,Zaghouan,,,,5.0,4.0,2500.0,,16.07.2025,https://baniola.tn/details/23617/mitsubishi-autres-diesel-2002.html
Audi A4 Essence 2003,20 DT,Audi,,,,,,,130.0,Traction,Berline,,,Sidi Bouzid,,,,5.0,4.0,1896.0,,16.07.2025,https://baniola.tn/details/23618/audi-a4-essence-2003.html
Fiat Tipo Essence 2020,42000 DT,Fiat,,,,,,,95.0,Traction,Berline,,,Ariana,,,,5.0,4.0,1368.0,,16.07.2025,https://baniola.tn/details/23619/fiat-tipo-essence-2020.html
Fiat Palio Weekend Essence 2000,18000 DT,Fiat,,,,,,,75.0,Traction,Break,,,Bizerte,,,,5.0,5.0,1242.0,,16.07.2025,https://baniola.tn/details/23620/fiat-palio-weekend-essence-2000.html
Dacia Dokker Diesel 2019,30000 DT,Dacia,,,,,,,90.0,Traction,Utilitaire,,,Ben Arous,,,,5.0,5.0,1461.0,,15.07.2025,https://baniola.tn/details/23599/dacia-dokker-diesel-2019.html
Citroën C3 Essence 2009,20000 DT,Citroen,,,,,,,60.0,Traction,Compacte,,,Manouba,,,,5.0,5.0,1199.0,,15.07.2025,https://baniola.tn/details/23600/citroen-c3-essence-2009.html
Nissan Juke Diesel 2013,50000 DT,Nissan,,,,,,,110.0,Traction,SUV,,,,,,,5.0,5.0,1461.0,,15.07.2025,https://baniola.tn/details/23603/nissan-juke-diesel-2013.html
Renault Captur Essence 2016,36 DT,Renault,,,,,,,90.0,Traction,SUV,,,Gafsa,,,,5.0,5.0,1197.0,,15.07.2025,https://baniola.tn/details/23605/renault-captur-essence-2016.html
Chery Qq Essence 2019,22 DT,Chery,,,,,,,60.0,Traction,Citadine,,,Sfax,,,,4.0,4.0,812.0,,15.07.2025,https://baniola.tn/details/23606/chery-qq-essence-2019.html
Peugeot 508 Diesel 2013,48000 DT,Peugeot,,,,,,,163.0,Traction,Berline,,,Mahdia,,,,5.0,4.0,1997.0,,14.07.2025,https://baniola.tn/details/23587/peugeot-508-diesel-2013.html
Peugeot 308 Diesel 2019,50500 DT,Peugeot,,,,,,,130.0,Traction,Berline,,,Tunis,,,,5.0,5.0,1560.0,,14.07.2025,https://baniola.tn/details/23589/peugeot-308-diesel-2019.html
Kia Sportage Essence 2022,1111 DT,Kia,,,,,,,115.0,Traction,SUV,,,Tunis,,,,5.0,5.0,1600.0,,14.07.2025,https://baniola.tn/details/23592/kia-sportage-essence-2022.html
Volkswagen Polo Essence 2001,16500 DT,Volkswagen,,,,,,,75.0,Traction,Compacte,,,Sfax,,,,5.0,3.0,1200.0,,14.07.2025,https://baniola.tn/details/23593/volkswagen-polo-essence-2001.html
Volkswagen Polo Essence 2008,20 DT,Volkswagen,,,,,,,85.0,Traction,Compacte,,,Ariana,,,,5.0,5.0,1598.0,,14.07.2025,https://baniola.tn/details/23595/volkswagen-polo-essence-2008.html
Renault Twingo Essence 2017,23500 DT,Renault,,,,,,,70.0,Traction,Citadine,,,Tunis,,,,4.0,3.0,1200.0,,14.07.2025,https://baniola.tn/details/23596/renault-twingo-essence-2017.html
Dacia Dokker Diesel 2020,30 DT,Dacia,,,,,,,90.0,Traction,Utilitaire,,,Ben Arous,,,,5.0,5.0,1461.0,,13.07.2025,https://baniola.tn/details/23573/dacia-dokker-diesel-2020.html
Fiat Punto Essence 2008,19191991 DT,Fiat,,,,,,,77.0,Traction,Compacte,,,Zaghouan,,,,5.0,5.0,1248.0,,13.07.2025,https://baniola.tn/details/23574/fiat-punto-essence-2008.html
Toyota Autres Diesel 2008,78 DT,Toyota,,,,,,,90.0,Traction,Berline,,,Tunis,,,,5.0,4.0,2000.0,,13.07.2025,https://baniola.tn/details/23575/toyota-autres-diesel-2008.html
Renault Captur Essence 2018,54000 DT,Renault,,,,,,,115.0,Traction,SUV,,,Tunis,,,,5.0,5.0,1197.0,,13.07.2025,https://baniola.tn/details/23576/renault-captur-essence-2018.html
Renault Express Diesel 2022,43000 DT,Renault,,,,,,,75.0,Traction,Utilitaire,,,Tunis,,,,2.0,5.0,1461.0,,13.07.2025,https://baniola.tn/details/23579/renault-express-diesel-2022.html
Citroën Berlingo Diesel 2020,25000 DT,Citroen,,,,,,,130.0,Traction,Utilitaire,,,Le Kef,,,,5.0,5.0,1560.0,,13.07.2025,https://baniola.tn/details/23580/citroen-berlingo-diesel-2020.html
Nissan Juke Diesel 2014,47500 DT,Nissan,,,,,,,110.0,Traction,SUV,,,Tunis,,,,5.0,5.0,1461.0,,13.07.2025,https://baniola.tn/details/23578/nissan-juke-diesel-2014.html
Peugeot 206 Essence 2003,16 DT,Peugeot,,,,,,,95.0,Traction,Compacte,,,Monastir,,,,5.0,5.0,1587.0,,13.07.2025,https://baniola.tn/details/23585/peugeot-206-essence-2003.html
Kia Rio Essence 2020,57 DT,Kia,,,,,,,84.0,Traction,Compacte,,,Ariana,,,,5.0,5.0,1400.0,,13.07.2025,https://baniola.tn/details/23586/kia-rio-essence-2020.html
Renault Megane Essence 1998,11300 DT,Renault,,,,,,,95.0,Traction,Berline,,,Sfax,,,,5.0,4.0,1598.0,,12.07.2025,https://baniola.tn/details/23561/renault-megane-essence-1998.html
Chery Tiggo Essence 2020,40000 DT,Chery,,,,,,,136.0,Traction,SUV,,,Sfax,,,,5.0,5.0,1997.0,,12.07.2025,https://baniola.tn/details/23564/chery-tiggo-essence-2020.html
Renault Clio Essence 2017,32000 DT,Renault,,,,,,,75.0,Traction,Compacte,,,Tunis,,,,5.0,5.0,1200.0,,12.07.2025,https://baniola.tn/details/23567/renault-clio-essence-2017.html
Geely Gx3 Bva,54500 DT,Mega,,,,,,,120.0,Traction,SUV,,,Tunis,,,,5.0,5.0,1500.0,,12.07.2025,https://baniola.tn/details/23568/geely-gx3-bva.html
Renault Clio Essence 1997,11200 DT,Renault,,,,,,,75.0,Traction,Compacte,,,Bizerte,,,,5.0,3.0,1171.0,,12.07.2025,https://baniola.tn/details/23570/renault-clio-essence-1997.html
Tiguan Mazout 2014,70000 DT,Volkswagen,,,,,,,140.0,Intégrale,SUV,,,Mahdia,,,,5.0,5.0,1968.0,,12.07.2025,https://baniola.tn/details/23571/tiguan-mazout-2014.html
Renault Autres Diesel 2000,17000 DT,Renault,,,,,,,70.0,Traction,Berline,,,Monastir,,,,5.0,4.0,1461.0,,11.07.2025,https://baniola.tn/details/23556/renault-autres-diesel-2000.html
Peugeot 4*4 Pick-Up,68000 DT,Peugeot,,,,,,,100.0,Intégrale,Pick-up,,,Medenine,,,,5.0,4.0,1587.0,,11.07.2025,https://baniola.tn/details/23558/peugeot-4-4-pick-up.html
Peugeot Partner Diesel 2006,18000 DT,Peugeot,,,,,,,70.0,Traction,Utilitaire,,,Tunis,,,,2.0,5.0,1600.0,,11.07.2025,https://baniola.tn/details/23559/peugeot-partner-diesel-2006.html
Renault Megane Diesel 2006,15 DT,Renault,,,,,,,80.0,Traction,Berline,,,,,,,5.0,4.0,1461.0,,11.07.2025,https://baniola.tn/details/23560/renault-megane-diesel-2006.html
Chevrolet Aveo Essence 2012,22 DT,Chevrolet,,,,,,,85.0,Traction,Berline,,,Monastir,,,,5.0,4.0,1399.0,,10.07.2025,https://baniola.tn/details/23547/chevrolet-aveo-essence-2012.html
Renault Megane Diesel 2012,57000 DT,Renault,,,,,,,110.0,Traction,Berline,,,Sfax,,,,5.0,5.0,1461.0,,10.07.2025,https://baniola.tn/details/23553/renault-megane-diesel-2012.html
Seat Autres Hybride 2021,120000 DT,Seat,,,,,,,115.0,Traction,Compacte,,,Jendouba,,,,5.0,5.0,1498.0,,09.07.2025,https://baniola.tn/details/23536/seat-autres-hybride-2021.html
Kia Picanto Essence 2021,48000 DT,Kia,,,,,,,84.0,Traction,Citadine,,,Medenine,,,,5.0,5.0,1248.0,,09.07.2025,https://baniola.tn/details/23538/kia-picanto-essence-2021.html
Renault Clio Essence 2021,39 DT,Renault,,,,,,,90.0,Traction,Compacte,,,Tunis,,,,5.0,5.0,1200.0,,09.07.2025,https://baniola.tn/details/23542/renault-clio-essence-2021.html
Volkswagen Golf 8 Essence 2021,76000 DT,Volkswagen,,,,,,,110.0,Traction,Compacte,,,Mahdia,,,,5.0,5.0,1000.0,,09.07.2025,https://baniola.tn/details/23543/volkswagen-golf-8-essence-2021.html
Peugeot 208 Essence 2016,28500 DT,Peugeot,,,,,,,82.0,Traction,Compacte,,,Bizerte,,,,5.0,5.0,1199.0,,08.07.2025,https://baniola.tn/details/23523/peugeot-208-essence-2016.html
Nissan Qashqai,70000000 DT,Nissan,,,,,,,115.0,Traction,SUV,,,Ariana,,,,5.0,5.0,1600.0,,08.07.2025,https://baniola.tn/details/23525/nissan-qashqai.html
Fiat Panda Essence 2020,40000 DT,Fiat,,,,,,,69.0,Traction,Citadine,,,Tunis,,,,5.0,5.0,999.0,,08.07.2025,https://baniola.tn/details/23527/fiat-panda-essence-2020.html
Renault Clio Essence 2021,39000 DT,Renault,,,,,,,90.0,Traction,Compacte,,,Tunis,,,,5.0,5.0,1200.0,,08.07.2025,https://baniola.tn/details/23528/renault-clio-essence-2021.html
Mitsubishi Autres Essence 2022,36000 DT,Mitsubishi,,,,,,,120.0,Traction,SUV,,,,,,,5.0,5.0,1600.0,,08.07.2025,https://baniola.tn/details/23530/mitsubishi-autres-essence-2022.html
Citroën Berlingo Diesel 2015,32 DT,Citroen,,,,,,,90.0,Traction,Utilitaire,,,Sousse,,,,5.0,5.0,1560.0,,08.07.2025,https://baniola.tn/details/23532/citroen-berlingo-diesel-2015.html
Seat Ibiza Essence 2020,42 DT,Seat,,,,,,,95.0,Traction,Compacte,,,Sfax,,,,5.0,5.0,999.0,,08.07.2025,https://baniola.tn/details/23534/seat-ibiza-essence-2020.html
Peugeot 308 Essence 2010,27000 DT,Peugeot,,,,,,,118.0,Traction,Berline,,,Sfax,,,,5.0,5.0,1598.0,,08.07.2025,https://baniola.tn/details/23535/peugeot-308-essence-2010.html
Mitsubishi Colt Diesel 2008,14800 DT,Mitsubishi,,,,,,,95.0,Traction,Berline,,,Sousse,,,,5.0,4.0,1582.0,,07.07.2025,https://baniola.tn/details/23511/mitsubishi-colt-diesel-2008.html
Fiat Autre Essence 2005,18500 DT,Fiat,,,,,,,75.0,Traction,Berline,,,Monastir,,,,5.0,4.0,1200.0,,07.07.2025,https://baniola.tn/details/23516/fiat-autre-essence-2005.html
Mercedes Classe M Diesel 2007,62 DT,Mercedes,,,,,,,165.0,Propulsion,SUV,,,Ariana,,,,5.0,5.0,2987.0,,07.07.2025,https://baniola.tn/details/23519/mercedes-classe-m-diesel-2007.html
Chery Qq Essence 2021,111 DT,Chery,,,,,,,60.0,Traction,Citadine,,,Sfax,,,,4.0,4.0,812.0,,07.07.2025,https://baniola.tn/details/23518/chery-qq-essence-2021.html
Peugeot 309 Essence 1991,7000 DT,Peugeot,,,,,,,65.0,Traction,Berline,,,Zaghouan,,,,5.0,4.0,1360.0,,06.07.2025,https://baniola.tn/details/23497/peugeot-309-essence-1991.html
Opel Corsa Essence 2009,23500 DT,Opel,,,,,,,70.0,Traction,Compacte,,,Ariana,,,,5.0,3.0,1200.0,,06.07.2025,https://baniola.tn/details/23500/opel-corsa-essence-2009.html
Alfa Romeo Mito Essence 2016,34000 DT,Alfa romeo,,,,,,,78.0,Traction,Compacte,,,Tunis,,,,5.0,3.0,875.0,,06.07.2025,https://baniola.tn/details/23502/alfa-romeo-mito-essence-2016.html
Opel Crossland X Essence 2022,53000 DT,Opel,,,,,,,110.0,Traction,SUV,,,Tunis,,,,5.0,5.0,1200.0,,06.07.2025,https://baniola.tn/details/23503/opel-crossland-x-essence-2022.html
Citroën C4 Essence 2012,29000 DT,Citroen,,,,,,,120.0,Traction,Berline,,,Ben Arous,,,,5.0,4.0,1598.0,,06.07.2025,https://baniola.tn/details/23506/citroen-c4-essence-2012.html
Toyota Yaris Essence 2012,31000 DT,Toyota,,,,,,,99.0,Traction,Citadine,,,Tunis,,,,5.0,5.0,1497.0,,06.07.2025,https://baniola.tn/details/23507/toyota-yaris-essence-2012.html
Mahindra Kuv 100 Essence 2021,32 DT,Mahindra,,,,,,,85.0,Traction,SUV,,,Tunis,,,,5.0,5.0,1198.0,,06.07.2025,https://baniola.tn/details/23509/mahindra-kuv-100-essence-2021.html
Ssangyong Actyon Diesel 2017,25000 DT,Ssangyong,,,,,,,175.0,Intégrale,SUV,,,Tunis,,,,5.0,5.0,1998.0,,05.07.2025,https://baniola.tn/details/23491/ssangyong-actyon-diesel-2017.html
Peugeot 306 Diesel 1999,11000 DT,Peugeot,,,,,,,90.0,Traction,Berline,,,Tunis,,,,5.0,4.0,1905.0,,05.07.2025,https://baniola.tn/details/23492/peugeot-306-diesel-1999.html
Citroën C3 Essence 2009,210000 DT,Citroen,,,,,,,60.0,Traction,Compacte,,,Manouba,,,,5.0,5.0,1199.0,,05.07.2025,https://baniola.tn/details/23493/citroen-c3-essence-2009.html
Seat Leon Essence 2014,42500 DT,Seat,,,,,,,105.0,Traction,Berline,,,Ariana,,,,5.0,5.0,1600.0,,05.07.2025,https://baniola.tn/details/23495/seat-leon-essence-2014.html
Suzuki Celerio Essence 2020,30000 DT,Suzuki,,,,,,,68.0,Traction,Citadine,,,Tunis,,,,5.0,4.0,998.0,,05.07.2025,https://baniola.tn/details/23496/suzuki-celerio-essence-2020.html
Peugeot 308 Diesel 2021,51 DT,Peugeot,,,,,,,130.0,Traction,Berline,,,Nabeul,,,,5.0,5.0,1600.0,,04.07.2025,https://baniola.tn/details/23481/peugeot-308-diesel-2021.html
Volkswagen Polo Essence 2019,33000 DT,Volkswagen,,,,,,,90.0,Traction,Compacte,,,Tunis,,,,5.0,5.0,1197.0,,04.07.2025,https://baniola.tn/details/23482/volkswagen-polo-essence-2019.html
Peugeot 208 Essence 2018,39000 DT,Peugeot,,,,,,,82.0,Traction,Compacte,,,Ariana,,,,5.0,5.0,1199.0,,04.07.2025,https://baniola.tn/details/23484/peugeot-208-essence-2018.html
Chery A3 Essence 2016,30000 DT,Chery,,,,,,,107.0,Traction,Berline,,,Ben Arous,,,,5.0,4.0,1597.0,,04.07.2025,https://baniola.tn/details/23485/chery-a3-essence-2016.html
Renault Clio Essence 2015,35000 DT,Renault,,,,,,,75.0,Traction,Compacte,,,Gafsa,,,,5.0,5.0,1200.0,,04.07.2025,https://baniola.tn/details/23487/renault-clio-essence-2015.html
Kia Cerato Essence 2013,36000 DT,Kia,,,,,,,130.0,Traction,Berline,,,Monastir,,,,5.0,4.0,1600.0,,04.07.2025,https://baniola.tn/details/23489/kia-cerato-essence-2013.html
Chery Tiggo Essence 2020,45000 DT,Chery,,,,,,,136.0,Traction,SUV,,,Ariana,,,,5.0,5.0,1997.0,,03.07.2025,https://baniola.tn/details/23465/chery-tiggo-essence-2020.html
Volkswagen Golf Essence 2012,37000000 DT,Volkswagen,,,,,,,105.0,Traction,Compacte,,,Le Kef,,,,5.0,5.0,1600.0,,03.07.2025,https://baniola.tn/details/23470/volkswagen-golf-essence-2012.html
Kia Rio Essence 2020,49500 DT,Kia,,,,,,,84.0,Traction,Citadine,,,Tunis,,,,5.0,5.0,1400.0,,03.07.2025,https://baniola.tn/details/23472/kia-rio-essence-2020.html
Bmw 116 Essence 2011,42000 DT,Bmw,,,,,,,136.0,Traction,Berline,,,Ben Arous,,,,5.0,5.0,1995.0,,03.07.2025,https://baniola.tn/details/23474/bmw-116-essence-2011.html
Ssangyong Tivoli Essence 2017,48000 DT,Ssangyong,,,,,,,163.0,Traction,SUV,,,Tunis,,,,5.0,5.0,1600.0,,03.07.2025,https://baniola.tn/details/23471/ssangyong-tivoli-essence-2017.html
Citroën C3 Essence 2009,210000 DT,Citroen,,,,,,,60.0,Traction,Compacte,,,Manouba,,,,5.0,5.0,1199.0,,03.07.2025,https://baniola.tn/details/23475/citroen-c3-essence-2009.html
Peugeot 205 Diesel 1995,7000 DT,Peugeot,,,,,,,58.0,Traction,Compacte,,,Tunis,,,,5.0,3.0,1360.0,,03.07.2025,https://baniola.tn/details/23476/peugeot-205-diesel-1995.html
Suzuki Celerio Essence 2020,37500 DT,Suzuki,,,,,,,68.0,Traction,Citadine,,,Sousse,,,,5.0,4.0,998.0,,03.07.2025,https://baniola.tn/details/23478/suzuki-celerio-essence-2020.html
Kia Rio Essence 2013,38500 DT,Kia,,,,,,,87.0,Traction,Citadine,,,Ben Arous,,,,5.0,5.0,1400.0,,03.07.2025,https://baniola.tn/details/23479/kia-rio-essence-2013.html
Renault Clio Diesel 2005,17000 DT,Renault,,,,,,,65.0,Traction,Compacte,,,Medenine,,,,5.0,5.0,1461.0,,03.07.2025,https://baniola.tn/details/23480/renault-clio-diesel-2005.html
Dacia Dokker Diesel 2019,32000 DT,Dacia,,,,,,,90.0,Traction,Utilitaire,,,Tunis,,,,5.0,5.0,1461.0,,02.07.2025,https://baniola.tn/details/23452/dacia-dokker-diesel-2019.html
Renault Autres Essence 2022,36000 DT,Renault,,,,,,,120.0,Traction,Berline,,,Ben Arous,,,,5.0,4.0,1600.0,,02.07.2025,https://baniola.tn/details/23455/renault-autres-essence-2022.html
Nissan Qashqai Essence 2014,45000 DT,Nissan,,,,,,,115.0,Traction,SUV,,,Gabes,,,,5.0,5.0,1600.0,,02.07.2025,https://baniola.tn/details/23459/nissan-qashqai-essence-2014.html
Ford Focus Essence 2016,38000 DT,Ford,,,,,,,125.0,Traction,Compacte,,,Tunis,,,,5.0,5.0,1600.0,,02.07.2025,https://baniola.tn/details/23460/ford-focus-essence-2016.html
Kia Rio Essence 2010,27 DT,Kia,,,,,,,109.0,Traction,Citadine,,,Tunis,,,,5.0,5.0,1396.0,,02.07.2025,https://baniola.tn/details/23462/kia-rio-essence-2010.html
Renault Autres Diesel 1993,12 DT,Renault,,,,,,,64.0,Traction,Berline,,,Le Kef,,,,5.0,4.0,1870.0,,02.07.2025,https://baniola.tn/details/23463/renault-autres-diesel-1993.html
Volkswagen Polo Essence 2012,28500 DT,Volkswagen,,,,,,,85.0,Traction,Compacte,,,Tunis,,,,5.0,5.0,1198.0,,02.07.2025,https://baniola.tn/details/23464/volkswagen-polo-essence-2012.html
Seat Ibiza Essence 2018,39000 DT,Seat,,,,,,,95.0,Traction,Compacte,,,Gafsa,,,,5.0,5.0,1197.0,,01.07.2025,https://baniola.tn/details/23446/seat-ibiza-essence-2018.html
Citroën C3 Essence 2009,21000 DT,Citroen,,,,,,,60.0,Traction,Compacte,,,Manouba,,,,5.0,5.0,1199.0,,01.07.2025,https://baniola.tn/details/23447/citroen-c3-essence-2009.html
Ssangyong Tivoli Essence 2020,69000 DT,Ssangyong,,,,,,,163.0,Traction,SUV,,,Tunis,,,,5.0,5.0,1600.0,,01.07.2025,https://baniola.tn/details/23448/ssangyong-tivoli-essence-2020.html
Volkswagen Polo Essence 1995,11500 DT,Volkswagen,,,,,,,45.0,Traction,Compacte,,,Tunis,,,,5.0,3.0,1272.0,,01.07.2025,https://baniola.tn/details/23449/volkswagen-polo-essence-1995.html
Citroën Ds5 Essence 2015,42000 DT,Citroen,,,,,,,165.0,Traction,Berline,,,Tunis,,,,5.0,5.0,1598.0,,01.07.2025,https://baniola.tn/details/23450/citroen-ds5-essence-2015.html
Renault Autres Essence 2023,37500 DT,Renault,,,,,,,120.0,Traction,Berline,,,Tunis,,,,5.0,4.0,1600.0,,30.06.2025,https://baniola.tn/details/23445/renault-autres-essence-2023.html
Suzuki Autres Essence 2022,36 DT,Suzuki,,,,,,,95.0,Traction,Berline,,,Manouba,,,,5.0,4.0,1400.0,,29.06.2025,https://baniola.tn/details/23431/suzuki-autres-essence-2022.html
Hyundai I20 Essence 2020,53000 DT,Hyundai,,,,,,,84.0,Traction,Compacte,,,Ariana,,,,5.0,5.0,1200.0,,29.06.2025,https://baniola.tn/details/23433/hyundai-i20-essence-2020.html
Mercedes Classe C Essence 2013,56000 DT,Mercedes,,,,,,,184.0,Traction,Berline,,,Tunis,,,,5.0,4.0,1796.0,,29.06.2025,https://baniola.tn/details/23434/mercedes-classe-c-essence-2013.html
Fiat Fiorino Diesel 2022,40000 DT,Fiat,,,,,,,95.0,Traction,Utilitaire,,,Sfax,,,,2.0,5.0,1600.0,,29.06.2025,https://baniola.tn/details/23435/fiat-fiorino-diesel-2022.html
Peugeot 3008 Essence 2011,38 DT,Peugeot,,,,,,,120.0,Traction,SUV,,,Manouba,,,,5.0,5.0,1598.0,,29.06.2025,https://baniola.tn/details/23437/peugeot-3008-essence-2011.html
Mercedes Autres Essence 2020,160000 DT,Mercedes,,,,,,,184.0,Traction,Berline,,,Ariana,,,,5.0,4.0,1991.0,,29.06.2025,https://baniola.tn/details/23438/mercedes-autres-essence-2020.html
Chery Tiggo Essence 2025,80000 DT,Chery,,,,,,,136.0,Traction,SUV,,,Nabeul,,,,5.0,5.0,1997.0,,29.06.2025,https://baniola.tn/details/23439/chery-tiggo-essence-2025.html
Hyundai I20 Essence 2013,28500 DT,Hyundai,,,,,,,85.0,Traction,Compacte,,,Ben Arous,,,,5.0,5.0,1248.0,,29.06.2025,https://baniola.tn/details/23440/hyundai-i20-essence-2013.html
Fiat 500 Hybride 2020,56000 DT,Fiat,,,,,,,70.0,Traction,Citadine,,,Tunis,,,,4.0,3.0,875.0,,28.06.2025,https://baniola.tn/details/23417/fiat-500-hybride-2020.html
Audi 80 Diesel 1991,4000 DT,Audi,,,,,,,68.0,Traction,Berline,,,,,,,5.0,4.0,1896.0,,27.06.2025,https://baniola.tn/details/23412/audi-80-diesel-1991.html
Mg Zs Essence 2020,62500 DT,MG,,,,,,,110.0,Traction,SUV,,,Nabeul,,,,5.0,5.0,1500.0,,27.06.2025,https://baniola.tn/details/23415/mg-zs-essence-2020.html
Toyota Corolla Essence 2020,70000 DT,Toyota,,,,,,,125.0,Traction,Berline,,,Sousse,,,,5.0,4.0,1600.0,,27.06.2025,https://baniola.tn/details/23416/toyota-corolla-essence-2020.html
Renault Megane Essence 2011,26000 DT,Renault,,,,,,,110.0,Traction,Berline,,,Monastir,,,,5.0,4.0,1600.0,,26.06.2025,https://baniola.tn/details/23407/renault-megane-essence-2011.html
Volkswagen Tiguan Essence 2021,120 DT,Volkswagen,,,,,,,190.0,Traction,SUV,,,,,,,5.0,5.0,1984.0,,26.06.2025,https://baniola.tn/details/23408/volkswagen-tiguan-essence-2021.html
Volkswagen Polo Essence 2009,19000 DT,Volkswagen,,,,,,,85.0,Traction,Compacte,,,Ben Arous,,,,5.0,5.0,1598.0,,25.06.2025,https://baniola.tn/details/23402/volkswagen-polo-essence-2009.html
Peugeot 2008 Essence 2017,45000 DT,Peugeot,,,,,,,82.0,Traction,SUV,,,Tunis,,,,5.0,5.0,1199.0,,25.06.2025,https://baniola.tn/details/23405/peugeot-2008-essence-2017.html
Ford Fiesta Essence 2015,33800 DT,Ford,,,,,,,82.0,Traction,Citadine,,,Nabeul,,,,5.0,5.0,1196.0,,25.06.2025,https://baniola.tn/details/23403/ford-fiesta-essence-2015.html
Mercedes 200 Diesel 2010,55000 DT,Mercedes,,,,,,,80.0,Traction,Berline,,,Nabeul,,,,5.0,4.0,1997.0,,24.06.2025,https://baniola.tn/details/23400/mercedes-200-diesel-2010.html
Fiat Uno Essence 1995,7000 DT,Fiat,,,,,,,45.0,Traction,Citadine,,,Kasserine,,,,5.0,3.0,1108.0,,23.06.2025,https://baniola.tn/details/23394/fiat-uno-essence-1995.html
Kia Rio Essence 2021,63000 DT,Kia,,,,,,,84.0,Traction,Citadine,,,Sousse,,,,5.0,5.0,1400.0,,23.06.2025,https://baniola.tn/details/23397/kia-rio-essence-2021.html
Peugeot 107 Essence 2009,24 DT,Peugeot,,,,,,,68.0,Traction,Citadine,,,Tunis,,,,4.0,3.0,998.0,,22.06.2025,https://baniola.tn/details/23387/peugeot-107-essence-2009.html
Renault Clio Essence 2022,40000 DT,Renault,,,,,,,90.0,Traction,Compacte,,,Monastir,,,,5.0,5.0,1200.0,,22.06.2025,https://baniola.tn/details/23390/renault-clio-essence-2022.html
Bmw X1 Hybride 2021,130 DT,Bmw,,,,,,,225.0,Intégrale,SUV,,,Sousse,,,,5.0,5.0,1998.0,,21.06.2025,https://baniola.tn/details/23376/bmw-x1-hybride-2021.html
Ford Fiesta Essence 2019,36000 DT,Ford,,,,,,,85.0,Traction,Citadine,,,Sfax,,,,5.0,5.0,1200.0,,21.06.2025,https://baniola.tn/details/23377/ford-fiesta-essence-2019.html
Mercedes Classe a Essence 2014,68000 DT,Mercedes,,,,,,,156.0,Traction,Compacte,,,Siliana,,,,5.0,5.0,1595.0,,21.06.2025,https://baniola.tn/details/23379/mercedes-classe-a-essence-2014.html
Chevrolet Autre Essence 2021,18000 DT,Chevrolet,,,,,,,120.0,Traction,Berline,,,Beja,,,,5.0,4.0,1600.0,,21.06.2025,https://baniola.tn/details/23380/chevrolet-autre-essence-2021.html
Nissan Qashqai Essence 2008,30000 DT,Nissan,,,,,,,136.0,Traction,SUV,,,Tunis,,,,5.0,5.0,1997.0,,21.06.2025,https://baniola.tn/details/23382/nissan-qashqai-essence-2008.html
Mercedes Classe C Essence 2009,1 DT,Mercedes,,,,,,,156.0,Traction,Berline,,,Monastir,,,,5.0,4.0,1796.0,,21.06.2025,https://baniola.tn/details/23384/mercedes-classe-c-essence-2009.html
Renault Clio Essence 2009,29800 DT,Renault,,,,,,,75.0,Traction,Compacte,,,Ben Arous,,,,5.0,5.0,1149.0,,21.06.2025,https://baniola.tn/details/23385/renault-clio-essence-2009.html
Bmw Serie 5 Diesel 2014,68000 DT,Bmw,,,,,,,184.0,Propulsion,Berline,,,Monastir,,,,5.0,4.0,1995.0,,20.06.2025,https://baniola.tn/details/23370/bmw-serie-5-diesel-2014.html
Mitsubishi Autres Diesel 2005,31500 DT,Mitsubishi,,,,,,,90.0,Traction,Berline,,,Tunis,,,,5.0,4.0,1998.0,,20.06.2025,https://baniola.tn/details/23372/mitsubishi-autres-diesel-2005.html
Peugeot 208 Essence 2017,27000 DT,Peugeot,,,,,,,82.0,Traction,Berline,,,Ben Arous,,,,5.0,5.0,1199.0,,20.06.2025,https://baniola.tn/details/23374/peugeot-208-essence-2017.html
Renault Kadjar Essence 2019,61000 DT,Renault,,,,,,,115.0,Traction,SUV,,,Ariana,,,,5.0,5.0,1197.0,,19.06.2025,https://baniola.tn/details/23367/renault-kadjar-essence-2019.html
Fiat Scudo Diesel 2004,17000 DT,Fiat,,,,,,,120.0,Traction,Utilitaire,,,Bizerte,,,,2.0,4.0,1997.0,,19.06.2025,https://baniola.tn/details/23368/fiat-scudo-diesel-2004.html
Jeep Renegade Essence 2022,89000 DT,Jeep,,,,,,,180.0,Intégrale,SUV,,,Ariana,,,,5.0,5.0,1368.0,,18.06.2025,https://baniola.tn/details/23362/jeep-renegade-essence-2022.html
Honda City en Excellent État – Prête à Rouler! ? ✨,41000 DT,Honda,,,,,,,118.0,Traction,Berline,,,Ariana,,,,5.0,4.0,1497.0,,18.06.2025,https://baniola.tn/details/23363/honda-city-en-excellent-état-prête-à-rouler.html
Bmw 116 Essence 2020,1234 DT,Bmw,,,,,,,136.0,Traction,Berline,,,Mahdia,,,,5.0,4.0,1499.0,,18.06.2025,https://baniola.tn/details/23364/bmw-116-essence-2020.html
Opel Corsa Essence 2014,30500 DT,Opel,,,,,,,70.0,Traction,Compacte,,,Sfax,,,,5.0,5.0,1200.0,,18.06.2025,https://baniola.tn/details/23365/opel-corsa-essence-2014.html
Opel Astra Essence 2011,35500 DT,Opel,,,,,,,140.0,Traction,Berline,,,Monastir,,,,5.0,5.0,1796.0,,18.06.2025,https://baniola.tn/details/23366/opel-astra-essence-2011.html
Mahindra Kuv 100 Essence 2021,31000 DT,Mahindra,,,,,,,85.0,Traction,SUV,,,Ben Arous,,,,5.0,5.0,1198.0,,17.06.2025,https://baniola.tn/details/23360/mahindra-kuv-100-essence-2021.html
Volkswagen Caddy Diesel 2020,1234 DT,Volkswagen,,,,,,,102.0,Traction,Utilitaire,,,Mahdia,,,,5.0,4.0,1968.0,,16.06.2025,https://baniola.tn/details/23354/volkswagen-caddy-diesel-2020.html
Renault Trafic Diesel 2001,8000 DT,Renault,,,,,,,80.0,Traction,Utilitaire,,,Tunis,,,,9.0,5.0,1870.0,,16.06.2025,https://baniola.tn/details/23356/renault-trafic-diesel-2001.html
Mercedes Glc Diesel 2020,185000 DT,Mercedes,,,,,,,170.0,Intégrale,SUV,,,Sousse,,,,5.0,5.0,1950.0,,16.06.2025,https://baniola.tn/details/23358/mercedes-glc-diesel-2020.html
Mercedes Classe E Diesel 2011,60 DT,Mercedes,,,,,,,204.0,Propulsion,Berline,,,Beja,,,,5.0,4.0,2987.0,,15.06.2025,https://baniola.tn/details/23352/mercedes-classe-e-diesel-2011.html
Peugeot 208 Essence 2016,1234 DT,Peugeot,,,,,,,95.0,Traction,Compacte,,,Sousse,,,,5.0,5.0,1199.0,,15.06.2025,https://baniola.tn/details/23353/peugeot-208-essence-2016.html
Renault Scenic Diesel 2004,15 DT,Renault,,,,,,,105.0,Traction,Monospace,,,Bizerte,,,,5.0,5.0,1870.0,,14.06.2025,https://baniola.tn/details/23349/renault-scenic-diesel-2004.html
Chery Tiggo Essence 2020,34000 DT,Chery,,,,,,,136.0,Traction,SUV,,,Ariana,,,,5.0,5.0,1997.0,,14.06.2025,https://baniola.tn/details/23350/chery-tiggo-essence-2020.html
Peugeot 307 Essence 2007,20 DT,Peugeot,,,,,,,110.0,Traction,Berline,,,Tunis,,,,5.0,4.0,1587.0,,14.06.2025,https://baniola.tn/details/23351/peugeot-307-essence-2007.html
Volkswagen Amarok Essence 2015,65000 DT,Volkswagen,,,,,,,163.0,Intégrale,Pick-up,,,Nabeul,,,,5.0,4.0,2800.0,,13.06.2025,https://baniola.tn/details/23348/volkswagen-amarok-essence-2015.html
Renault Kadjar Essence 2019,61000 DT,Renault,,,,,,,115.0,Traction,SUV,,,Ariana,,,,5.0,5.0,1197.0,,13.06.2025,https://baniola.tn/details/23346/renault-kadjar-essence-2019.html
Fiat Punto Evo Essence 2012,23000 DT,Fiat,,,,,,,77.0,Traction,Compacte,,,Manouba,,,,5.0,5.0,1248.0,,12.06.2025,https://baniola.tn/details/23338/fiat-punto-evo-essence-2012.html
Škoda Autres Essence 2023,790000 DT,Skoda,,,,,,,110.0,Traction,Berline,,,Tunis,,,,5.0,4.0,1600.0,,12.06.2025,https://baniola.tn/details/23341/skoda-autres-essence-2023.html
Seat Ibiza Essence 2023,72000 DT,Seat,,,,,,,95.0,Traction,Compacte,,,Monastir,,,,5.0,5.0,1000.0,,12.06.2025,https://baniola.tn/details/23340/seat-ibiza-essence-2023.html
Citroën Berlingo Essence 2009,1 DT,Citroen,,,,,,,90.0,Traction,Utilitaire,,,Ariana,,,,5.0,5.0,1587.0,,11.06.2025,https://baniola.tn/details/23333/citroen-berlingo-essence-2009.html
Nissan Micra 75000Km,28000 DT,Nissan,,,,,,,75.0,Traction,Citadine,,,Tunis,,,,5.0,5.0,1200.0,,11.06.2025,https://baniola.tn/details/23334/nissan-micra-75000km.html
Fiat Grande Punto Essence 2009,21500 DT,Fiat,,,,,,,65.0,Traction,Compacte,,,Tunis,,,,5.0,5.0,1200.0,,11.06.2025,https://baniola.tn/details/23335/fiat-grande-punto-essence-2009.html
Peugeot 3008 Essence 2019,68500 DT,Peugeot,,,,,,,130.0,Traction,SUV,,,Tunis,,,,5.0,5.0,1600.0,,11.06.2025,https://baniola.tn/details/23336/peugeot-3008-essence-2019.html
Fiat Fiorino Diesel 2017,999999 DT,Fiat,,,,,,,95.0,Traction,Utilitaire,,,Medenine,,,,2.0,2.0,1600.0,,11.06.2025,https://baniola.tn/details/23337/fiat-fiorino-diesel-2017.html
Renault Clio Essence 2021,48500 DT,Renault,,,,,,,90.0,Traction,Compacte,,,Sousse,,,,5.0,5.0,1200.0,,10.06.2025,https://baniola.tn/details/23326/renault-clio-essence-2021.html
Great-Wall Lc Essence 2022,56000 DT,Geely,,,,,,,120.0,Traction,SUV,,,Ariana,,,,5.0,5.0,1500.0,,10.06.2025,https://baniola.tn/details/23327/great-wall-lc-essence-2022.html
Hyundai I20 Essence 2022,61500 DT,Hyundai,,,,,,,84.0,Traction,Compacte,,,Manouba,,,,5.0,5.0,1200.0,,10.06.2025,https://baniola.tn/details/23330/hyundai-i20-essence-2022.html
Volkswagen Golf Essence 2010,40000 DT,Volkswagen,,,,,,,105.0,Traction,Compacte,,,Tunis,,,,5.0,5.0,1600.0,,10.06.2025,https://baniola.tn/details/23331/volkswagen-golf-essence-2010.html
Fiat Doblo Diesel 2021,49000 DT,Fiat,,,,,,,95.0,Traction,Utilitaire,,,Zaghouan,,,,5.0,5.0,1600.0,,09.06.2025,https://baniola.tn/details/23314/fiat-doblo-diesel-2021.html
Citroën Berlingo Diesel 2016,31500 DT,Citroen,,,,,,,90.0,Traction,Utilitaire,,,Ariana,,,,5.0,5.0,1560.0,,09.06.2025,https://baniola.tn/details/23315/citroen-berlingo-diesel-2016.html
Citroën C3 Essence 2016,27 DT,Citroen,,,,,,,82.0,Traction,Compacte,,,Tunis,,,,5.0,5.0,1199.0,,09.06.2025,https://baniola.tn/details/23316/citroen-c3-essence-2016.html
Dacia Duster Diesel 2012,39000 DT,Dacia,,,,,,,90.0,Traction,SUV,,,Ariana,,,,5.0,5.0,1461.0,,09.06.2025,https://baniola.tn/details/23317/dacia-duster-diesel-2012.html
Peugeot 206 Essence 2010,17000 DT,Peugeot,,,,,,,95.0,Traction,Compacte,,,Tunis,,,,5.0,5.0,1587.0,,09.06.2025,https://baniola.tn/details/23320/peugeot-206-essence-2010.html
Mahindra Xuv 300 Essence 2023,57000 DT,Mahindra,,,,,,,110.0,Traction,SUV,,,Ben Arous,,,,5.0,5.0,1197.0,,09.06.2025,https://baniola.tn/details/23318/mahindra-xuv-300-essence-2023.html
Kia Sportage Essence 2020,96000 DT,Kia,,,,,,,136.0,Traction,SUV,,,Sfax,,,,5.0,5.0,1600.0,,08.06.2025,https://baniola.tn/details/23303/kia-sportage-essence-2020.html
Bmw 320 Hybride 2023,190000 DT,Bmw,,,,,,,184.0,Traction,Berline,,,Ariana,,,,5.0,4.0,1998.0,,08.06.2025,https://baniola.tn/details/23304/bmw-320-hybride-2023.html
Peugeot Partner Diesel 2017,45000 DT,Peugeot,,,,,,,92.0,Traction,Utilitaire,,,Sousse,,,,5.0,5.0,1560.0,,08.06.2025,https://baniola.tn/details/23306/peugeot-partner-diesel-2017.html
Audi A4 Essence 2010,32 DT,Audi,,,,,,,170.0,Traction,Berline,,,Gafsa,,,,5.0,4.0,2000.0,,08.06.2025,https://baniola.tn/details/23308/audi-a4-essence-2010.html
Renault Clio Essence 2001,16000 DT,Renault,,,,,,,75.0,Traction,Compacte,,,Sidi Bouzid,,,,5.0,3.0,1149.0,,08.06.2025,https://baniola.tn/details/23309/renault-clio-essence-2001.html
Volkswagen Golf 7 Diesel 2013,55 DT,Volkswagen,,,,,,,105.0,Traction,Compacte,,,Monastir,,,,5.0,5.0,1598.0,,08.06.2025,https://baniola.tn/details/23312/volkswagen-golf-7-diesel-2013.html
Bmw 316 Essence 2015,65 DT,Bmw,,,,,,,136.0,Traction,Berline,,,Tunis,,,,5.0,4.0,1598.0,,07.06.2025,https://baniola.tn/details/23298/bmw-316-essence-2015.html
Nissan Juke Essence 2011,38000 DT,Nissan,,,,,,,117.0,Traction,SUV,,,Tunis,,,,5.0,5.0,1598.0,,07.06.2025,https://baniola.tn/details/23300/nissan-juke-essence-2011.html
Fiat Punto Diesel 2005,21000 DT,Fiat,,,,,,,70.0,Traction,Compacte,,,Nabeul,,,,5.0,5.0,1910.0,,07.06.2025,https://baniola.tn/details/23301/fiat-punto-diesel-2005.html
Seat Leon Essence 2018,53000 DT,Seat,,,,,,,115.0,Traction,Berline,,,Kairouan,,,,5.0,5.0,1600.0,,06.06.2025,https://baniola.tn/details/23295/seat-leon-essence-2018.html
Citroën C3 Essence 2019,40000 DT,Citroen,,,,,,,82.0,Traction,Compacte,,,Sousse,,,,5.0,5.0,1199.0,,05.06.2025,https://baniola.tn/details/23292/citroen-c3-essence-2019.html
Kia Sportage Essence 2015,70 DT,Kia,,,,,,,161.0,Traction,SUV,,,Medenine,,,,5.0,5.0,1999.0,,04.06.2025,https://baniola.tn/details/23291/kia-sportage-essence-2015.html
Volkswagen Polo Essence 2017,53000 DT,Volkswagen,,,,,,,90.0,Traction,Compacte,,,Sfax,,,,5.0,5.0,1197.0,,03.06.2025,https://baniola.tn/details/23278/volkswagen-polo-essence-2017.html
Volkswagen Jetta Essence 2011,29 DT,Volkswagen,,,,,,,105.0,Traction,Berline,,,Ben Arous,,,,5.0,4.0,1600.0,,03.06.2025,https://baniola.tn/details/23279/volkswagen-jetta-essence-2011.html
Ssangyong Korando Diesel 2014,32 DT,Ssangyong,,,,,,,175.0,Intégrale,SUV,,,Ben Arous,,,,5.0,5.0,1998.0,,03.06.2025,https://baniola.tn/details/23280/ssangyong-korando-diesel-2014.html
Renault Clio Essence 2023,35 DT,Renault,,,,,,,90.0,Traction,Compacte,,,Ben Arous,,,,5.0,5.0,1200.0,,03.06.2025,https://baniola.tn/details/23281/renault-clio-essence-2023.html
Mahindra Kuv 100 Essence 2020,31500 DT,Mahindra,,,,,,,85.0,Traction,SUV,,,Manouba,,,,5.0,5.0,1198.0,,02.06.2025,https://baniola.tn/details/23274/mahindra-kuv-100-essence-2020.html
Renault Clio Diesel 2005,18000 DT,Renault,,,,,,,65.0,Traction,Compacte,,,Manouba,,,,5.0,5.0,1461.0,,02.06.2025,https://baniola.tn/details/23276/renault-clio-diesel-2005.html
Fiat Punto Essence 1997,10500 DT,Fiat,,,,,,,60.0,Traction,Compacte,,,Monastir,,,,5.0,3.0,1100.0,,01.06.2025,https://baniola.tn/details/23270/fiat-punto-essence-1997.html
Seat Ibiza Diesel 2014,40000 DT,Seat,,,,,,,75.0,Traction,Compacte,,,Prix non spécifié Tunis,,,,5.0,5.0,1422.0,,01.06.2025,https://baniola.tn/details/23272/seat-ibiza-diesel-2014.html
Peugeot 3008 Diesel 2017,69500 DT,Peugeot,,,,,,,120.0,Traction,SUV,,,Sousse,,,,5.0,5.0,1560.0,,31.05.2025,https://baniola.tn/details/23257/peugeot-3008-diesel-2017.html
Renault Captur Essence 2015,42000 DT,Renault,,,,,,,90.0,Traction,SUV,,,Sfax,,,,5.0,5.0,1197.0,,31.05.2025,https://baniola.tn/details/23259/renault-captur-essence-2015.html
Hyundai I10 Essence 2022,39900 DT,Hyundai,,,,,,,67.0,Traction,Citadine,,,Sousse,,,,5.0,5.0,998.0,,31.05.2025,https://baniola.tn/details/23260/hyundai-i10-essence-2022.html
Citroën Berlingo Diesel 2022,50000 DT,Citroen,,,,,,,130.0,Traction,Utilitaire,,,Sfax,,,,5.0,5.0,1560.0,,31.05.2025,https://baniola.tn/details/23261/citroen-berlingo-diesel-2022.html
Mercedes Classe Clk Essence 2003,29 DT,Mercedes,,,,,,,163.0,Propulsion,Coupé,,,Manouba,,,,4.0,2.0,1796.0,,31.05.2025,https://baniola.tn/details/23262/mercedes-classe-clk-essence-2003.html
Kia Rio Essence 2022,62000 DT,Kia,,,,,,,84.0,Traction,Compacte,,,Ben Arous,,,,5.0,5.0,1400.0,,31.05.2025,https://baniola.tn/details/23265/kia-rio-essence-2022.html
Kia Rio Diesel 2011,18500 DT,Kia,,,,,,,90.0,Traction,Compacte,,,Manouba,,,,5.0,5.0,1582.0,,31.05.2025,https://baniola.tn/details/23266/kia-rio-diesel-2011.html
Renault Megane Diesel 2005,18000 DT,Renault,,,,,,,80.0,Traction,Berline,,,Nabeul,,,,5.0,4.0,1461.0,,30.05.2025,https://baniola.tn/details/23246/renault-megane-diesel-2005.html
Hyundai Tucson Hybride 2021,1 DT,Hyundai,,,,,,,230.0,Intégrale,SUV,,,Ben Arous,,,,5.0,5.0,1987.0,,30.05.2025,https://baniola.tn/details/23247/hyundai-tucson-hybride-2021.html
Mercedes Classe B Essence 2006,28 DT,Mercedes,,,,,,,116.0,Traction,Monospace,,,Gafsa,,,,5.0,5.0,1595.0,,30.05.2025,https://baniola.tn/details/23249/mercedes-classe-b-essence-2006.html
Chery Qq Essence 2020,9999 DT,Chery,,,,,,,60.0,Traction,Citadine,,,Sfax,,,,4.0,4.0,812.0,,30.05.2025,https://baniola.tn/details/23250/chery-qq-essence-2020.html
Ford Fiesta Essence 2010,24000 DT,Ford,,,,,,,82.0,Traction,Citadine,,,Sfax,,,,5.0,5.0,1600.0,,30.05.2025,https://baniola.tn/details/23253/ford-fiesta-essence-2010.html
Fiat Fiorino Diesel 2021,33000 DT,Fiat,,,,,,,95.0,Traction,Utilitaire,,,Manouba,,,,2.0,2.0,1600.0,,30.05.2025,https://baniola.tn/details/23254/fiat-fiorino-diesel-2021.html
Ford Ecosport Essence 2022,69000 DT,Ford,,,,,,,125.0,Traction,SUV,,,Tunis,,,,5.0,5.0,1499.0,,30.05.2025,https://baniola.tn/details/23248/ford-ecosport-essence-2022.html
Peugeot 307 Essence 2003,21 DT,Peugeot,,,,,,,90.0,Traction,Berline,,,Le Kef,,,,5.0,4.0,1587.0,,29.05.2025,https://baniola.tn/details/23233/peugeot-307-essence-2003.html
Mercedes Classe B Diesel 2008,33000 DT,Mercedes,,,,,,,109.0,Traction,Monospace,,,Monastir,,,,5.0,5.0,1991.0,,29.05.2025,https://baniola.tn/details/23237/mercedes-classe-b-diesel-2008.html
Chery Arrizo 5 2020,40500 DT,Chery,,,,,,,127.0,Traction,Berline,,,Tunis,,,,5.0,4.0,1598.0,,29.05.2025,https://baniola.tn/details/23238/chery-arrizo-5-2020.html
Renault Clio Essence 2019,16000 DT,Renault,,,,,,,90.0,Traction,Compacte,,,Ariana,,,,5.0,5.0,1200.0,,29.05.2025,https://baniola.tn/details/23239/renault-clio-essence-2019.html
Dacia Sandero Essence 2015,35 DT,Dacia,,,,,,,75.0,Traction,Berline,,,Sousse,,,,5.0,4.0,1200.0,,29.05.2025,https://baniola.tn/details/23240/dacia-sandero-essence-2015.html
Land Rover Range Rover Diesel 2017,270000 DT,Land rover,,,,,,,258.0,Intégrale,SUV,,,,,,,5.0,5.0,2993.0,,29.05.2025,https://baniola.tn/details/23241/land-rover-range-rover-diesel-2017.html
Bmw 525 Diesel 1989,12 DT,Bmw,,,,,,,115.0,Propulsion,Berline,,,Sousse,,,,5.0,4.0,2494.0,,29.05.2025,https://baniola.tn/details/23242/bmw-525-diesel-1989.html
Peugeot 3008 Essence 2019,62000 DT,Peugeot,,,,,,,130.0,Traction,SUV,,,Zaghouan,,,,5.0,5.0,1600.0,,28.05.2025,https://baniola.tn/details/23218/peugeot-3008-essence-2019.html
Ford Focus Essence 2016,37000 DT,Ford,,,,,,,125.0,Traction,Compacte,,,Ben Arous,,,,5.0,5.0,1600.0,,28.05.2025,https://baniola.tn/details/23222/ford-focus-essence-2016.html
Ford Focus Essence 2008,21500 DT,Ford,,,,,,,100.0,Traction,Berline,,,Sfax,,,,5.0,4.0,1600.0,,28.05.2025,https://baniola.tn/details/23223/ford-focus-essence-2008.html
Citroën C4 Diesel 2008,17000 DT,Citroen,,,,,,,110.0,Traction,Berline,,,Ariana,,,,5.0,4.0,1560.0,,28.05.2025,https://baniola.tn/details/23227/citroen-c4-diesel-2008.html
Volkswagen Polo Essence 1999,10000 DT,Volkswagen,,,,,,,75.0,Traction,Compacte,,,Kairouan,,,,5.0,3.0,1200.0,,28.05.2025,https://baniola.tn/details/23228/volkswagen-polo-essence-1999.html
Renault Clio Essence 2010,29000 DT,Renault,,,,,,,75.0,Traction,Compacte,,,Tunis,,,,5.0,5.0,1149.0,,28.05.2025,https://baniola.tn/details/23232/renault-clio-essence-2010.html
Peugeot 2008 Essence 2008,19500 DT,Peugeot,,,,,,,82.0,Traction,SUV,,,Monastir,,,,5.0,5.0,1199.0,,27.05.2025,https://baniola.tn/details/23209/peugeot-2008-essence-2008.html
Citroën Jumpy Diesel 1996,15000 DT,Citroen,,,,,,,69.0,Traction,Utilitaire,,,Monastir,,,,2.0,4.0,1905.0,,27.05.2025,https://baniola.tn/details/23210/citroen-jumpy-diesel-1996.html
Seat Leon Essence 2016,46000 DT,Seat,,,,,,,105.0,Traction,Berline,,,Tunis,,,,5.0,5.0,1600.0,,27.05.2025,https://baniola.tn/details/23211/seat-leon-essence-2016.html
Volkswagen Golf Essence 2013,45000 DT,Volkswagen,,,,,,,105.0,Traction,Compacte,,,Sousse,,,,5.0,5.0,1600.0,,27.05.2025,https://baniola.tn/details/23213/volkswagen-golf-essence-2013.html
Nissan Micra Essence 2010,22000 DT,Nissan,,,,,,,80.0,Traction,Citadine,,,Tunis,,,,5.0,5.0,1200.0,,27.05.2025,https://baniola.tn/details/23216/nissan-micra-essence-2010.html
Peugeot Partner Diesel 2006,15600 DT,Peugeot,,,,,,,70.0,Traction,Utilitaire,,,Bizerte,,,,2.0,5.0,1600.0,,26.05.2025,https://baniola.tn/details/23198/peugeot-partner-diesel-2006.html
Volkswagen Amarok Diesel 2011,55000 DT,Volkswagen,,,,,,,163.0,Intégrale,Pick-up,,,Sfax,,,,5.0,4.0,2400.0,,26.05.2025,https://baniola.tn/details/23199/volkswagen-amarok-diesel-2011.html
Peugeot 508 Essence 2013,34000 DT,Peugeot,,,,,,,165.0,Traction,Berline,,,Ariana,,,,5.0,4.0,1598.0,,26.05.2025,https://baniola.tn/details/23200/peugeot-508-essence-2013.html
Kia Cerato Essence 2015,40000 DT,Kia,,,,,,,130.0,Traction,Berline,,,Ariana,,,,5.0,4.0,1600.0,,26.05.2025,https://baniola.tn/details/23201/kia-cerato-essence-2015.html
Volkswagen Amarok Diesel 2011,55000 DT,Volkswagen,,,,,,,163.0,Intégrale,Pick-up,,,Sfax,,,,5.0,4.0,2400.0,,26.05.2025,https://baniola.tn/details/23203/volkswagen-amarok-diesel-2011.html
Opel Corsa Essence 1998,11000 DT,Opel,,,,,,,60.0,Traction,Compacte,,,Mahdia,,,,5.0,3.0,1200.0,,26.05.2025,https://baniola.tn/details/23206/opel-corsa-essence-1998.html
Toyota Autres Essence 2023,38500 DT,Toyota,,,,,,,105.0,Traction,Berline,,,Bizerte,,,,5.0,4.0,1600.0,,26.05.2025,https://baniola.tn/details/23208/toyota-autres-essence-2023.html
Mazda Mazda3 Essence 2015,43500 DT,Mazda,,,,,,,118.0,Traction,Berline,,,Tunis,,,,5.0,4.0,1998.0,,25.05.2025,https://baniola.tn/details/23176/mazda-mazda3-essence-2015.html
Kia Cerato Essence 2011,32000 DT,Kia,,,,,,,130.0,Traction,Berline,,,Ben Arous,,,,5.0,4.0,1600.0,,25.05.2025,https://baniola.tn/details/23177/kia-cerato-essence-2011.html
Volkswagen Golf Essence 2014,47 DT,Volkswagen,,,,,,,105.0,Traction,Compacte,,,Monastir,,,,5.0,5.0,1600.0,,25.05.2025,https://baniola.tn/details/23178/volkswagen-golf-essence-2014.html
Kia Ceed Essence 2021,64000 DT,Kia,,,,,,,118.0,Traction,Berline,,,Tataouine,,,,5.0,5.0,1600.0,,25.05.2025,https://baniola.tn/details/23179/kia-ceed-essence-2021.html
Renault Clio Essence 2010,23000 DT,Renault,,,,,,,75.0,Traction,Compacte,,,Medenine,,,,5.0,5.0,1149.0,,25.05.2025,https://baniola.tn/details/23182/renault-clio-essence-2010.html
Citroën Jumper Diesel 2019,65000 DT,Citroen,,,,,,,163.0,Traction,Utilitaire,,,Tozeur,,,,3.0,4.0,1997.0,,25.05.2025,https://baniola.tn/details/23183/citroen-jumper-diesel-2019.html
Opel Corsa Essence 2011,19500 DT,Opel,,,,,,,70.0,Traction,Compacte,,,Siliana,,,,5.0,3.0,1200.0,,25.05.2025,https://baniola.tn/details/23186/opel-corsa-essence-2011.html
Renault Clio Essence 2009,27000 DT,Renault,,,,,,,75.0,Traction,Compacte,,,Tunis,,,,5.0,5.0,1149.0,,25.05.2025,https://baniola.tn/details/23188/renault-clio-essence-2009.html
Peugeot Partner Diesel 2002,15000 DT,Peugeot,,,,,,,70.0,Traction,Utilitaire,,,Manouba,,,,2.0,5.0,1868.0,,25.05.2025,https://baniola.tn/details/23190/peugeot-partner-diesel-2002.html
Renault Autres Essence 2011,18000 DT,Renault,,,,,,,105.0,Traction,Berline,,,Siliana,,,,5.0,4.0,1600.0,,25.05.2025,https://baniola.tn/details/23192/renault-autres-essence-2011.html
Hyundai I10 Essence 2011,24500 DT,Hyundai,,,,,,,69.0,Traction,Citadine,,,Sousse,,,,5.0,5.0,1248.0,,25.05.2025,https://baniola.tn/details/23184/hyundai-i10-essence-2011.html
Mahindra Kuv 100 Essence 2021,34000 DT,Mahindra,,,,,,,85.0,Traction,SUV,,,Sousse,,,,5.0,5.0,1198.0,,25.05.2025,https://baniola.tn/details/23189/mahindra-kuv-100-essence-2021.html
Hyundai I10 Essence 2021,46000 DT,Hyundai,,,,,,,67.0,Traction,Citadine,,,Ben Arous,,,,5.0,5.0,998.0,,25.05.2025,https://baniola.tn/details/23191/hyundai-i10-essence-2021.html
Peugeot 208 Essence 2016,390000 DT,Peugeot,,,,,,,82.0,Traction,Berline,,,Medenine,,,,5.0,5.0,1199.0,,25.05.2025,https://baniola.tn/details/23193/peugeot-208-essence-2016.html
Fiat Punto Evo Essence 2015,31500 DT,Fiat,,,,,,,77.0,Traction,Compacte,,,Jendouba,,,,5.0,5.0,1248.0,,24.05.2025,https://baniola.tn/details/23155/fiat-punto-evo-essence-2015.html
Alfa Romeo Mito Essence 2011,26000 DT,Alfa romeo,,,,,,,78.0,Traction,Compacte,,,Manouba,,,,4.0,3.0,875.0,,24.05.2025,https://baniola.tn/details/23156/alfa-romeo-mito-essence-2011.html
Fiat Punto Essence 2002,5300 DT,Fiat,,,,,,,60.0,Traction,Compacte,,,Tunis,,,,5.0,3.0,1242.0,,24.05.2025,https://baniola.tn/details/23157/fiat-punto-essence-2002.html
Renault Megane Essence 2011,26500 DT,Renault,,,,,,,110.0,Traction,Berline,,,Ben Arous,,,,5.0,4.0,1600.0,,24.05.2025,https://baniola.tn/details/23158/renault-megane-essence-2011.html
Nissan Autres Diesel 2004,47 DT,Nissan,,,,,,,110.0,Traction,Berline,,,Sfax,,,,5.0,4.0,2000.0,,24.05.2025,https://baniola.tn/details/23159/nissan-autres-diesel-2004.html
Volkswagen Transporter Diesel 2010,28 DT,Volkswagen,,,,,,,84.0,Traction,Utilitaire,,,Kairouan,,,,9.0,4.0,2000.0,,24.05.2025,https://baniola.tn/details/23160/volkswagen-transporter-diesel-2010.html
Peugeot 206 Essence 2008,20000 DT,Peugeot,,,,,,,90.0,Traction,Compacte,,,Sousse,,,,5.0,5.0,1587.0,,24.05.2025,https://baniola.tn/details/23162/peugeot-206-essence-2008.html
Hyundai I20 Essence 2024,61000 DT,Hyundai,,,,,,,84.0,Traction,Compacte,,,Kasserine,,,,5.0,5.0,1200.0,,24.05.2025,https://baniola.tn/details/23161/hyundai-i20-essence-2024.html
Renault Autres Essence 2010,25000 DT,Renault,,,,,,,105.0,Traction,Berline,,,Jendouba,,,,5.0,4.0,1600.0,,24.05.2025,https://baniola.tn/details/23164/renault-autres-essence-2010.html
Citroën Berlingo Diesel 2021,58000 DT,Citroen,,,,,,,130.0,Traction,Utilitaire,,,Gafsa,,,,5.0,5.0,1560.0,,24.05.2025,https://baniola.tn/details/23165/citroen-berlingo-diesel-2021.html
Chery A5 Essence 2017,34 DT,Chery,,,,,,,107.0,Traction,Berline,,,Gafsa,,,,5.0,4.0,1597.0,,24.05.2025,https://baniola.tn/details/23167/chery-a5-essence-2017.html
Peugeot Landtrek 2 Portes,55000 DT,Peugeot,,,,,,,163.0,Intégrale,Pick-up,,,Gafsa,,,,5.0,2.0,1500.0,,24.05.2025,https://baniola.tn/details/23170/peugeot-landtrek-2-portes.html
Renault Kangoo Diesel 2001,7000 DT,Renault,,,,,,,65.0,Traction,Utilitaire,,,Sfax,,,,5.0,5.0,1461.0,,24.05.2025,https://baniola.tn/details/23174/renault-kangoo-diesel-2001.html
Toyota Rav 4 Diesel 2002,0 DT,Toyota,,,,,,,115.0,Traction,SUV,,,Bizerte,,,,5.0,5.0,1995.0,,23.05.2025,https://baniola.tn/details/23146/toyota-rav-4-diesel-2002.html
Renault Kangoo Diesel 1999,7000 DT,Renault,,,,,,,65.0,Traction,Utilitaire,,,Sousse,,,,5.0,4.0,1585.0,,23.05.2025,https://baniola.tn/details/23147/renault-kangoo-diesel-1999.html
Nissan Qashqai Essence 2008,35000 DT,Nissan,,,,,,,136.0,Traction,SUV,,,Tunis,,,,5.0,5.0,1997.0,,23.05.2025,https://baniola.tn/details/23148/nissan-qashqai-essence-2008.html
Kia Rio Essence 2018,50 DT,Kia,,,,,,,85.0,Traction,Citadine,,,Tunis,,,,5.0,5.0,1400.0,,23.05.2025,https://baniola.tn/details/23149/kia-rio-essence-2018.html
Citroën C4 Cactus Diesel 2021,64 DT,Citroen,,,,,,,120.0,Traction,Compacte,,,Monastir,,,,5.0,5.0,1560.0,,23.05.2025,https://baniola.tn/details/23153/citroen-c4-cactus-diesel-2021.html
Fiat Uno Essence 1995,13800 DT,Fiat,,,,,,,45.0,Traction,Citadine,,,Monastir,,,,5.0,3.0,1108.0,,23.05.2025,https://baniola.tn/details/23154/fiat-uno-essence-1995.html
Ford Fiesta Essence 2010,26000 DT,Ford,,,,,,,96.0,Traction,Citadine,,,Manouba,,,,5.0,5.0,1600.0,,22.05.2025,https://baniola.tn/details/23134/ford-fiesta-essence-2010.html
Mercedes 300 Diesel 2010,123456789 DT,Mercedes,,,,,,,136.0,Propulsion,Berline,,,Sfax,,,,5.0,4.0,2987.0,,22.05.2025,https://baniola.tn/details/23135/mercedes-300-diesel-2010.html
Volkswagen Golf 7 Essence 2013,47000 DT,Volkswagen,,,,,,,105.0,Traction,Compacte,,,Sousse,,,,5.0,5.0,1600.0,,22.05.2025,https://baniola.tn/details/23136/volkswagen-golf-7-essence-2013.html
Fiat 500 Essence 2010,25000 DT,Fiat,,,,,,,69.0,Traction,Citadine,,,Tunis,,,,4.0,3.0,1242.0,,22.05.2025,https://baniola.tn/details/23137/fiat-500-essence-2010.html
Peugeot Boxer Diesel 2021,1 DT,Peugeot,,,,,,,160.0,Traction,Utilitaire,,,Sousse,,,,3.0,4.0,2198.0,,22.05.2025,https://baniola.tn/details/23138/peugeot-boxer-diesel-2021.html
Volkswagen Golf Essence 1999,19500 DT,Volkswagen,,,,,,,115.0,Traction,Compacte,,,Sfax,,,,5.0,3.0,1595.0,,22.05.2025,https://baniola.tn/details/23139/volkswagen-golf-essence-1999.html
Suzuki Celerio Essence 2018,27200 DT,Suzuki,,,,,,,68.0,Traction,Citadine,,,Tunis,,,,5.0,4.0,998.0,,21.05.2025,https://baniola.tn/details/23123/suzuki-celerio-essence-2018.html
Renault Megane Diesel 2006,57000 DT,Renault,,,,,,,80.0,Traction,Berline,,,Sfax,,,,5.0,4.0,1461.0,,21.05.2025,https://baniola.tn/details/23125/renault-megane-diesel-2006.html
Peugeot Autres Diesel 2021,40000 DT,Peugeot,,,,,,,130.0,Traction,Berline,,,Ben Arous,,,,5.0,4.0,1600.0,,21.05.2025,https://baniola.tn/details/23128/peugeot-autres-diesel-2021.html
Chery Qq Essence 2021,25000 DT,Chery,,,,,,,60.0,Traction,Citadine,,,Ben Arous,,,,4.0,4.0,812.0,,21.05.2025,https://baniola.tn/details/23129/chery-qq-essence-2021.html
Dacia Sandero Essence 2017,39000 DT,Dacia,,,,,,,75.0,Traction,Berline,,,Mahdia,,,,5.0,4.0,1200.0,,20.05.2025,https://baniola.tn/details/23107/dacia-sandero-essence-2017.html
Citroën C4 Cactus Essence 2020,47000 DT,Citroen,,,,,,,130.0,Traction,Compacte,,,Tunis,,,,5.0,5.0,1598.0,,20.05.2025,https://baniola.tn/details/23109/citroen-c4-cactus-essence-2020.html
Seat Ibiza Essence 2022,48000 DT,Seat,,,,,,,95.0,Traction,Compacte,,,Tunis,,,,5.0,5.0,1000.0,,20.05.2025,https://baniola.tn/details/23110/seat-ibiza-essence-2022.html
Kia Sportage Diesel 2021,97 DT,Kia,,,,,,,136.0,Traction,SUV,,,Monastir,,,,5.0,5.0,1995.0,,20.05.2025,https://baniola.tn/details/23112/kia-sportage-diesel-2021.html
Opel Mokka Essence 2018,25000 DT,Opel,,,,,,,115.0,Traction,SUV,,,Le Kef,,,,5.0,5.0,1400.0,,20.05.2025,https://baniola.tn/details/23113/opel-mokka-essence-2018.html
Ford Fiesta Essence 2008,20500 DT,Ford,,,,,,,60.0,Traction,Citadine,,,Ariana,,,,5.0,5.0,1400.0,,20.05.2025,https://baniola.tn/details/23116/ford-fiesta-essence-2008.html
Kia Rio Essence 2013,32 DT,Kia,,,,,,,87.0,Traction,Citadine,,,Mahdia,,,,5.0,5.0,1400.0,,19.05.2025,https://baniola.tn/details/23082/kia-rio-essence-2013.html
Ford Focus Essence 2017,38000 DT,Ford,,,,,,,125.0,Traction,Berline,,,Ariana,,,,5.0,5.0,1600.0,,19.05.2025,https://baniola.tn/details/23083/ford-focus-essence-2017.html
Chevrolet Autre Essence 2019,33500 DT,Chevrolet,,,,,,,120.0,Traction,Berline,,,Bizerte,,,,5.0,4.0,1600.0,,19.05.2025,https://baniola.tn/details/23085/chevrolet-autre-essence-2019.html
Volkswagen Golf Essence 2020,79500 DT,Volkswagen,,,,,,,110.0,Traction,Compacte,,,Ariana,,,,5.0,5.0,1400.0,,19.05.2025,https://baniola.tn/details/23086/volkswagen-golf-essence-2020.html
Peugeot Autres Diesel 2021,72000 DT,Peugeot,,,,,,,130.0,Traction,Berline,,,Ben Arous,,,,5.0,4.0,1600.0,,19.05.2025,https://baniola.tn/details/23088/peugeot-autres-diesel-2021.html
Volkswagen Up Essence 2017,44 DT,Volkswagen,,,,,,,75.0,Traction,Citadine,,,Sfax,,,,4.0,3.0,999.0,,19.05.2025,https://baniola.tn/details/23093/volkswagen-up-essence-2017.html
Mercedes Classe E Diesel 2009,53 DT,Mercedes,,,,,,,170.0,Propulsion,Berline,,,Tunis,,,,5.0,4.0,2148.0,,19.05.2025,https://baniola.tn/details/23096/mercedes-classe-e-diesel-2009.html
Hyundai Tucson Essence 2017,90 DT,Hyundai,,,,,,,164.0,Traction,SUV,,,Nabeul,,,,5.0,5.0,1600.0,,19.05.2025,https://baniola.tn/details/23099/hyundai-tucson-essence-2017.html
Ford Fiesta Essence 1985,4000 DT,Ford,,,,,,,60.0,Traction,Citadine,,,Ben Arous,,,,5.0,3.0,1600.0,,19.05.2025,https://baniola.tn/details/23105/ford-fiesta-essence-1985.html
