Title,Price,Marque,Modele,Kilometrage,Mise_en_circulation,Energie,Boite_vitesse,Gouvernorat,Couleur_exterieure,Couleur_interieure,Nombre_portes,Equipements,Date_annonce,URL
VOLKSWAGEN GOLF 7,46000 DT,Volkswagen,Golf 7,290000,8.2014,Essence,Manuelle,Ben Arous,Blanc,Noir,4,,16.02.2026,https://www.vente-voiture-tunisie.com/voiture-occasion/Annonce-vente-voiture-occasion-tunisie.aspx?ref=260216104801
VOLKSWAGEN GOLF 7,46000 DT,Volkswagen,Golf 7,290000,8.2014,Essence,Manuelle,Ben Arous,Blanc,Noir,4,,16.02.2026,https://www.vente-voiture-tunisie.com/voiture-occasion/Annonce-vente-voiture-occasion-tunisie.aspx?ref=260216104655
KIA PICANTO,34500 DT,Kia,Picanto,59000,5.2020,Essence,Automatique,Gabes,Noir,,5,,15.02.2026,https://www.vente-voiture-tunisie.com/voiture-occasion/Annonce-vente-voiture-occasion-tunisie.aspx?ref=260215105556
MG 5 MG GT,38000 DT,Mg,5 Mg Gt,145000,1.2018,Essence,Manuelle,Tunis,Gris,Gris,5,,13.02.2026,https://www.vente-voiture-tunisie.com/voiture-occasion/Annonce-vente-voiture-occasion-tunisie.aspx?ref=260213195746
VOLKSWAGEN GOLF,95000 DT,Volkswagen,Golf,89000,9.2022,Essence,Automatique,Mahdia,Gris,Noir,5,,11.02.2026,https://www.vente-voiture-tunisie.com/voiture-occasion/Annonce-vente-voiture-occasion-tunisie.aspx?ref=260211200034
RENAULT MEGANE MÉGANE 2 PHASE 1,17000 DT,Renault,Megane Mégane 2 Phase 1,260000,12.2005,Diesel,Manuelle,Mahdia,Gris,Marron,5,,10.02.2026,https://www.vente-voiture-tunisie.com/voiture-occasion/Annonce-vente-voiture-occasion-tunisie.aspx?ref=260210184010
VOLKSWAGEN CADDY PRESTIGE,0002 DT,Volkswagen,Caddy Prestige,175000,5.2020,Diesel,Manuelle,Ariana,Blanc,Noir,2,,08.02.2026,https://www.vente-voiture-tunisie.com/voiture-occasion/Annonce-vente-voiture-occasion-tunisie.aspx?ref=260208191922
RENAULT SYMBOL COMFORT 3,36000 DT,Renault,Symbol Comfort 3,176360,1.2017,Essence,Manuelle,Sfax,Gris,Gris,4,,07.02.2026,https://www.vente-voiture-tunisie.com/voiture-occasion/Annonce-vente-voiture-occasion-tunisie.aspx?ref=260207203504
MERCEDES 220 BENZ,0025 DT,Mercedes,220 Benz,380000,1.2000,Essence,Manuelle,Tunis,Gris,Noir,4,,07.02.2026,https://www.vente-voiture-tunisie.com/voiture-occasion/Annonce-vente-voiture-occasion-tunisie.aspx?ref=260207160341
VOLKSWAGEN POLO 6,18000 DT,Volkswagen,Polo 6,398000,10.2006,Essence,Manuelle,Tunis,,,5,,05.02.2026,https://www.vente-voiture-tunisie.com/voiture-occasion/Annonce-vente-voiture-occasion-tunisie.aspx?ref=260205172043
VOLKSWAGEN POLO 6,18000 DT,Volkswagen,Polo 6,389000,10.2006,Essence,Manuelle,Tunis,Gris,Noir,5,,05.02.2026,https://www.vente-voiture-tunisie.com/voiture-occasion/Annonce-vente-voiture-occasion-tunisie.aspx?ref=260205171908
PEUGEOT 106 FASE2 SKETCH,13000 DT,Peugeot,106 Fase2 Sketch,300000,11.1996,Essence,Manuelle,Tunis,,,2,,02.02.2026,https://www.vente-voiture-tunisie.com/voiture-occasion/Annonce-vente-voiture-occasion-tunisie.aspx?ref=260202231253
SEAT IBIZA STYLE,43000 DT,Seat,Ibiza Style,130000,2.2021,Essence,Manuelle,Ben Arous,Blanc,Noir,5,"ABS, Airbags frontaux, Airbags latéraux, Bluetooth, Climatisation, Climatisation automatique, Direction assistée, Fermeture centralisée, Jantes en alliage, Ordinateur de bord, Radar de recul, Vitres électriques",30.01.2026,https://www.vente-voiture-tunisie.com/voiture-occasion/Annonce-vente-voiture-occasion-tunisie.aspx?ref=260130221654
PEUGEOT 207,0020 DT,Peugeot,207,260,9.2008,Diesel,Manuelle,Manouba,Rouge,Noir,5,,26.01.2026,https://www.vente-voiture-tunisie.com/voiture-occasion/Annonce-vente-voiture-occasion-tunisie.aspx?ref=260126151141
CHERY TIGGO 4,65000 DT,Chery,Tiggo 4,65000,1.2020,Essence,Automatique,Medenine,Bleu,Noir,5,,24.01.2026,https://www.vente-voiture-tunisie.com/voiture-occasion/Annonce-vente-voiture-occasion-tunisie.aspx?ref=260124173305
PEUGEOT 407,36000 DT,Peugeot,407,65000,7.2010,Diesel,Manuelle,Sousse,Gris,Bordeaux,4,,23.01.2026,https://www.vente-voiture-tunisie.com/voiture-occasion/Annonce-vente-voiture-occasion-tunisie.aspx?ref=260123163652
PEUGEOT 107,23000 DT,Peugeot,107,188000,5.2010,Essence,Manuelle,Bizerte,Noir,,4,,19.01.2026,https://www.vente-voiture-tunisie.com/voiture-occasion/Annonce-vente-voiture-occasion-tunisie.aspx?ref=260119194025
KIA PICANTO POPULAIRE,35000 DT,Kia,Picanto Populaire,98000,10.2018,Essence,Manuelle,Tunis,Bleu,Noir,4,,19.01.2026,https://www.vente-voiture-tunisie.com/voiture-occasion/Annonce-vente-voiture-occasion-tunisie.aspx?ref=260119110418
PEUGEOT PARTNER B9,32500 DT,Peugeot,Partner B9,316000,1.2015,Diesel,Manuelle,Monastir,Blanc,,4,,19.01.2026,https://www.vente-voiture-tunisie.com/voiture-occasion/Annonce-vente-voiture-occasion-tunisie.aspx?ref=260119084732
KIA PICANTO,37000 DT,Kia,Picanto,97000,7.2023,Essence,Manuelle,Nabeul,Noir,Noir,5,,17.01.2026,https://www.vente-voiture-tunisie.com/voiture-occasion/Annonce-vente-voiture-occasion-tunisie.aspx?ref=260117162043
SUZUKI SWIFT 1.2 BVA,43000 DT,Suzuki,Swift 1.2 Bva,107000,1.2021,Essence,Automatique,Ariana,Blanc,Noir,5,"Android Auto, Caméra de recul, Climatisation, Direction assistée, Radar de recul",14.01.2026,https://www.vente-voiture-tunisie.com/voiture-occasion/Annonce-vente-voiture-occasion-tunisie.aspx?ref=260114151628
SUZUKI SWIFT 1.2 BVA,43000 DT,Suzuki,Swift 1.2 Bva,107000,2.2021,Essence,Automatique,Ariana,Blanc,Noir,5,"Android Auto, Caméra de recul, Climatisation, Direction assistée, Radar de recul",14.01.2026,https://www.vente-voiture-tunisie.com/voiture-occasion/Annonce-vente-voiture-occasion-tunisie.aspx?ref=260114151453
VOLKSWAGEN GOLF GOLF 8,108000 DT,Volkswagen,Golf Golf 8,44000,2.2023,Essence,Automatique,Tunis,Gris,Noir,5,Toit panoramique,14.01.2026,https://www.vente-voiture-tunisie.com/voiture-occasion/Annonce-vente-voiture-occasion-tunisie.aspx?ref=260114135523
PEUGEOT 206,15500 DT,Peugeot,206,330000,10.2001,Essence,Manuelle,Nabeul,Bleu,,4,,13.01.2026,https://www.vente-voiture-tunisie.com/voiture-occasion/Annonce-vente-voiture-occasion-tunisie.aspx?ref=260113122945
PEUGEOT 206,15500 DT,Peugeot,206,330000,10.2001,Essence,Manuelle,Nabeul,Bleu,,4,,13.01.2026,https://www.vente-voiture-tunisie.com/voiture-occasion/Annonce-vente-voiture-occasion-tunisie.aspx?ref=260113121459
KIA RIO BERLINE,36000 DT,Kia,Rio Berline,388000,9.2017,Essence,Manuelle,Nabeul,Ivoir,Gris,4,,07.01.2026,https://www.vente-voiture-tunisie.com/voiture-occasion/Annonce-vente-voiture-occasion-tunisie.aspx?ref=260107221214
GREAT WALL M4,35000 DT,Great Wall,M4,138,9.2017,Essence,Manuelle,Tunis,Blanc,Noir,4,"ABS, Bluetooth, Climatisation, Ordinateur de bord, Radar de recul, Vitres électriques",07.01.2026,https://www.vente-voiture-tunisie.com/voiture-occasion/Annonce-vente-voiture-occasion-tunisie.aspx?ref=260107220547
FORD ECOSPORT TITANIUM,65000 DT,Ford,Ecosport Titanium,60400,2.2020,Essence,Manuelle,Ariana,Marron,Noir,5,,05.01.2026,https://www.vente-voiture-tunisie.com/voiture-occasion/Annonce-vente-voiture-occasion-tunisie.aspx?ref=260105174807
KIA RIO BERLINE,32000 DT,Kia,Rio Berline,388000,9.2017,Essence,Manuelle,Nabeul,Noir,Gris,5,,04.01.2026,https://www.vente-voiture-tunisie.com/voiture-occasion/Annonce-vente-voiture-occasion-tunisie.aspx?ref=260104224404
VOLKSWAGEN POLO 7,29500 DT,Volkswagen,Polo 7,195000,6.2013,Essence,Automatique,Ben Arous,Gris,Noir,5,,31.12.2025,https://www.vente-voiture-tunisie.com/voiture-occasion/Annonce-vente-voiture-occasion-tunisie.aspx?ref=251231161323
VOLKSWAGEN POLO 7,29500 DT,Volkswagen,Polo 7,195000,6.2013,Essence,Automatique,Ben Arous,Gris,Noir,5,,31.12.2025,https://www.vente-voiture-tunisie.com/voiture-occasion/Annonce-vente-voiture-occasion-tunisie.aspx?ref=251231161024
VOLKSWAGEN POLO POLO 6,19000 DT,Volkswagen,Polo Polo 6,391000,2.2006,Essence,Manuelle,Tunis,Gris,Noir,5,,30.12.2025,https://www.vente-voiture-tunisie.com/voiture-occasion/Annonce-vente-voiture-occasion-tunisie.aspx?ref=251230123709
PEUGEOT 206 SW,16500 DT,Peugeot,206 Sw,310,10.2001,Essence,Manuelle,Nabeul,Bleu,,4,,30.12.2025,https://www.vente-voiture-tunisie.com/voiture-occasion/Annonce-vente-voiture-occasion-tunisie.aspx?ref=251230122412
TOYOTA AURIS D4D,0022 DT,Toyota,Auris D4D,340000,1.2007,Diesel,Manuelle,Tunis,Gris,Gris,4,,30.12.2025,https://www.vente-voiture-tunisie.com/voiture-occasion/Annonce-vente-voiture-occasion-tunisie.aspx?ref=251230082543
VOLKSWAGEN PASSAT CC,71000 DT,Volkswagen,Passat Cc,80014,8.2015,Essence,Automatique,Sousse,Bleu,Beige,5,"Bluetooth, Caméra de recul, Climatisation, Régulateur de vitesse, Toit ouvrant",29.12.2025,https://www.vente-voiture-tunisie.com/voiture-occasion/Annonce-vente-voiture-occasion-tunisie.aspx?ref=251229231106
AUDI A4,435000 DT,Audi,A4,255000,1.2013,Essence,Manuelle,Tunis,Noir,Noir,4,"Climatisation, Ordinateur de bord, Régulateur de vitesse, Vitres électriques",28.12.2025,https://www.vente-voiture-tunisie.com/voiture-occasion/Annonce-vente-voiture-occasion-tunisie.aspx?ref=251228213104
RENAULT MEGANE 1,12500 DT,Renault,Megane 1,,12.1997,Diesel,Automatique,Nabeul,Blanc,Bleu,4,,23.12.2025,https://www.vente-voiture-tunisie.com/voiture-occasion/Annonce-vente-voiture-occasion-tunisie.aspx?ref=251223192648
CITROEN C1 VOITURE,0001 DT,Citroen,C1 Voiture,160,1.2011,Essence,Manuelle,Bizerte,Rouge,Rouge,4,,23.12.2025,https://www.vente-voiture-tunisie.com/voiture-occasion/Annonce-vente-voiture-occasion-tunisie.aspx?ref=251223185613
MG 5 BERLINE,56000 DT,Mg,5 Berline,83000,4.2021,Essence,Automatique,Sousse,Noir,Beige,5,"Caméra de recul, Climatisation, Climatisation automatique, Radar de recul, Régulateur de vitesse, Toit ouvrant",23.12.2025,https://www.vente-voiture-tunisie.com/voiture-occasion/Annonce-vente-voiture-occasion-tunisie.aspx?ref=251223094547
FORD FIESTA TITANIUM,28000 DT,Ford,Fiesta Titanium,184000,12.2011,Essence,Manuelle,Ben Arous,Blanc,Noir,5,,22.12.2025,https://www.vente-voiture-tunisie.com/voiture-occasion/Annonce-vente-voiture-occasion-tunisie.aspx?ref=251222155943
RENAULT MEGANE CC TCE 1.2,39500 DT,Renault,Megane Cc Tce 1.2,230000,7.2017,Essence,Manuelle,Ariana,Marron,Noir,5,,21.12.2025,https://www.vente-voiture-tunisie.com/voiture-occasion/Annonce-vente-voiture-occasion-tunisie.aspx?ref=251221232233
BMW SÉRIE 3 E36 325 TDS,0015 DT,Bmw,Série 3 E36 325 Tds,380000,1.1994,Diesel,Manuelle,Beja,Rouge,Noir,4,,21.12.2025,https://www.vente-voiture-tunisie.com/voiture-occasion/Annonce-vente-voiture-occasion-tunisie.aspx?ref=251221134758
CITROEN C3 PLURIEL HAYON,0018 DT,Citroen,C3 Pluriel Hayon,180000,6.2006,Essence,Manuelle,Tunis,Noir,Gris,2,,19.12.2025,https://www.vente-voiture-tunisie.com/voiture-occasion/Annonce-vente-voiture-occasion-tunisie.aspx?ref=251219205407
KIA PICANTO NA,29800 DT,Kia,Picanto Na,130000,2.2016,Essence,Automatique,Tunis,Rouge,Noir,5,,17.12.2025,https://www.vente-voiture-tunisie.com/voiture-occasion/Annonce-vente-voiture-occasion-tunisie.aspx?ref=251217091655
SSANGYONG TIVOLI,41500 DT,Ssangyong,Tivoli,196000,10.2017,Essence,Automatique,Ben Arous,Gris,Bleu,5,,15.12.2025,https://www.vente-voiture-tunisie.com/voiture-occasion/Annonce-vente-voiture-occasion-tunisie.aspx?ref=251215164253
RENAULT MEGANE 4,42000 DT,Renault,Megane 4,230000,7.2017,Essence,Manuelle,Ariana,Marron,Noir,5,,15.12.2025,https://www.vente-voiture-tunisie.com/voiture-occasion/Annonce-vente-voiture-occasion-tunisie.aspx?ref=251215090445
DONGFENG S50 BERLINE,42000 DT,Dongfeng,S50 Berline,79400,3.2020,Essence,Manuelle,Manouba,Noir,Noir,4,,14.12.2025,https://www.vente-voiture-tunisie.com/voiture-occasion/Annonce-vente-voiture-occasion-tunisie.aspx?ref=251214173839
OPEL ASTRA H,22000 DT,Opel,Astra H,300,1.2005,Essence,Manuelle,Manouba,Gris,Noir,4,,14.12.2025,https://www.vente-voiture-tunisie.com/voiture-occasion/Annonce-vente-voiture-occasion-tunisie.aspx?ref=251214142643
SSANGYONG TIVOLI 1.6,53000 DT,Ssangyong,Tivoli 1.6,69800,2.2018,Essence,Manuelle,Tunis,Blanc,Noir,5,,13.12.2025,https://www.vente-voiture-tunisie.com/voiture-occasion/Annonce-vente-voiture-occasion-tunisie.aspx?ref=251213200220
SSANGYONG TIVOLI,53000 DT,Ssangyong,Tivoli,68900,2.2018,Essence,Manuelle,Tunis,Blanc,Noir,5,,13.12.2025,https://www.vente-voiture-tunisie.com/voiture-occasion/Annonce-vente-voiture-occasion-tunisie.aspx?ref=251213195851
RENAULT FLUENCE BERLIN,29000 DT,Renault,Fluence Berlin,323000,4.2011,Essence,Manuelle,Ariana,Blanc,Noir,4,,13.12.2025,https://www.vente-voiture-tunisie.com/voiture-occasion/Annonce-vente-voiture-occasion-tunisie.aspx?ref=251213155959
SEAT IBIZA,34500 DT,Seat,Ibiza,132000,3.2017,Essence,Manuelle,Tunis,Noir,Noir,5,,12.12.2025,https://www.vente-voiture-tunisie.com/voiture-occasion/Annonce-vente-voiture-occasion-tunisie.aspx?ref=251212104313
FIAT GRANDE PUNTO,26000 DT,Fiat,Grande Punto,156000,4.2016,Essence,Manuelle,Tunis,Noir,,,,11.12.2025,https://www.vente-voiture-tunisie.com/voiture-occasion/Annonce-vente-voiture-occasion-tunisie.aspx?ref=251211150045
RENAULT CLIO 5RSNO4,40000 DT,Renault,Clio 5Rsno4,93000,12.2019,Essence,Manuelle,Tunis,Gris,Noir,4,,10.12.2025,https://www.vente-voiture-tunisie.com/voiture-occasion/Annonce-vente-voiture-occasion-tunisie.aspx?ref=251210113238
RENAULT CLIO 5RSNO4,40000 DT,Renault,Clio 5Rsno4,93000,12.2019,Essence,Manuelle,Tunis,Gris,Gris,4,,10.12.2025,https://www.vente-voiture-tunisie.com/voiture-occasion/Annonce-vente-voiture-occasion-tunisie.aspx?ref=251210113014
JAGUAR F-PACE,10000000 DT,Jaguar,F-Pace,200000,10.2013,,,Kairouan,Rose,Vert,2,,08.12.2025,https://www.vente-voiture-tunisie.com/voiture-occasion/Annonce-vente-voiture-occasion-tunisie.aspx?ref=251208131144
KIA SPORTAGE,99000 DT,Kia,Sportage,70000,11.2025,Essence,Manuelle,Ariana,Blanc,Gris,4,,08.12.2025,https://www.vente-voiture-tunisie.com/voiture-occasion/Annonce-vente-voiture-occasion-tunisie.aspx?ref=251208013732
TOYOTA AYGO AGYA,38500 DT,Toyota,Aygo Agya,,9.2022,Essence,Manuelle,Sfax,Blanc,Noir,4,,07.12.2025,https://www.vente-voiture-tunisie.com/voiture-occasion/Annonce-vente-voiture-occasion-tunisie.aspx?ref=251207220450
MERCEDES CLASSE C C180D,120000 DT,Mercedes,Classe C C180D,186000,4.2018,Diesel,Automatique,Tunis,Gris,Gris,5,,04.12.2025,https://www.vente-voiture-tunisie.com/voiture-occasion/Annonce-vente-voiture-occasion-tunisie.aspx?ref=251204122545
MERCEDES CLASSE C C180D,120000 DT,Mercedes,Classe C C180D,186000,4.2018,Diesel,Automatique,Tunis,Gris,Gris,5,,04.12.2025,https://www.vente-voiture-tunisie.com/voiture-occasion/Annonce-vente-voiture-occasion-tunisie.aspx?ref=251204121638
KIA SORENTO,60000 DT,Kia,Sorento,296000,10.2010,Diesel,Automatique,Tunis,,Beige,5,,03.12.2025,https://www.vente-voiture-tunisie.com/voiture-occasion/Annonce-vente-voiture-occasion-tunisie.aspx?ref=251203210947
CITROEN JUMPER CAMION,44000 DT,Citroen,Jumper Camion,291000,1.2010,Diesel,Manuelle,Nabeul,Blanc,Noir,4,,03.12.2025,https://www.vente-voiture-tunisie.com/voiture-occasion/Annonce-vente-voiture-occasion-tunisie.aspx?ref=251203202555
KIA PICANTO 5 PLACE,0039 DT,Kia,Picanto 5 Place,58,10.2019,Essence,Manuelle,Zaghouan,Marron,Noir,5,,02.12.2025,https://www.vente-voiture-tunisie.com/voiture-occasion/Annonce-vente-voiture-occasion-tunisie.aspx?ref=251202132849
KIA PICANTO 5 PLACE,0039 DT,Kia,Picanto 5 Place,58,10.2019,Essence,Manuelle,Zaghouan,Marron,Noir,5,,02.12.2025,https://www.vente-voiture-tunisie.com/voiture-occasion/Annonce-vente-voiture-occasion-tunisie.aspx?ref=251202132736
MERCEDES CLASSE C C180D,122000 DT,Mercedes,Classe C C180D,186000,4.2018,Diesel,Automatique,Tunis,Gris,Gris,4,,01.12.2025,https://www.vente-voiture-tunisie.com/voiture-occasion/Annonce-vente-voiture-occasion-tunisie.aspx?ref=251201084627
MERCEDES CLASSE C C180D,0122 DT,Mercedes,Classe C C180D,186000,4.2018,Diesel,Automatique,Tunis,Gris,Gris,4,,01.12.2025,https://www.vente-voiture-tunisie.com/voiture-occasion/Annonce-vente-voiture-occasion-tunisie.aspx?ref=251201084224
PEUGEOT 308 1.2,0038 DT,Peugeot,308 1.2,180,1.2015,Essence,Manuelle,Ben Arous,Gris,Beige,5,"Bluetooth, Climatisation, Ordinateur de bord, Vitres électriques",30.11.2025,https://www.vente-voiture-tunisie.com/voiture-occasion/Annonce-vente-voiture-occasion-tunisie.aspx?ref=251130214146
PEUGEOT 308 1.2,0038 DT,Peugeot,308 1.2,180,1.2015,Essence,Manuelle,Ben Arous,Gris,Beige,5,"Bluetooth, Climatisation, Ordinateur de bord, Vitres électriques",30.11.2025,https://www.vente-voiture-tunisie.com/voiture-occasion/Annonce-vente-voiture-occasion-tunisie.aspx?ref=251130214143
FORD FIESTA,27000 DT,Ford,Fiesta,200000,1.2009,Essence,Manuelle,Ben Arous,Noir,Noir,4,,30.11.2025,https://www.vente-voiture-tunisie.com/voiture-occasion/Annonce-vente-voiture-occasion-tunisie.aspx?ref=251130105616
VOLKSWAGEN POLO 7+,29500 DT,Volkswagen,Polo 7+,338000,8.2014,Essence,Manuelle,Monastir,Blanc,,5,,27.11.2025,https://www.vente-voiture-tunisie.com/voiture-occasion/Annonce-vente-voiture-occasion-tunisie.aspx?ref=251127083935
CITROEN C3,36000 DT,Citroen,C3,94000,12.2017,Essence,Manuelle,Nabeul,Gris,Gris,5,,26.11.2025,https://www.vente-voiture-tunisie.com/voiture-occasion/Annonce-vente-voiture-occasion-tunisie.aspx?ref=251126205317
KIA PICANTO BERLINE,32000 DT,Kia,Picanto Berline,170000,10.2017,Essence,Manuelle,Ben Arous,Blanc,Noir,5,"Climatisation, Direction assistée, Fermeture centralisée, Vitres électriques",26.11.2025,https://www.vente-voiture-tunisie.com/voiture-occasion/Annonce-vente-voiture-occasion-tunisie.aspx?ref=251126192034
TOYOTA YARIS SEDAN,43000 DT,Toyota,Yaris Sedan,244000,9.2018,Essence,Manuelle,Ariana,Gris,Noir,5,,26.11.2025,https://www.vente-voiture-tunisie.com/voiture-occasion/Annonce-vente-voiture-occasion-tunisie.aspx?ref=251126173843
VOLKSWAGEN PASSAT,24000 DT,Volkswagen,Passat,480000,1.2000,Diesel,Manuelle,Nabeul,Noir,Gris,4,,23.11.2025,https://www.vente-voiture-tunisie.com/voiture-occasion/Annonce-vente-voiture-occasion-tunisie.aspx?ref=251123130556
NISSAN QASHQAI,62000 DT,Nissan,Qashqai,182000,5.2015,Diesel,Manuelle,Bizerte,Noir,Noir,5,,21.11.2025,https://www.vente-voiture-tunisie.com/voiture-occasion/Annonce-vente-voiture-occasion-tunisie.aspx?ref=251121165042
PEUGEOT PARTNER B9,26500 DT,Peugeot,Partner B9,338000,10.2018,Diesel,Manuelle,Tunis,Blanc,Noir,2,,17.11.2025,https://www.vente-voiture-tunisie.com/voiture-occasion/Annonce-vente-voiture-occasion-tunisie.aspx?ref=251117205501
PEUGEOT PARTNER B9,28500 DT,Peugeot,Partner B9,338000,10.2018,Diesel,Manuelle,Tunis,Blanc,Noir,2,,17.11.2025,https://www.vente-voiture-tunisie.com/voiture-occasion/Annonce-vente-voiture-occasion-tunisie.aspx?ref=251117205500
FORD KA,25000000 DT,Ford,Ka,,7.2015,Essence,Manuelle,Tunis,Noir,Gris,2,,17.11.2025,https://www.vente-voiture-tunisie.com/voiture-occasion/Annonce-vente-voiture-occasion-tunisie.aspx?ref=251117141912
HONDA CR-V HEV HYBRIDE,156000 DT,Honda,Cr-V Hev Hybride,27000,4.2023,Essence,Automatique,Tunis,Noir,,5,,16.11.2025,https://www.vente-voiture-tunisie.com/voiture-occasion/Annonce-vente-voiture-occasion-tunisie.aspx?ref=251116220753
VOLKSWAGEN JETTA JETTA3,32000 DT,Volkswagen,Jetta Jetta3,219000,3.2011,Essence,Manuelle,Ben Arous,Noir,,,,15.11.2025,https://www.vente-voiture-tunisie.com/voiture-occasion/Annonce-vente-voiture-occasion-tunisie.aspx?ref=251115184846
SEAT IBIZA,38000 DT,Seat,Ibiza,95000,1.2018,Essence,Manuelle,Manouba,Blanc,Noir,5,,15.11.2025,https://www.vente-voiture-tunisie.com/voiture-occasion/Annonce-vente-voiture-occasion-tunisie.aspx?ref=251115001447
BMW SÉRIE 3 E 92,0040 DT,Bmw,Série 3 E 92,177,1.2010,Essence,Manuelle,Sousse,Blanc,Noir,2,,14.11.2025,https://www.vente-voiture-tunisie.com/voiture-occasion/Annonce-vente-voiture-occasion-tunisie.aspx?ref=251114191009
PEUGEOT 301 301,27500 DT,Peugeot,301 301,220000,11.2019,Essence,Manuelle,Sfax,Bleu,Noir,4,,13.11.2025,https://www.vente-voiture-tunisie.com/voiture-occasion/Annonce-vente-voiture-occasion-tunisie.aspx?ref=251113095419
CHEVROLET CRUZE BERLINE,23000 DT,Chevrolet,Cruze Berline,218000,9.2013,Essence,Manuelle,Tunis,Noir,Bleu,4,,13.11.2025,https://www.vente-voiture-tunisie.com/voiture-occasion/Annonce-vente-voiture-occasion-tunisie.aspx?ref=251113092859
CITROEN C3 SHINE,37500 DT,Citroen,C3 Shine,69100,7.2018,Essence,Manuelle,Sfax,Blanc,Noir,4,,12.11.2025,https://www.vente-voiture-tunisie.com/voiture-occasion/Annonce-vente-voiture-occasion-tunisie.aspx?ref=251112003623
MERCEDES CLASSE E,123456 DT,Mercedes,Classe E,5000,1.2024,Essence,Automatique,Sousse,Blanc,Gris,5,Toit ouvrant,11.11.2025,https://www.vente-voiture-tunisie.com/voiture-occasion/Annonce-vente-voiture-occasion-tunisie.aspx?ref=251111220453
MERCEDES CLASSE E,123456 DT,Mercedes,Classe E,5000,6.2024,Essence,Automatique,Sousse,Blanc,Gris,5,Toit ouvrant,11.11.2025,https://www.vente-voiture-tunisie.com/voiture-occasion/Annonce-vente-voiture-occasion-tunisie.aspx?ref=251111220218
SEAT IBIZA,42500 DT,Seat,Ibiza,100000,11.2019,Essence,Manuelle,Tunis,Gris,Gris,5,Bluetooth,09.11.2025,https://www.vente-voiture-tunisie.com/voiture-occasion/Annonce-vente-voiture-occasion-tunisie.aspx?ref=251109143314
CITROEN C3 BERLINE,23000 DT,Citroen,C3 Berline,210000,9.2009,Essence,Manuelle,Ben Arous,Vert,Gris,5,"ABS, Direction assistée, Fermeture centralisée",09.11.2025,https://www.vente-voiture-tunisie.com/voiture-occasion/Annonce-vente-voiture-occasion-tunisie.aspx?ref=251109134316
CITROEN C3 BERLINE,24000 DT,Citroen,C3 Berline,210000,9.2009,Essence,Manuelle,Ben Arous,Vert,Noir,5,ABS,09.11.2025,https://www.vente-voiture-tunisie.com/voiture-occasion/Annonce-vente-voiture-occasion-tunisie.aspx?ref=251109085443
KIA RIO COUPÉ,41000 DT,Kia,Rio Coupé,117000,4.2015,Essence,Manuelle,Tunis,Noir,Noir,5,Caméra de recul,04.11.2025,https://www.vente-voiture-tunisie.com/voiture-occasion/Annonce-vente-voiture-occasion-tunisie.aspx?ref=251104225726
KIA RIO COUPÉ,42000 DT,Kia,Rio Coupé,117000,4.2015,Essence,Manuelle,Tunis,Noir,Noir,5,,04.11.2025,https://www.vente-voiture-tunisie.com/voiture-occasion/Annonce-vente-voiture-occasion-tunisie.aspx?ref=251104174911
PEUGEOT 107 108,29000 DT,Peugeot,107 108,170000,10.2016,Essence,Manuelle,Tunis,Noir,Noir,5,,02.11.2025,https://www.vente-voiture-tunisie.com/voiture-occasion/Annonce-vente-voiture-occasion-tunisie.aspx?ref=251102181244
VOLVO S80 T2.0,37500 DT,Volvo,S80 T2.0,353215,10.2012,Diesel,Automatique,Tunis,Noir,Beige,4,,02.11.2025,https://www.vente-voiture-tunisie.com/voiture-occasion/Annonce-vente-voiture-occasion-tunisie.aspx?ref=251102095021
HYUNDAI GRAND I10,30000 DT,Hyundai,Grand I10,115600,5.2015,Essence,Manuelle,Ben Arous,Gris,Orange,4,,29.10.2025,https://www.vente-voiture-tunisie.com/voiture-occasion/Annonce-vente-voiture-occasion-tunisie.aspx?ref=251029165017
HYUNDAI GRAND I10,30000 DT,Hyundai,Grand I10,115600,5.2015,Essence,Manuelle,Ben Arous,Gris,Orange,4,,29.10.2025,https://www.vente-voiture-tunisie.com/voiture-occasion/Annonce-vente-voiture-occasion-tunisie.aspx?ref=251029165015
SSANGYONG ACTYON SPORTS SPORT,32000 DT,Ssangyong,Actyon Sports Sport,250000,5.2011,Diesel,Manuelle,Tunis,Noir,Noir,5,,28.10.2025,https://www.vente-voiture-tunisie.com/voiture-occasion/Annonce-vente-voiture-occasion-tunisie.aspx?ref=251028174819
DACIA DOKKER VAN 1.5,23500 DT,Dacia,Dokker Van 1.5,230000,8.2014,Diesel,Manuelle,Sousse,Gris,Gris,2,"ABS, Climatisation, Fermeture centralisée, Vitres électriques",28.10.2025,https://www.vente-voiture-tunisie.com/voiture-occasion/Annonce-vente-voiture-occasion-tunisie.aspx?ref=251028160543
VOLKSWAGEN PASSAT B8,0001 DT,Volkswagen,Passat B8,205000,10.2013,Essence,Manuelle,Ariana,Noir,Noir,5,,28.10.2025,https://www.vente-voiture-tunisie.com/voiture-occasion/Annonce-vente-voiture-occasion-tunisie.aspx?ref=251028115129
KIA PICANTO GT-LINE,35000 DT,Kia,Picanto Gt-Line,126000,5.2018,Essence,Manuelle,Manouba,Blanc,Noir,5,,28.10.2025,https://www.vente-voiture-tunisie.com/voiture-occasion/Annonce-vente-voiture-occasion-tunisie.aspx?ref=251028092215
KIA PICANTO GT-LINE,35000 DT,Kia,Picanto Gt-Line,126000,5.2018,Essence,Manuelle,Manouba,Blanc,Noir,5,,28.10.2025,https://www.vente-voiture-tunisie.com/voiture-occasion/Annonce-vente-voiture-occasion-tunisie.aspx?ref=251028092045
TOYOTA C-HR SUV,87000 DT,Toyota,C-Hr Suv,40000,10.2022,Essence,Automatique,Manouba,Gris,Noir,5,,28.10.2025,https://www.vente-voiture-tunisie.com/voiture-occasion/Annonce-vente-voiture-occasion-tunisie.aspx?ref=251028090959
CITROEN BERLINGO VAN BERLINGO,18000 DT,Citroen,Berlingo Van Berlingo,,10.2006,Diesel,Manuelle,Beja,Blanc,Noir,4,,27.10.2025,https://www.vente-voiture-tunisie.com/voiture-occasion/Annonce-vente-voiture-occasion-tunisie.aspx?ref=251027095843
PEUGEOT PARTNER UTLILITAIRE K9,42500 DT,Peugeot,Partner Utlilitaire K9,90000,9.2020,Diesel,Manuelle,Medenine,Blanc,Noir,2,,26.10.2025,https://www.vente-voiture-tunisie.com/voiture-occasion/Annonce-vente-voiture-occasion-tunisie.aspx?ref=251026164635
PEUGEOT 206 MODELE 2005,19000 DT,Peugeot,206 Modele 2005,141000,1.2005,Essence,Manuelle,Tunis,Noir,Noir,5,,24.10.2025,https://www.vente-voiture-tunisie.com/voiture-occasion/Annonce-vente-voiture-occasion-tunisie.aspx?ref=251024112933
PEUGEOT 301,11111 DT,Peugeot,301,230000,1.2013,,Manuelle,Sidi Bouzid,Gris,Noir,4,,23.10.2025,https://www.vente-voiture-tunisie.com/voiture-occasion/Annonce-vente-voiture-occasion-tunisie.aspx?ref=251023195945
PEUGEOT 301,11111 DT,Peugeot,301,230,2.2013,,Manuelle,Sidi Bouzid,Gris,Noir,4,,23.10.2025,https://www.vente-voiture-tunisie.com/voiture-occasion/Annonce-vente-voiture-occasion-tunisie.aspx?ref=251023195610
RENAULT CLIO,45500 DT,Renault,Clio,32000,6.2021,Essence,Manuelle,Tunis,Gris,Noir,5,,23.10.2025,https://www.vente-voiture-tunisie.com/voiture-occasion/Annonce-vente-voiture-occasion-tunisie.aspx?ref=251023063527
CITROEN C3,30000 DT,Citroen,C3,,1.2018,Essence,Manuelle,Ben Arous,Blanc,,4,,21.10.2025,https://www.vente-voiture-tunisie.com/voiture-occasion/Annonce-vente-voiture-occasion-tunisie.aspx?ref=251021204809
CITROEN C4,44000 DT,Citroen,C4,70000,8.2016,Essence,Manuelle,Ariana,Noir,Noir,5,,21.10.2025,https://www.vente-voiture-tunisie.com/voiture-occasion/Annonce-vente-voiture-occasion-tunisie.aspx?ref=251021172425
OPEL ASTRA G,22000 DT,Opel,Astra G,296000,10.2002,Essence,Manuelle,Monastir,Gris,Gris,5,,19.10.2025,https://www.vente-voiture-tunisie.com/voiture-occasion/Annonce-vente-voiture-occasion-tunisie.aspx?ref=251019172225
MERCEDES VITO 114,65000 DT,Mercedes,Vito 114,90000,6.2018,Diesel,Manuelle,Sfax,Blanc,Blanc,4,,19.10.2025,https://www.vente-voiture-tunisie.com/voiture-occasion/Annonce-vente-voiture-occasion-tunisie.aspx?ref=251019123710
CITROEN C3 C3 SHINE,35750 DT,Citroen,C3 C3 Shine,13000,10.2020,Essence,Manuelle,Tunis,Gris,Gris,5,,19.10.2025,https://www.vente-voiture-tunisie.com/voiture-occasion/Annonce-vente-voiture-occasion-tunisie.aspx?ref=251019120518
VOLKSWAGEN PASSAT,29500 DT,Volkswagen,Passat,306000,11.2011,Essence,Automatique,Ariana,Gris,Gris,4,,17.10.2025,https://www.vente-voiture-tunisie.com/voiture-occasion/Annonce-vente-voiture-occasion-tunisie.aspx?ref=251017120454
PEUGEOT 306 BERLINE,9500 DT,Peugeot,306 Berline,222222,1.2002,Diesel,Manuelle,Monastir,Vert,Noir,5,,17.10.2025,https://www.vente-voiture-tunisie.com/voiture-occasion/Annonce-vente-voiture-occasion-tunisie.aspx?ref=251017091022
AUDI A4,30000 DT,Audi,A4,,1.2006,Diesel,Manuelle,Kairouan,Noir,Marron,4,,16.10.2025,https://www.vente-voiture-tunisie.com/voiture-occasion/Annonce-vente-voiture-occasion-tunisie.aspx?ref=251016184853
KIA SPORTAGE SELTOS 1.4 T-GDI TOP GRADE,117400 DT,Kia,Sportage Seltos 1.4 T-Gdi Top Grade,17100,10.2024,Essence,Automatique,Nabeul,Blanc,Noir,4,Toit panoramique,16.10.2025,https://www.vente-voiture-tunisie.com/voiture-occasion/Annonce-vente-voiture-occasion-tunisie.aspx?ref=251016142010
FIAT 500 DOLCIVITA,53000 DT,Fiat,500 Dolcivita,37000,7.2021,Essence,Automatique,Tunis,Rouge,Rouge,3,,13.10.2025,https://www.vente-voiture-tunisie.com/voiture-occasion/Annonce-vente-voiture-occasion-tunisie.aspx?ref=251013204154
FIAT 500 DOLCIVITA,53000 DT,Fiat,500 Dolcivita,37000,7.2021,Essence,Automatique,Tunis,Rouge,Rouge,3,,13.10.2025,https://www.vente-voiture-tunisie.com/voiture-occasion/Annonce-vente-voiture-occasion-tunisie.aspx?ref=251013204111
FIAT 500 DOLCIVITA,53000 DT,Fiat,500 Dolcivita,37000,7.2021,Essence,Automatique,Tunis,Rouge,Rouge,3,,13.10.2025,https://www.vente-voiture-tunisie.com/voiture-occasion/Annonce-vente-voiture-occasion-tunisie.aspx?ref=251013203748
AUDI Q5,68000 DT,Audi,Q5,362000,2.2010,Diesel,Automatique,Sousse,Noir,Beige,5,"ABS, Airbags frontaux, Climatisation, Climatisation automatique, ESP, Ordinateur de bord, Régulateur de vitesse",13.10.2025,https://www.vente-voiture-tunisie.com/voiture-occasion/Annonce-vente-voiture-occasion-tunisie.aspx?ref=251013190914
CHEVROLET SONIC 1.3,34500 DT,Chevrolet,Sonic 1.3,120000,7.2019,Essence,Manuelle,Sousse,Noir,Noir,5,"Bluetooth, Climatisation, Fermeture centralisée, Vitres électriques",13.10.2025,https://www.vente-voiture-tunisie.com/voiture-occasion/Annonce-vente-voiture-occasion-tunisie.aspx?ref=251013172023
SEAT IBIZA STYLE PLUS 2015,31000 DT,Seat,Ibiza Style Plus 2015,177000,5.2015,Essence,Manuelle,Sfax,Blanc,Noir,4,"Climatisation, Climatisation automatique, Toit panoramique",13.10.2025,https://www.vente-voiture-tunisie.com/voiture-occasion/Annonce-vente-voiture-occasion-tunisie.aspx?ref=251013015640
FORD ECOSPORT TITANIUM ECOBOOST 1.0,72000 DT,Ford,Ecosport Titanium Ecoboost 1.0,130000,3.2021,Essence,Automatique,Tunis,Blanc,Gris,4,"ABS, Airbags frontaux, Android Auto, Apple Carplay, Bluetooth, Climatisation, Climatisation automatique, ESP",11.10.2025,https://www.vente-voiture-tunisie.com/voiture-occasion/Annonce-vente-voiture-occasion-tunisie.aspx?ref=251011132415
CITROEN AX,5000 DT,Citroen,Ax,,9.1990,Essence,Manuelle,Ariana,Rouge,Noir,4,,09.10.2025,https://www.vente-voiture-tunisie.com/voiture-occasion/Annonce-vente-voiture-occasion-tunisie.aspx?ref=251009190749
MERCEDES CLASSE B B180CDI,0052 DT,Mercedes,Classe B B180Cdi,200000,1.2015,Diesel,Manuelle,Ariana,Gris,Noir,5,Caméra de recul,09.10.2025,https://www.vente-voiture-tunisie.com/voiture-occasion/Annonce-vente-voiture-occasion-tunisie.aspx?ref=251009182010
MG ZS GS,66000 DT,Mg,Zs Gs,56000,1.2017,Essence,Automatique,Ariana,Marron,Beige,5,Toit ouvrant,08.10.2025,https://www.vente-voiture-tunisie.com/voiture-occasion/Annonce-vente-voiture-occasion-tunisie.aspx?ref=251008154200
VOLKSWAGEN TOURAN 1.4,84700 DT,Volkswagen,Touran 1.4,115838,8.2018,Essence,Automatique,Ben Arous,Blanc,Marron,5,Toit ouvrant,07.10.2025,https://www.vente-voiture-tunisie.com/voiture-occasion/Annonce-vente-voiture-occasion-tunisie.aspx?ref=251007170557
PEUGEOT 106,10000 DT,Peugeot,106,560000,4.1996,Essence,Manuelle,Manouba,Blanc,Noir,5,,06.10.2025,https://www.vente-voiture-tunisie.com/voiture-occasion/Annonce-vente-voiture-occasion-tunisie.aspx?ref=251006235323
KIA SPORTAGE SUV,136000 DT,Kia,Sportage Suv,16300,2.2024,Essence,Automatique,Ariana,Noir,Noir,5,"Airbags frontaux, Android Auto, Bluetooth, Caméra de recul",06.10.2025,https://www.vente-voiture-tunisie.com/voiture-occasion/Annonce-vente-voiture-occasion-tunisie.aspx?ref=251006213056
VOLKSWAGEN TIGUAN,75000 DT,Volkswagen,Tiguan,124000,9.2015,Essence,Automatique,Gabes,Gris,Gris,5,,02.10.2025,https://www.vente-voiture-tunisie.com/voiture-occasion/Annonce-vente-voiture-occasion-tunisie.aspx?ref=251002131724
BMW SÉRIE 2 GRAN COUPÉ M,105000 DT,Bmw,Série 2 Gran Coupé M,57000,11.2021,Essence,Automatique,Tunis,Noir,Noir,5,,01.10.2025,https://www.vente-voiture-tunisie.com/voiture-occasion/Annonce-vente-voiture-occasion-tunisie.aspx?ref=251001181759
FIAT GRANDE PUNTO POP,22500 DT,Fiat,Grande Punto Pop,163000,4.2014,Essence,Manuelle,Nabeul,,Noir,5,"ABS, Climatisation, Direction assistée, Ordinateur de bord, Vitres électriques",01.10.2025,https://www.vente-voiture-tunisie.com/voiture-occasion/Annonce-vente-voiture-occasion-tunisie.aspx?ref=251001112219
PEUGEOT 508,28000 DT,Peugeot,508,225000,1.2012,Essence,Automatique,Sousse,Noir,Noir,4,,29.09.2025,https://www.vente-voiture-tunisie.com/voiture-occasion/Annonce-vente-voiture-occasion-tunisie.aspx?ref=250929214513
VOLKSWAGEN PASSAT,110000 DT,Volkswagen,Passat,175000,1.2019,Diesel,Automatique,Ariana,Noir,Gris,5,"Radar de recul, Toit ouvrant",27.09.2025,https://www.vente-voiture-tunisie.com/voiture-occasion/Annonce-vente-voiture-occasion-tunisie.aspx?ref=250927224317
SSANGYONG TIVOLI SUV,59000 DT,Ssangyong,Tivoli Suv,97000,2.2021,Essence,Manuelle,Tunis,Bleu,Beige,5,,27.09.2025,https://www.vente-voiture-tunisie.com/voiture-occasion/Annonce-vente-voiture-occasion-tunisie.aspx?ref=250927192825
TOYOTA RAV 4 DIESEL,40000 DT,Toyota,Rav 4 Diesel,110000,8.2010,Diesel,Manuelle,Nabeul,Noir,Noir,5,,22.09.2025,https://www.vente-voiture-tunisie.com/voiture-occasion/Annonce-vente-voiture-occasion-tunisie.aspx?ref=250922151810
VOLKSWAGEN GOLF,0030 DT,Volkswagen,Golf,215,12.2008,Essence,Manuelle,Sousse,Bleu,Beige,4,,21.09.2025,https://www.vente-voiture-tunisie.com/voiture-occasion/Annonce-vente-voiture-occasion-tunisie.aspx?ref=250921131759
PEUGEOT 407 DIESEL,36000 DT,Peugeot,407 Diesel,65000,7.2010,Diesel,Manuelle,Sousse,Bordeaux,Gris,4,,20.09.2025,https://www.vente-voiture-tunisie.com/voiture-occasion/Annonce-vente-voiture-occasion-tunisie.aspx?ref=250920143320
PEUGEOT 407 DIESEL,36000 DT,Peugeot,407 Diesel,65000,5.2010,Diesel,Manuelle,Sousse,Bordeaux,Gris,4,,20.09.2025,https://www.vente-voiture-tunisie.com/voiture-occasion/Annonce-vente-voiture-occasion-tunisie.aspx?ref=250920143049
PEUGEOT 407 DIESEL,36000 DT,Peugeot,407 Diesel,65000,5.2010,Diesel,Manuelle,Sousse,Bordeaux,Gris,4,,20.09.2025,https://www.vente-voiture-tunisie.com/voiture-occasion/Annonce-vente-voiture-occasion-tunisie.aspx?ref=250920143027
NISSAN MICRA,30000 DT,Nissan,Micra,100000,4.2018,Essence,Manuelle,Ben Arous,Rouge,Beige,5,,19.09.2025,https://www.vente-voiture-tunisie.com/voiture-occasion/Annonce-vente-voiture-occasion-tunisie.aspx?ref=250919183713
PEUGEOT 207,21000 DT,Peugeot,207,360000,1.2009,Diesel,Manuelle,Bizerte,Rouge,Noir,5,,17.09.2025,https://www.vente-voiture-tunisie.com/voiture-occasion/Annonce-vente-voiture-occasion-tunisie.aspx?ref=250917213038
KIA RIO COUPÉ,42000 DT,Kia,Rio Coupé,,1.2017,Essence,Manuelle,Tunis,Bleu,Marron,4,,15.09.2025,https://www.vente-voiture-tunisie.com/voiture-occasion/Annonce-vente-voiture-occasion-tunisie.aspx?ref=250915160144
PEUGEOT 207,22500 DT,Peugeot,207,400000,12.2011,Essence,Manuelle,Ariana,Noir,Gris,5,,15.09.2025,https://www.vente-voiture-tunisie.com/voiture-occasion/Annonce-vente-voiture-occasion-tunisie.aspx?ref=250915085135
PEUGEOT 207,22500 DT,Peugeot,207,400000,12.2011,Essence,Manuelle,Ariana,Noir,Gris,5,,15.09.2025,https://www.vente-voiture-tunisie.com/voiture-occasion/Annonce-vente-voiture-occasion-tunisie.aspx?ref=250915084619
PEUGEOT 207,21500 DT,Peugeot,207,400000,12.2011,Essence,Manuelle,Ariana,Noir,Gris,5,,15.09.2025,https://www.vente-voiture-tunisie.com/voiture-occasion/Annonce-vente-voiture-occasion-tunisie.aspx?ref=250915084156
KIA PICANTO POPULAIRE,41000 DT,Kia,Picanto Populaire,59000,1.2022,Essence,Manuelle,Zaghouan,Orange,Noir,5,,10.09.2025,https://www.vente-voiture-tunisie.com/voiture-occasion/Annonce-vente-voiture-occasion-tunisie.aspx?ref=250910112035
OPEL CORSA C - CONFORT,12000 DT,Opel,Corsa C - Confort,,4.2002,Essence,Manuelle,Tunis,Gris,Rouge,3,"ABS, Toit ouvrant, Vitres électriques",09.09.2025,https://www.vente-voiture-tunisie.com/voiture-occasion/Annonce-vente-voiture-occasion-tunisie.aspx?ref=250909183627
PEUGEOT 208,28000 DT,Peugeot,208,160,6.2016,Essence,Manuelle,Sousse,Gris,Noir,4,,07.09.2025,https://www.vente-voiture-tunisie.com/voiture-occasion/Annonce-vente-voiture-occasion-tunisie.aspx?ref=250907225800
BMW SÉRIE 1 116I,32000 DT,Bmw,Série 1 116I,250000,9.2009,Essence,Automatique,Tunis,Gris,Noir,5,,07.09.2025,https://www.vente-voiture-tunisie.com/voiture-occasion/Annonce-vente-voiture-occasion-tunisie.aspx?ref=250907094241
PEUGEOT 407 DIESEL,38000 DT,Peugeot,407 Diesel,65000,6.2010,Diesel,Manuelle,Sousse,Bordeaux,Bordeaux,4,,04.09.2025,https://www.vente-voiture-tunisie.com/voiture-occasion/Annonce-vente-voiture-occasion-tunisie.aspx?ref=250904094716
MAZDA 3 COMPACTE,45000 DT,Mazda,3 Compacte,240000,7.2015,Essence,Manuelle,Gafsa,Bleu,Noir,5,"Bluetooth, Caméra de recul, Climatisation",04.09.2025,https://www.vente-voiture-tunisie.com/voiture-occasion/Annonce-vente-voiture-occasion-tunisie.aspx?ref=250904084330
PEUGEOT 5008,83000 DT,Peugeot,5008,111000,12.2018,Diesel,Manuelle,Gabes,,,4,,02.09.2025,https://www.vente-voiture-tunisie.com/voiture-occasion/Annonce-vente-voiture-occasion-tunisie.aspx?ref=250902211939
BMW SÉRIE 3 F30,72000 DT,Bmw,Série 3 F30,87000,8.2014,Diesel,Manuelle,Jendouba,Noir,Noir,4,"ABS, Airbags frontaux, Bluetooth, Climatisation, Climatisation automatique, ESP, Ordinateur de bord, Régulateur de vitesse, Vitres électriques",02.09.2025,https://www.vente-voiture-tunisie.com/voiture-occasion/Annonce-vente-voiture-occasion-tunisie.aspx?ref=250902143242
MINI ONE,45000 DT,Mini,One,125000,4.2015,Essence,Manuelle,Tunis,Rouge,Rouge,3,,02.09.2025,https://www.vente-voiture-tunisie.com/voiture-occasion/Annonce-vente-voiture-occasion-tunisie.aspx?ref=250902140324
PEUGEOT 207 207,28500 DT,Peugeot,207 207,190000,6.2012,Essence,Manuelle,Ben Arous,Blanc,Noir,4,,01.09.2025,https://www.vente-voiture-tunisie.com/voiture-occasion/Annonce-vente-voiture-occasion-tunisie.aspx?ref=250901235041
FORD KA,27000 DT,Ford,Ka,175000,9.2015,Essence,Manuelle,Tunis,Blanc,Gris,2,"Climatisation, Direction assistée",01.09.2025,https://www.vente-voiture-tunisie.com/voiture-occasion/Annonce-vente-voiture-occasion-tunisie.aspx?ref=250901144914
MG 5 GT BERLINE,41500 DT,Mg,5 Gt Berline,111000,1.2017,Essence,Manuelle,Ariana,Argent,Noir,5,,01.09.2025,https://www.vente-voiture-tunisie.com/voiture-occasion/Annonce-vente-voiture-occasion-tunisie.aspx?ref=250901091018
VOLKSWAGEN GOLF GOLF 8 ACTIVE,0113 DT,Volkswagen,Golf Golf 8 Active,11000,5.2024,Essence,Manuelle,Ariana,Gris,Noir,5,,30.08.2025,https://www.vente-voiture-tunisie.com/voiture-occasion/Annonce-vente-voiture-occasion-tunisie.aspx?ref=250830070008
KIA PICANTO,36000 DT,Kia,Picanto,93000,1.2018,Essence,Manuelle,Sfax,Beige,Noir,5,,29.08.2025,https://www.vente-voiture-tunisie.com/voiture-occasion/Annonce-vente-voiture-occasion-tunisie.aspx?ref=250829233621
RENAULT FLUENCE LZ16E,0038 DT,Renault,Fluence Lz16E,149000,6.2016,Essence,Automatique,Tunis,Gris,Beige,4,,26.08.2025,https://www.vente-voiture-tunisie.com/voiture-occasion/Annonce-vente-voiture-occasion-tunisie.aspx?ref=250826183411
BMW SÉRIE 3 VOITURE,0059 DT,Bmw,Série 3 Voiture,140,9.2014,Essence,Automatique,Manouba,Blanc,Beige,5,,25.08.2025,https://www.vente-voiture-tunisie.com/voiture-occasion/Annonce-vente-voiture-occasion-tunisie.aspx?ref=250825202728
HYUNDAI GRAND I10,28000 DT,Hyundai,Grand I10,164000,1.2015,Essence,Manuelle,Sousse,,,5,,25.08.2025,https://www.vente-voiture-tunisie.com/voiture-occasion/Annonce-vente-voiture-occasion-tunisie.aspx?ref=250825122325
PEUGEOT 301 VÉHICULE PERSONNEL,0001 DT,Peugeot,301 Véhicule Personnel,185505,4.2014,Essence,Manuelle,Tunis,Blanc,Noir,4,,23.08.2025,https://www.vente-voiture-tunisie.com/voiture-occasion/Annonce-vente-voiture-occasion-tunisie.aspx?ref=250823105252
RENAULT CLIO 4,48000 DT,Renault,Clio 4,18200,11.2021,Essence,Manuelle,Manouba,Rouge,Noir,4,,21.08.2025,https://www.vente-voiture-tunisie.com/voiture-occasion/Annonce-vente-voiture-occasion-tunisie.aspx?ref=250821115856
VOLKSWAGEN CADDY 2,12400 DT,Volkswagen,Caddy 2,400,1.2001,Diesel,Manuelle,Jendouba,Gris,Noir,3,,21.08.2025,https://www.vente-voiture-tunisie.com/voiture-occasion/Annonce-vente-voiture-occasion-tunisie.aspx?ref=250821073631
MERCEDES 300 MERCEDES SPRINTER 316,28000 DT,Mercedes,300 Mercedes Sprinter 316,21000,1.2009,Diesel,Manuelle,Tunis,Bleu,Gris,2,,21.08.2025,https://www.vente-voiture-tunisie.com/voiture-occasion/Annonce-vente-voiture-occasion-tunisie.aspx?ref=250821053846
OPEL CORSA,11000 DT,Opel,Corsa,193000,6.2005,Essence,Manuelle,Tunis,Bleu,Gris,4,,20.08.2025,https://www.vente-voiture-tunisie.com/voiture-occasion/Annonce-vente-voiture-occasion-tunisie.aspx?ref=250820092137
HAVAL H2 SUV,65000 DT,Haval,H2 Suv,60000,2.2021,Essence,Automatique,Tunis,Bleu,Beige,5,,19.08.2025,https://www.vente-voiture-tunisie.com/voiture-occasion/Annonce-vente-voiture-occasion-tunisie.aspx?ref=250819132228
PEUGEOT 407 DIESEL,38000 DT,Peugeot,407 Diesel,65000,6.2010,Diesel,Manuelle,Sousse,Bordeaux,Bordeaux,4,,18.08.2025,https://www.vente-voiture-tunisie.com/voiture-occasion/Annonce-vente-voiture-occasion-tunisie.aspx?ref=250818193854
AUDI Q5 2.0L,75000 DT,Audi,Q5 2.0L,350000,10.2010,Diesel,Automatique,Sousse,Noir,Beige,5,,11.08.2025,https://www.vente-voiture-tunisie.com/voiture-occasion/Annonce-vente-voiture-occasion-tunisie.aspx?ref=250811121410
PEUGEOT 407 DIESEL,38000 DT,Peugeot,407 Diesel,65000,6.2010,Diesel,Manuelle,Sousse,Beige,Bleu,,,07.08.2025,https://www.vente-voiture-tunisie.com/voiture-occasion/Annonce-vente-voiture-occasion-tunisie.aspx?ref=250807110541
PEUGEOT 407 DIESEL,38000 DT,Peugeot,407 Diesel,65000,6.2010,Diesel,Manuelle,Sousse,Beige,Bleu,,,07.08.2025,https://www.vente-voiture-tunisie.com/voiture-occasion/Annonce-vente-voiture-occasion-tunisie.aspx?ref=250807110352
PEUGEOT 407 DIESEL,38000 DT,Peugeot,407 Diesel,65000,6.2010,Diesel,Manuelle,Sousse,Beige,Bleu,,,07.08.2025,https://www.vente-voiture-tunisie.com/voiture-occasion/Annonce-vente-voiture-occasion-tunisie.aspx?ref=250807105944
FORD FIESTA FIESTA,11000 DT,Ford,Fiesta Fiesta,250,1.2001,Essence,Manuelle,Manouba,Noir,Noir,5,,06.08.2025,https://www.vente-voiture-tunisie.com/voiture-occasion/Annonce-vente-voiture-occasion-tunisie.aspx?ref=250806150841
PEUGEOT 407,38000 DT,Peugeot,407,65000,6.2010,Diesel,Manuelle,Sousse,Marron,Marron,4,,05.08.2025,https://www.vente-voiture-tunisie.com/voiture-occasion/Annonce-vente-voiture-occasion-tunisie.aspx?ref=250805195431
MAHINDRA KUV 100,26300 DT,Mahindra,Kuv 100,125000,8.2018,Essence,Manuelle,Sousse,Blanc,Noir,5,"Bluetooth, Climatisation, Direction assistée, ESP, Fermeture centralisée, Feux à LED, Radar de recul, Vitres électriques",05.08.2025,https://www.vente-voiture-tunisie.com/voiture-occasion/Annonce-vente-voiture-occasion-tunisie.aspx?ref=250805181606
FIAT GRANDE PUNTO,0023 DT,Fiat,Grande Punto,240,11.2014,Essence,Manuelle,Sousse,Blanc,Beige,4,,04.08.2025,https://www.vente-voiture-tunisie.com/voiture-occasion/Annonce-vente-voiture-occasion-tunisie.aspx?ref=250804162148
MAZDA 2 CITADINE,13649 DT,Mazda,2 Citadine,236000,4.2002,Diesel,Manuelle,Monastir,Noir,Gris,5,,04.08.2025,https://www.vente-voiture-tunisie.com/voiture-occasion/Annonce-vente-voiture-occasion-tunisie.aspx?ref=250804132411
CHEVROLET AVEO,26000 DT,Chevrolet,Aveo,123,6.2014,Essence,Manuelle,Tunis,Noir,Noir,4,,03.08.2025,https://www.vente-voiture-tunisie.com/voiture-occasion/Annonce-vente-voiture-occasion-tunisie.aspx?ref=250803203303
FIAT 500,48000 DT,Fiat,500,70000,12.2021,Essence,Manuelle,Sousse,Rouge,,2,,01.08.2025,https://www.vente-voiture-tunisie.com/voiture-occasion/Annonce-vente-voiture-occasion-tunisie.aspx?ref=250801203956
OPEL COMBO CARGO,0059 DT,Opel,Combo Cargo,1000,1.2025,Diesel,Manuelle,Tunis,Gris,Noir,2,,01.08.2025,https://www.vente-voiture-tunisie.com/voiture-occasion/Annonce-vente-voiture-occasion-tunisie.aspx?ref=250801144136
KIA PICANTO VOITURE,38500 DT,Kia,Picanto Voiture,40000,8.2021,Essence,Manuelle,Tunis,Rouge,Noir,4,Vitres électriques,30.07.2025,https://www.vente-voiture-tunisie.com/voiture-occasion/Annonce-vente-voiture-occasion-tunisie.aspx?ref=250730233829
CITROEN C5,0035 DT,Citroen,C5,183302,7.2013,Diesel,Manuelle,Ben Arous,Noir,Noir,5,"ABS, Bluetooth, Ordinateur de bord",29.07.2025,https://www.vente-voiture-tunisie.com/voiture-occasion/Annonce-vente-voiture-occasion-tunisie.aspx?ref=250729192310
CITROEN C-ELYSÉE,27000 DT,Citroen,C-Elysée,139000,1.2017,Essence,Manuelle,Ariana,Gris,Marron,4,,28.07.2025,https://www.vente-voiture-tunisie.com/voiture-occasion/Annonce-vente-voiture-occasion-tunisie.aspx?ref=250728215700
RENAULT CLIO CLASSIQUE,21500 DT,Renault,Clio Classique,200,10.2008,Essence,Manuelle,Ariana,Noir,Noir,5,,27.07.2025,https://www.vente-voiture-tunisie.com/voiture-occasion/Annonce-vente-voiture-occasion-tunisie.aspx?ref=250727233939
SUZUKI DZIRE,29000 DT,Suzuki,Dzire,176000,1.2019,Essence,Manuelle,Medenine,Or,Noir,5,,27.07.2025,https://www.vente-voiture-tunisie.com/voiture-occasion/Annonce-vente-voiture-occasion-tunisie.aspx?ref=250727193956
HYUNDAI I30 COMMERCIAL,68000 DT,Hyundai,I30 Commercial,79090,10.2019,Diesel,Manuelle,Monastir,Blanc,Noir,2,,22.07.2025,https://www.vente-voiture-tunisie.com/voiture-occasion/Annonce-vente-voiture-occasion-tunisie.aspx?ref=250722100513
CHEVROLET AVEO,26000 DT,Chevrolet,Aveo,123,6.2014,Essence,Manuelle,Ariana,Noir,Noir,4,,22.07.2025,https://www.vente-voiture-tunisie.com/voiture-occasion/Annonce-vente-voiture-occasion-tunisie.aspx?ref=250722002145
SUZUKI SWIFT CITADINE,38000 DT,Suzuki,Swift Citadine,130000,6.2021,Essence,Manuelle,Manouba,Marron,Noir,5,"ABS, Airbags frontaux, Bluetooth, ESP, Radar de recul, Régulateur de vitesse",21.07.2025,https://www.vente-voiture-tunisie.com/voiture-occasion/Annonce-vente-voiture-occasion-tunisie.aspx?ref=250721123440
FIAT PALIO 3,16500 DT,Fiat,Palio 3,174000,5.2010,Essence,Manuelle,Mahdia,Blanc,Gris,5,"ABS, Climatisation, Direction assistée",20.07.2025,https://www.vente-voiture-tunisie.com/voiture-occasion/Annonce-vente-voiture-occasion-tunisie.aspx?ref=250720211642
BMW SÉRIE 1,0053 DT,Bmw,Série 1,156789,9.2014,Diesel,Manuelle,Medenine,Bleu,Noir,5,,19.07.2025,https://www.vente-voiture-tunisie.com/voiture-occasion/Annonce-vente-voiture-occasion-tunisie.aspx?ref=250719225930
BMW SÉRIE 1,0053 DT,Bmw,Série 1,156789,12.2014,Diesel,Manuelle,Medenine,Bleu,Noir,5,,19.07.2025,https://www.vente-voiture-tunisie.com/voiture-occasion/Annonce-vente-voiture-occasion-tunisie.aspx?ref=250719215946
DACIA DOKKER VAN COMMERCIAL,32000 DT,Dacia,Dokker Van Commercial,213000,4.2019,Diesel,Manuelle,Ben Arous,Noir,Noir,3,,17.07.2025,https://www.vente-voiture-tunisie.com/voiture-occasion/Annonce-vente-voiture-occasion-tunisie.aspx?ref=250717075911
MERCEDES CLASSE GL GLA 250,88000 DT,Mercedes,Classe Gl Gla 250,160000,5.2015,Essence,Automatique,Kasserine,Noir,Noir,5,"Sièges chauffants, Toit panoramique",10.07.2025,https://www.vente-voiture-tunisie.com/voiture-occasion/Annonce-vente-voiture-occasion-tunisie.aspx?ref=250710150644
PEUGEOT 309,7500 DT,Peugeot,309,,1.1991,Essence,Manuelle,Zaghouan,Noir,Noir,4,,06.07.2025,https://www.vente-voiture-tunisie.com/voiture-occasion/Annonce-vente-voiture-occasion-tunisie.aspx?ref=250706015852
KIA RIO COUPÉ RIO,59900 DT,Kia,Rio Coupé Rio,27000,1.2022,Essence,Manuelle,Ariana,Noir,Noir,5,,02.07.2025,https://www.vente-voiture-tunisie.com/voiture-occasion/Annonce-vente-voiture-occasion-tunisie.aspx?ref=250702113955
CITROEN C3,0035 DT,Citroen,C3,73000,9.2017,Essence,Manuelle,Nabeul,Blanc,Noir,5,,29.06.2025,https://www.vente-voiture-tunisie.com/voiture-occasion/Annonce-vente-voiture-occasion-tunisie.aspx?ref=250629141040
FORD FIESTA,20500 DT,Ford,Fiesta,133000,6.2008,Essence,Manuelle,Ariana,Gris,Beige,5,,29.06.2025,https://www.vente-voiture-tunisie.com/voiture-occasion/Annonce-vente-voiture-occasion-tunisie.aspx?ref=250629002933
HYUNDAI TUCSON SUV,0145 DT,Hyundai,Tucson Suv,35000,1.2022,Diesel,Automatique,Medenine,Argent,Noir,5,,26.06.2025,https://www.vente-voiture-tunisie.com/voiture-occasion/Annonce-vente-voiture-occasion-tunisie.aspx?ref=250626112434
MAZDA 3,48000 DT,Mazda,3,159000,10.2017,Essence,Automatique,Gafsa,Gris,Noir,4,"ABS, Bluetooth, Climatisation, Climatisation automatique, ESP, Radar de recul, Régulateur de vitesse, Vitres électriques",25.06.2025,https://www.vente-voiture-tunisie.com/voiture-occasion/Annonce-vente-voiture-occasion-tunisie.aspx?ref=250625114841
PEUGEOT 106 PHASE 2,10500 DT,Peugeot,106 Phase 2,9,1.1997,Essence,Manuelle,Ben Arous,Bleu,Noir,4,,25.06.2025,https://www.vente-voiture-tunisie.com/voiture-occasion/Annonce-vente-voiture-occasion-tunisie.aspx?ref=250625105451
KIA PICANTO POPULAIRE,33000 DT,Kia,Picanto Populaire,130000,5.2019,Essence,Manuelle,Ben Arous,Gris,Noir,5,"ABS, Bluetooth, Climatisation, Direction assistée, ESP, Fermeture centralisée",24.06.2025,https://www.vente-voiture-tunisie.com/voiture-occasion/Annonce-vente-voiture-occasion-tunisie.aspx?ref=250624013505
FIAT PUNTO,26500 DT,Fiat,Punto,102000,9.2013,Essence,Manuelle,Tunis,,,4,,23.06.2025,https://www.vente-voiture-tunisie.com/voiture-occasion/Annonce-vente-voiture-occasion-tunisie.aspx?ref=250623102156
SUZUKI SWIFT CITADINE,40500 DT,Suzuki,Swift Citadine,130000,6.2021,Essence,Manuelle,Tunis,Marron,Noir,5,,22.06.2025,https://www.vente-voiture-tunisie.com/voiture-occasion/Annonce-vente-voiture-occasion-tunisie.aspx?ref=250622141000
SEAT LEON,66000 DT,Seat,Leon,150000,1.2020,Essence,Manuelle,Nabeul,Blanc,Gris,4,,18.06.2025,https://www.vente-voiture-tunisie.com/voiture-occasion/Annonce-vente-voiture-occasion-tunisie.aspx?ref=250618225357
RENAULT KADJAR INTENSE PLUS,66500 DT,Renault,Kadjar Intense Plus,82000,8.2019,Essence,Manuelle,Ariana,Blanc,Noir,5,"Android Auto, Apple Carplay, Caméra de recul, Climatisation, Climatisation automatique, Navigation, Toit panoramique",18.06.2025,https://www.vente-voiture-tunisie.com/voiture-occasion/Annonce-vente-voiture-occasion-tunisie.aspx?ref=250618191415
HONDA CITY,41000 DT,Honda,City,190000,11.2018,Essence,Automatique,Ariana,Gris,Argent,4,,18.06.2025,https://www.vente-voiture-tunisie.com/voiture-occasion/Annonce-vente-voiture-occasion-tunisie.aspx?ref=250618125502
FIAT 500,38000 DT,Fiat,500,112000,1.2018,Essence,Automatique,Tunis,Bleu,,2,,06.06.2025,https://www.vente-voiture-tunisie.com/voiture-occasion/Annonce-vente-voiture-occasion-tunisie.aspx?ref=250606053416
CITROEN C4,33000 DT,Citroen,C4,215000,5.2016,Essence,Manuelle,Ariana,Blanc,Noir,4,,04.06.2025,https://www.vente-voiture-tunisie.com/voiture-occasion/Annonce-vente-voiture-occasion-tunisie.aspx?ref=250604181724
FORD SIERRA,6800 DT,Ford,Sierra,200000,1.1983,Essence,Manuelle,Ariana,Bleu,Noir,4,,02.06.2025,https://www.vente-voiture-tunisie.com/voiture-occasion/Annonce-vente-voiture-occasion-tunisie.aspx?ref=250602094507
BMW X3,105000 DT,Bmw,X3,91000,1.2017,Essence,Automatique,Ariana,Noir,,5,,01.06.2025,https://www.vente-voiture-tunisie.com/voiture-occasion/Annonce-vente-voiture-occasion-tunisie.aspx?ref=250601230427
SUZUKI SWIFT CITADINE,38000 DT,Suzuki,Swift Citadine,117000,6.2021,Essence,Manuelle,Tunis,Gris,Noir,5,"ABS, Airbags frontaux, Radar de recul, Vitres électriques",30.05.2025,https://www.vente-voiture-tunisie.com/voiture-occasion/Annonce-vente-voiture-occasion-tunisie.aspx?ref=250530102100
SUZUKI SWIFT CITADINE,38000 DT,Suzuki,Swift Citadine,117000,6.2021,Essence,Manuelle,Tunis,Gris,Noir,5,,30.05.2025,https://www.vente-voiture-tunisie.com/voiture-occasion/Annonce-vente-voiture-occasion-tunisie.aspx?ref=250530102058
CITROEN C-ELYSÉE EXCLUSIVE,25500 DT,Citroen,C-Elysée Exclusive,193000,2.2015,Essence,Manuelle,Ariana,Noir,Gris,5,"ABS, Direction assistée, Radar de recul, Vitres électriques",25.05.2025,https://www.vente-voiture-tunisie.com/voiture-occasion/Annonce-vente-voiture-occasion-tunisie.aspx?ref=250525223910
HYUNDAI I20 HG,60500 DT,Hyundai,I20 Hg,39900,3.2022,Essence,Manuelle,Ben Arous,Blanc,Noir,5,"ABS, Airbags frontaux, Bluetooth, Caméra de recul, Climatisation, Climatisation automatique, ESP, Jantes en alliage",21.05.2025,https://www.vente-voiture-tunisie.com/voiture-occasion/Annonce-vente-voiture-occasion-tunisie.aspx?ref=250521151158
MG ZS LUXE,76000 DT,Mg,Zs Luxe,30000,8.2021,Essence,Automatique,Ariana,Noir,Marron,5,,17.05.2025,https://www.vente-voiture-tunisie.com/voiture-occasion/Annonce-vente-voiture-occasion-tunisie.aspx?ref=250517121225
CITROEN C4 CACTUS BERLINE,36500 DT,Citroen,C4 Cactus Berline,,6.2019,Essence,Manuelle,Nabeul,Blanc,Gris,4,,14.05.2025,https://www.vente-voiture-tunisie.com/voiture-occasion/Annonce-vente-voiture-occasion-tunisie.aspx?ref=250514210050
CHERY ARRIZO 3 CHERY ARRIZO 3,35500 DT,Chery,Arrizo 3 Chery Arrizo 3,137000,10.2020,Essence,Manuelle,Tunis,Beige,Noir,4,,13.05.2025,https://www.vente-voiture-tunisie.com/voiture-occasion/Annonce-vente-voiture-occasion-tunisie.aspx?ref=250513215320
PEUGEOT 406 PEUGEOT,20000 DT,Peugeot,406 Peugeot,314000,5.2001,Diesel,Manuelle,Tunis,Vert,Noir,5,,13.05.2025,https://www.vente-voiture-tunisie.com/voiture-occasion/Annonce-vente-voiture-occasion-tunisie.aspx?ref=250513161603
MAHINDRA KUV 100 K8,29000 DT,Mahindra,Kuv 100 K8,111000,6.2020,Essence,Manuelle,Sfax,Blanc,Noir,5,"ABS, Climatisation, Climatisation automatique, Direction assistée, GPS, Vitres électriques",07.05.2025,https://www.vente-voiture-tunisie.com/voiture-occasion/Annonce-vente-voiture-occasion-tunisie.aspx?ref=250507163554
RENAULT CLIO CLIO 3,26000 DT,Renault,Clio Clio 3,277600,2.2007,Essence,Manuelle,Ben Arous,Noir,Noir,5,,07.05.2025,https://www.vente-voiture-tunisie.com/voiture-occasion/Annonce-vente-voiture-occasion-tunisie.aspx?ref=250507161109
RENAULT CLIO CLIO 3,0026 DT,Renault,Clio Clio 3,277600,2.2007,Essence,Manuelle,Ben Arous,Noir,Noir,5,,07.05.2025,https://www.vente-voiture-tunisie.com/voiture-occasion/Annonce-vente-voiture-occasion-tunisie.aspx?ref=250507160314
TOYOTA HIACE,90000 DT,Toyota,Hiace,2278,2.2025,Diesel,Manuelle,Ariana,Blanc,Noir,,,28.04.2025,https://www.vente-voiture-tunisie.com/voiture-occasion/Annonce-vente-voiture-occasion-tunisie.aspx?ref=250428135336
PEUGEOT PARTNER,20000 DT,Peugeot,Partner,28000,2.2012,Diesel,Manuelle,Tunis,Blanc,Noir,3,Climatisation,22.04.2025,https://www.vente-voiture-tunisie.com/voiture-occasion/Annonce-vente-voiture-occasion-tunisie.aspx?ref=250422195725
CITROEN C3 CITADINE,26000 DT,Citroen,C3 Citadine,146000,12.2010,Essence,Manuelle,Manouba,Bleu,Noir,5,,15.04.2025,https://www.vente-voiture-tunisie.com/voiture-occasion/Annonce-vente-voiture-occasion-tunisie.aspx?ref=250415210706
NISSAN NAVARA,80000 DT,Nissan,Navara,49000,6.2009,Essence,Automatique,Tunis,Blanc,Rouge,4,,07.04.2025,https://www.vente-voiture-tunisie.com/voiture-occasion/Annonce-vente-voiture-occasion-tunisie.aspx?ref=250407191929
HYUNDAI I20 NEUF,80000 DT,Hyundai,I20 Neuf,5000,5.2024,Essence,Automatique,Tunis,Blanc,,5,,07.04.2025,https://www.vente-voiture-tunisie.com/voiture-occasion/Annonce-vente-voiture-occasion-tunisie.aspx?ref=250407190248
AUDI A4,0036 DT,Audi,A4,200000,1.2010,Essence,Manuelle,Nabeul,Blanc,Rouge,4,,06.04.2025,https://www.vente-voiture-tunisie.com/voiture-occasion/Annonce-vente-voiture-occasion-tunisie.aspx?ref=250406155922
SSANGYONG TIVOLI 1.2L TURBO,60000 DT,Ssangyong,Tivoli 1.2L Turbo,80000,10.2021,Essence,Manuelle,Ariana,Blanc,Beige,5,,24.03.2025,https://www.vente-voiture-tunisie.com/voiture-occasion/Annonce-vente-voiture-occasion-tunisie.aspx?ref=250324081302
CITROEN C4 2.6 HDI,19500 DT,Citroen,C4 2.6 Hdi,260000,1.2006,Diesel,Manuelle,Manouba,Noir,Noir,5,"ABS, Direction assistée, ESP",22.03.2025,https://www.vente-voiture-tunisie.com/voiture-occasion/Annonce-vente-voiture-occasion-tunisie.aspx?ref=250322165439
KIA RIO COUPÉ,55000 DT,Kia,Rio Coupé,53690,3.2020,Essence,Manuelle,Tunis,Rouge,Noir,,,21.03.2025,https://www.vente-voiture-tunisie.com/voiture-occasion/Annonce-vente-voiture-occasion-tunisie.aspx?ref=250321152327
FORD FIESTA TITANIUM,26000 DT,Ford,Fiesta Titanium,172000,1.2010,Essence,Manuelle,Nabeul,Bordeaux,,5,,16.03.2025,https://www.vente-voiture-tunisie.com/voiture-occasion/Annonce-vente-voiture-occasion-tunisie.aspx?ref=250316234025
RENAULT SCENIC SCENIC 3 BOSE,0045 DT,Renault,Scenic Scenic 3 Bose,300,12.2015,Diesel,Manuelle,Tataouin,Gris,Noir,5,,13.03.2025,https://www.vente-voiture-tunisie.com/voiture-occasion/Annonce-vente-voiture-occasion-tunisie.aspx?ref=250313011418
RENAULT SCENIC SCENIC 3 BOSE,0045 DT,Renault,Scenic Scenic 3 Bose,300,12.2015,Diesel,Manuelle,Tataouin,Gris,Noir,5,,13.03.2025,https://www.vente-voiture-tunisie.com/voiture-occasion/Annonce-vente-voiture-occasion-tunisie.aspx?ref=250313011416
RENAULT SCENIC SCENIC 3 BOSE,0045 DT,Renault,Scenic Scenic 3 Bose,300,12.2015,Diesel,Manuelle,Tataouin,Gris,Noir,5,,13.03.2025,https://www.vente-voiture-tunisie.com/voiture-occasion/Annonce-vente-voiture-occasion-tunisie.aspx?ref=250313011414
RENAULT SCENIC SCENIC 3 BOSE,0045 DT,Renault,Scenic Scenic 3 Bose,300,12.2015,Diesel,Manuelle,Tataouin,Gris,Noir,5,,13.03.2025,https://www.vente-voiture-tunisie.com/voiture-occasion/Annonce-vente-voiture-occasion-tunisie.aspx?ref=250313011413
RENAULT SCENIC 3 BOSE,0045 DT,Renault,Scenic 3 Bose,300,12.2015,Diesel,Manuelle,Tataouin,Gris,Noir,5,,13.03.2025,https://www.vente-voiture-tunisie.com/voiture-occasion/Annonce-vente-voiture-occasion-tunisie.aspx?ref=250313011305
VOLKSWAGEN GOLF GOLF 6,50000 DT,Volkswagen,Golf Golf 6,65000,5.2011,Essence,Manuelle,Tunis,Gris,Gris,5,,04.03.2025,https://www.vente-voiture-tunisie.com/voiture-occasion/Annonce-vente-voiture-occasion-tunisie.aspx?ref=250304183824
PEUGEOT 2008 SUV,0035 DT,Peugeot,2008 Suv,152000,3.2014,Essence,Manuelle,Ariana,Gris,Noir,5,"Bluetooth, Climatisation, Toit panoramique",04.03.2025,https://www.vente-voiture-tunisie.com/voiture-occasion/Annonce-vente-voiture-occasion-tunisie.aspx?ref=250304151843
AUDI Q5 Q5,0100 DT,Audi,Q5 Q5,62600,5.2016,Essence,Automatique,Tataouin,Blanc,Beige,4,"Direction assistée, GPS, Navigation, Toit panoramique",02.03.2025,https://www.vente-voiture-tunisie.com/voiture-occasion/Annonce-vente-voiture-occasion-tunisie.aspx?ref=250302222303
MAHINDRA KUV 100 K8,28000 DT,Mahindra,Kuv 100 K8,93000,1.2020,Essence,Manuelle,Ben Arous,Rouge,Noir,5,"Bluetooth, Climatisation, Climatisation automatique, Radar de recul",27.02.2025,https://www.vente-voiture-tunisie.com/voiture-occasion/Annonce-vente-voiture-occasion-tunisie.aspx?ref=250227142603
FORD FOCUS FOCUS,15000 DT,Ford,Focus Focus,474000,6.2001,Diesel,Manuelle,Tunis,Bleu,Gris,5,,26.02.2025,https://www.vente-voiture-tunisie.com/voiture-occasion/Annonce-vente-voiture-occasion-tunisie.aspx?ref=250226122423
MERCEDES CLA 180 CDI,97000 DT,Mercedes,Cla 180 Cdi,125000,12.2015,Diesel,Manuelle,Ben Arous,Noir,Gris,5,"Airbags latéraux, Climatisation, Navigation, Régulateur de vitesse, Sièges chauffants",20.02.2025,https://www.vente-voiture-tunisie.com/voiture-occasion/Annonce-vente-voiture-occasion-tunisie.aspx?ref=250220170918
RENAULT SYMBOL,33000 DT,Renault,Symbol,177000,3.2014,Essence,Manuelle,Tunis,Gris,Gris,4,"Airbags frontaux, Bluetooth, Direction assistée, Fermeture centralisée, Feux à LED, Vitres électriques",19.02.2025,https://www.vente-voiture-tunisie.com/voiture-occasion/Annonce-vente-voiture-occasion-tunisie.aspx?ref=250219192434
RENAULT KANGOO,14000 DT,Renault,Kangoo,250,5.2001,Diesel,Manuelle,Medenine,Blanc,,2,,17.02.2025,https://www.vente-voiture-tunisie.com/voiture-occasion/Annonce-vente-voiture-occasion-tunisie.aspx?ref=250217105531
BMW X3 SDRIVE 20I,170000 DT,Bmw,X3 Sdrive 20I,9400,6.2019,Essence,Automatique,Nabeul,Noir,Marron,5,,16.02.2025,https://www.vente-voiture-tunisie.com/voiture-occasion/Annonce-vente-voiture-occasion-tunisie.aspx?ref=250216074214
BMW X3 SDRIVE 20I,170000 DT,Bmw,X3 Sdrive 20I,9400,6.2019,Essence,Automatique,Nabeul,Noir,Marron,5,,16.02.2025,https://www.vente-voiture-tunisie.com/voiture-occasion/Annonce-vente-voiture-occasion-tunisie.aspx?ref=250216072908
PEUGEOT 106,10000 DT,Peugeot,106,,1.1930,Essence,Manuelle,Tozeur,Vert,,4,,06.02.2025,https://www.vente-voiture-tunisie.com/voiture-occasion/Annonce-vente-voiture-occasion-tunisie.aspx?ref=250206121813
CHERY TIGGO 2 SUV,42000 DT,Chery,Tiggo 2 Suv,76000,1.2021,Essence,Manuelle,Monastir,Noir,Noir,5,,05.02.2025,https://www.vente-voiture-tunisie.com/voiture-occasion/Annonce-vente-voiture-occasion-tunisie.aspx?ref=250205180154
CHERY TIGGO 4,72000 DT,Chery,Tiggo 4,79800,1.1930,Essence,Automatique,Ben Arous,Blanc,Noir,4,,05.02.2025,https://www.vente-voiture-tunisie.com/voiture-occasion/Annonce-vente-voiture-occasion-tunisie.aspx?ref=250205005805
KIA RIO BERLINE,111111 DT,Kia,Rio Berline,160000,5.2020,Essence,Automatique,Sfax,Gris,Noir,5,,04.02.2025,https://www.vente-voiture-tunisie.com/voiture-occasion/Annonce-vente-voiture-occasion-tunisie.aspx?ref=250204201349
RENAULT SYMBOL,28000 DT,Renault,Symbol,175000,3.2009,Essence,Manuelle,Ariana,Noir,Gris,5,,04.02.2025,https://www.vente-voiture-tunisie.com/voiture-occasion/Annonce-vente-voiture-occasion-tunisie.aspx?ref=250204100300
NISSAN JUKE,49000 DT,Nissan,Juke,67000,10.2011,Diesel,Manuelle,Nabeul,Rouge,Noir,4,"Bluetooth, Caméra de recul, Ordinateur de bord",02.02.2025,https://www.vente-voiture-tunisie.com/voiture-occasion/Annonce-vente-voiture-occasion-tunisie.aspx?ref=250202213619
RENAULT FLUENCE,30000 DT,Renault,Fluence,200000,11.2012,Essence,Manuelle,Tunis,Noir,,4,,02.02.2025,https://www.vente-voiture-tunisie.com/voiture-occasion/Annonce-vente-voiture-occasion-tunisie.aspx?ref=250202174349
KIA PICANTO,33000 DT,Kia,Picanto,190000,4.2014,Essence,Automatique,Kasserine,Gris,Gris,5,,02.02.2025,https://www.vente-voiture-tunisie.com/voiture-occasion/Annonce-vente-voiture-occasion-tunisie.aspx?ref=250202140600
MERCEDES 250 GLA,110000 DT,Mercedes,250 Gla,150000,3.2015,Essence,Automatique,Kasserine,Noir,Noir,5,"Sièges chauffants, Toit ouvrant",02.02.2025,https://www.vente-voiture-tunisie.com/voiture-occasion/Annonce-vente-voiture-occasion-tunisie.aspx?ref=250202112046
BMW SÉRIE 5 BMW 5 530 E PLUG-IN-HYBRID,219000 DT,Bmw,Série 5 Bmw 5 530 E Plug-In-Hybrid,20000,11.2021,Essence,Automatique,Monastir,Gris,Marron,5,,01.02.2025,https://www.vente-voiture-tunisie.com/voiture-occasion/Annonce-vente-voiture-occasion-tunisie.aspx?ref=250201160523
MERCEDES CLASSE C C 300 DE,169000 DT,Mercedes,Classe C C 300 De,56000,10.2019,Diesel,Automatique,Monastir,Blanc,Blanc,5,,01.02.2025,https://www.vente-voiture-tunisie.com/voiture-occasion/Annonce-vente-voiture-occasion-tunisie.aspx?ref=250201155824
PEUGEOT PARTNER,33000 DT,Peugeot,Partner,259,1.2019,Diesel,Automatique,Tunis,Blanc,Blanc,3,,01.02.2025,https://www.vente-voiture-tunisie.com/voiture-occasion/Annonce-vente-voiture-occasion-tunisie.aspx?ref=250201113507
PEUGEOT 2008 SUV,35500 DT,Peugeot,2008 Suv,162000,3.2014,Essence,Manuelle,Ariana,Gris,Noir,5,,01.02.2025,https://www.vente-voiture-tunisie.com/voiture-occasion/Annonce-vente-voiture-occasion-tunisie.aspx?ref=250201050543
PEUGEOT 308,24000 DT,Peugeot,308,249000,10.2012,Essence,Manuelle,Sousse,Beige,Noir,5,"Climatisation, Radar de recul",26.01.2025,https://www.vente-voiture-tunisie.com/voiture-occasion/Annonce-vente-voiture-occasion-tunisie.aspx?ref=250126150139
PEUGEOT 307 PHASE 2,0021 DT,Peugeot,307 Phase 2,28600,1.2006,Essence,Automatique,Nabeul,Gris,Gris,5,,24.01.2025,https://www.vente-voiture-tunisie.com/voiture-occasion/Annonce-vente-voiture-occasion-tunisie.aspx?ref=250124071339
CITROEN C4,27000 DT,Citroen,C4,188000,2.2012,Essence,Manuelle,Ariana,Ivoir,Ivoir,4,,13.01.2025,https://www.vente-voiture-tunisie.com/voiture-occasion/Annonce-vente-voiture-occasion-tunisie.aspx?ref=250113123348
AUDI Q7,58000000 DT,Audi,Q7,232000,1.2006,Diesel,,Medenine,Gris,Noir,4,,09.01.2025,https://www.vente-voiture-tunisie.com/voiture-occasion/Annonce-vente-voiture-occasion-tunisie.aspx?ref=250109164321
FIAT FIORINO,39500 DT,Fiat,Fiorino,58000,5.2022,Diesel,Manuelle,Tunis,Blanc,Blanc,3,,06.01.2025,https://www.vente-voiture-tunisie.com/voiture-occasion/Annonce-vente-voiture-occasion-tunisie.aspx?ref=250106214746
FIAT FIORINO,39500 DT,Fiat,Fiorino,58000,5.2022,Diesel,Manuelle,Tunis,Blanc,Blanc,3,,06.01.2025,https://www.vente-voiture-tunisie.com/voiture-occasion/Annonce-vente-voiture-occasion-tunisie.aspx?ref=250106214658
MG 5 GT,36000 DT,Mg,5 Gt,198000,1.2017,Essence,Manuelle,Tunis,Gris,Noir,5,,02.01.2025,https://www.vente-voiture-tunisie.com/voiture-occasion/Annonce-vente-voiture-occasion-tunisie.aspx?ref=250102115545
BMW M5 520D,75000 DT,Bmw,M5 520D,180,9.2013,Diesel,Automatique,Sousse,Noir,Beige,4,,29.12.2024,https://www.vente-voiture-tunisie.com/voiture-occasion/Annonce-vente-voiture-occasion-tunisie.aspx?ref=241229122843
MERCEDES CLASSE C 180 KOMPRESSOR AMG,80000 DT,Mercedes,Classe C 180 Kompressor Amg,168350,3.2012,Essence,Automatique,Sfax,Noir,Marron,4,Toit ouvrant,23.11.2024,https://www.vente-voiture-tunisie.com/voiture-occasion/Annonce-vente-voiture-occasion-tunisie.aspx?ref=241123205023
HYUNDAI I20,26000 DT,Hyundai,I20,248,6.2014,Essence,Manuelle,Ariana,Noir,Noir,4,,11.11.2024,https://www.vente-voiture-tunisie.com/voiture-occasion/Annonce-vente-voiture-occasion-tunisie.aspx?ref=241111115241
CHERY TIGGO 2 SUV,42500 DT,Chery,Tiggo 2 Suv,100000,10.2019,Essence,Manuelle,Tunis,Blanc,Noir,5,,10.11.2024,https://www.vente-voiture-tunisie.com/voiture-occasion/Annonce-vente-voiture-occasion-tunisie.aspx?ref=241110090705
PEUGEOT 205 OCCASION,9000 DT,Peugeot,205 Occasion,99,1.1993,Essence,Manuelle,Tunis,Blanc,Blanc,4,,05.11.2024,https://www.vente-voiture-tunisie.com/voiture-occasion/Annonce-vente-voiture-occasion-tunisie.aspx?ref=241105163933
CITROEN C3,25500 DT,Citroen,C3,178000,12.2010,Essence,Manuelle,Tunis,Blanc,Noir,5,,03.11.2024,https://www.vente-voiture-tunisie.com/voiture-occasion/Annonce-vente-voiture-occasion-tunisie.aspx?ref=241103153029
HYUNDAI GRAND I10,39889 DT,Hyundai,Grand I10,,3.2020,Essence,Automatique,Ariana,Bleu,Noir,5,"Bluetooth, Climatisation",27.10.2024,https://www.vente-voiture-tunisie.com/voiture-occasion/Annonce-vente-voiture-occasion-tunisie.aspx?ref=241027151611
RENAULT CLIO 4,41000 DT,Renault,Clio 4,110000,9.2020,Essence,Manuelle,Tozeur,Blanc,Beige,5,"Bluetooth, Climatisation",27.10.2024,https://www.vente-voiture-tunisie.com/voiture-occasion/Annonce-vente-voiture-occasion-tunisie.aspx?ref=241027150626
CITROEN C3,30000 DT,Citroen,C3,57000,1.2015,Essence,Manuelle,Sousse,Rouge,Noir,4,,24.10.2024,https://www.vente-voiture-tunisie.com/voiture-occasion/Annonce-vente-voiture-occasion-tunisie.aspx?ref=241024193751
CITROEN C3,0030 DT,Citroen,C3,57000,1.2015,Essence,Manuelle,Sousse,Rouge,Noir,4,,24.10.2024,https://www.vente-voiture-tunisie.com/voiture-occasion/Annonce-vente-voiture-occasion-tunisie.aspx?ref=241024193330
SSANGYONG TIVOLI,66000 DT,Ssangyong,Tivoli,93000,9.2021,Essence,Manuelle,Monastir,Blanc,Blanc,5,,20.10.2024,https://www.vente-voiture-tunisie.com/voiture-occasion/Annonce-vente-voiture-occasion-tunisie.aspx?ref=241020163327
SSANGYONG TIVOLI,66000 DT,Ssangyong,Tivoli,93000,9.2021,Essence,Manuelle,Monastir,Blanc,Blanc,5,,20.10.2024,https://www.vente-voiture-tunisie.com/voiture-occasion/Annonce-vente-voiture-occasion-tunisie.aspx?ref=241020163151
RENAULT MEGANE CASQUETTE,13000 DT,Renault,Megane Casquette,400,7.2006,Diesel,Manuelle,Tunis,Gris,,5,,18.10.2024,https://www.vente-voiture-tunisie.com/voiture-occasion/Annonce-vente-voiture-occasion-tunisie.aspx?ref=241018195328
FORD FOCUS,0038 DT,Ford,Focus,240000,1.2011,Diesel,Manuelle,Ariana,Gris,Gris,5,,18.10.2024,https://www.vente-voiture-tunisie.com/voiture-occasion/Annonce-vente-voiture-occasion-tunisie.aspx?ref=241018195318
KIA RIO BERLINE,37000 DT,Kia,Rio Berline,149000,3.2016,Essence,Manuelle,Ariana,Bleu,Gris,5,,15.10.2024,https://www.vente-voiture-tunisie.com/voiture-occasion/Annonce-vente-voiture-occasion-tunisie.aspx?ref=241015173016
KIA PICANTO,28500000 DT,Kia,Picanto,232000,1.1930,Essence,Manuelle,Beja,Noir,,,,11.10.2024,https://www.vente-voiture-tunisie.com/voiture-occasion/Annonce-vente-voiture-occasion-tunisie.aspx?ref=241011110303
MG HS GS 4*4 1ERE MAIN,54000 DT,Mg,Hs Gs 4*4 1Ere Main,116000,7.2017,Essence,Automatique,Tunis,Marron,Noir,5,Toit panoramique,06.10.2024,https://www.vente-voiture-tunisie.com/voiture-occasion/Annonce-vente-voiture-occasion-tunisie.aspx?ref=241006191058
CHEVROLET AVEO BERLINE,0032 DT,Chevrolet,Aveo Berline,68400,8.2014,Essence,Manuelle,Manouba,Marron,Gris,5,,28.09.2024,https://www.vente-voiture-tunisie.com/voiture-occasion/Annonce-vente-voiture-occasion-tunisie.aspx?ref=240928222223
RENAULT SYMBOL 2010,26000 DT,Renault,Symbol 2010,,1.2010,Essence,Manuelle,Ben Arous,Noir,Gris,5,,26.09.2024,https://www.vente-voiture-tunisie.com/voiture-occasion/Annonce-vente-voiture-occasion-tunisie.aspx?ref=240926162241
PEUGEOT EXPERT,58000 DT,Peugeot,Expert,190000,11.2019,Diesel,Manuelle,Tataouin,Gris,Gris,5,,22.09.2024,https://www.vente-voiture-tunisie.com/voiture-occasion/Annonce-vente-voiture-occasion-tunisie.aspx?ref=240922173400
HONDA CR-V VOITURE,155000 DT,Honda,Cr-V Voiture,27700,3.2023,Essence,Automatique,Zaghouan,Noir,Beige,5,,13.09.2024,https://www.vente-voiture-tunisie.com/voiture-occasion/Annonce-vente-voiture-occasion-tunisie.aspx?ref=240913212350
HONDA CR-V VOITURE,155000 DT,Honda,Cr-V Voiture,27700,3.2023,Essence,Automatique,Zaghouan,Noir,Beige,5,,13.09.2024,https://www.vente-voiture-tunisie.com/voiture-occasion/Annonce-vente-voiture-occasion-tunisie.aspx?ref=240913212017
PEUGEOT 2008 ALLURE,41900 DT,Peugeot,2008 Allure,134000,6.2017,Essence,Manuelle,Tunis,Vert,Noir,5,"ABS, Caméra de recul, Climatisation, Toit panoramique",10.09.2024,https://www.vente-voiture-tunisie.com/voiture-occasion/Annonce-vente-voiture-occasion-tunisie.aspx?ref=240910100340
SUZUKI CELERIO,26500 DT,Suzuki,Celerio,650000,6.2018,Essence,Manuelle,Beja,Gris,Noir,4,"Climatisation, Fermeture centralisée",09.09.2024,https://www.vente-voiture-tunisie.com/voiture-occasion/Annonce-vente-voiture-occasion-tunisie.aspx?ref=240909181521
PEUGEOT PARTNER EF9HPA-G2E022,55000 DT,Peugeot,Partner Ef9Hpa-G2E022,46000,7.2022,Diesel,Manuelle,Tunis,Noir,Noir,4,,04.09.2024,https://www.vente-voiture-tunisie.com/voiture-occasion/Annonce-vente-voiture-occasion-tunisie.aspx?ref=240904101137
ISUZU D MAX,255000 DT,Isuzu,D Max,,9.2024,Diesel,Automatique,Sousse,Blanc,Noir,4,,01.09.2024,https://www.vente-voiture-tunisie.com/voiture-occasion/Annonce-vente-voiture-occasion-tunisie.aspx?ref=240901135454
MERCEDES CLASSE A 160,35000 DT,Mercedes,Classe A 160,88000,9.2010,Essence,Manuelle,Tunis,Noir,Noir,2,,25.08.2024,https://www.vente-voiture-tunisie.com/voiture-occasion/Annonce-vente-voiture-occasion-tunisie.aspx?ref=240825001215
BMW X1,90000 DT,Bmw,X1,123000,2.2020,Essence,Automatique,Tunis,Noir,Noir,5,Radar de recul,19.08.2024,https://www.vente-voiture-tunisie.com/voiture-occasion/Annonce-vente-voiture-occasion-tunisie.aspx?ref=240819191402
RENAULT SYMBOL ÉLÉGANCE,40000 DT,Renault,Symbol Élégance,16000,1.2020,Essence,Manuelle,Ben Arous,Noir,Blanc,4,,18.08.2024,https://www.vente-voiture-tunisie.com/voiture-occasion/Annonce-vente-voiture-occasion-tunisie.aspx?ref=240818181740
BMW SÉRIE 2 GRAN COUPÉ,130000 DT,Bmw,Série 2 Gran Coupé,46000,2.2021,Essence,Automatique,Tunis,Gris,Bordeaux,4,"Jantes en alliage, Toit ouvrant",12.08.2024,https://www.vente-voiture-tunisie.com/voiture-occasion/Annonce-vente-voiture-occasion-tunisie.aspx?ref=240812192336
VOLKSWAGEN GOLF GOLF 7,55000 DT,Volkswagen,Golf Golf 7,150000,11.2015,Essence,Manuelle,Tunis,Blanc,Gris,5,,08.08.2024,https://www.vente-voiture-tunisie.com/voiture-occasion/Annonce-vente-voiture-occasion-tunisie.aspx?ref=240808123359
VOLKSWAGEN GOLF GOLF 7,55000 DT,Volkswagen,Golf Golf 7,150000,11.2015,Diesel,Manuelle,Tunis,Blanc,Gris,5,,08.08.2024,https://www.vente-voiture-tunisie.com/voiture-occasion/Annonce-vente-voiture-occasion-tunisie.aspx?ref=240808123037
RENAULT CLIO LIFE PLUS,45500 DT,Renault,Clio Life Plus,31000,1.2021,Essence,Manuelle,Sousse,Noir,Gris,5,,07.08.2024,https://www.vente-voiture-tunisie.com/voiture-occasion/Annonce-vente-voiture-occasion-tunisie.aspx?ref=240807102037
VOLKSWAGEN GOLF 5,27500 DT,Volkswagen,Golf 5,305000,1.2007,Diesel,Manuelle,Manouba,Bleu,,4,,26.07.2024,https://www.vente-voiture-tunisie.com/voiture-occasion/Annonce-vente-voiture-occasion-tunisie.aspx?ref=240726135519
VOLKSWAGEN PASSAT BLUE MENTION,70000 DT,Volkswagen,Passat Blue Mention,200000,12.2011,Diesel,Manuelle,Monastir,Noir,Gris,5,,25.07.2024,https://www.vente-voiture-tunisie.com/voiture-occasion/Annonce-vente-voiture-occasion-tunisie.aspx?ref=240725124326
DACIA DOKKER VAN,0036 DT,Dacia,Dokker Van,85000,12.2019,Diesel,Manuelle,Ariana,Noir,Noir,2,Vitres électriques,20.07.2024,https://www.vente-voiture-tunisie.com/voiture-occasion/Annonce-vente-voiture-occasion-tunisie.aspx?ref=240720155022
PEUGEOT 206,14000 DT,Peugeot,206,239000,11.2001,Essence,Manuelle,Tunis,Noir,Bleu,5,,20.07.2024,https://www.vente-voiture-tunisie.com/voiture-occasion/Annonce-vente-voiture-occasion-tunisie.aspx?ref=240720005110
CITROEN JUMPY CAMPING,58000 DT,Citroen,Jumpy Camping,125000,1.2019,Diesel,Manuelle,Kairouan,Blanc,Noir,4,,14.07.2024,https://www.vente-voiture-tunisie.com/voiture-occasion/Annonce-vente-voiture-occasion-tunisie.aspx?ref=240714113711
RENAULT SYMBOL,32000 DT,Renault,Symbol,156000,7.2007,Essence,Manuelle,Tunis,Gris,Beige,4,GPS,04.07.2024,https://www.vente-voiture-tunisie.com/voiture-occasion/Annonce-vente-voiture-occasion-tunisie.aspx?ref=240704181007
SUZUKI BALENO,19500 DT,Suzuki,Baleno,7650,5.2024,Diesel,Manuelle,Nabeul,Noir,Noir,5,,29.06.2024,https://www.vente-voiture-tunisie.com/voiture-occasion/Annonce-vente-voiture-occasion-tunisie.aspx?ref=240629162811
OPEL CORSA E,30000 DT,Opel,Corsa E,80000,1.2017,Essence,Manuelle,Tunis,,Noir,5,,11.06.2024,https://www.vente-voiture-tunisie.com/voiture-occasion/Annonce-vente-voiture-occasion-tunisie.aspx?ref=240611163944
RENAULT MEGANE CASQUETTE,15000 DT,Renault,Megane Casquette,1000,1.2003,Diesel,Manuelle,Sousse,Bleu,Noir,5,,06.06.2024,https://www.vente-voiture-tunisie.com/voiture-occasion/Annonce-vente-voiture-occasion-tunisie.aspx?ref=240606134446
HONDA CITY,47000 DT,Honda,City,84180,12.2019,Essence,Automatique,Ben Arous,Blanc,Noir,4,,06.06.2024,https://www.vente-voiture-tunisie.com/voiture-occasion/Annonce-vente-voiture-occasion-tunisie.aspx?ref=240606100330
AUDI Q3,205000 DT,Audi,Q3,12000,4.2023,Essence,Automatique,Ariana,Bleu,Gris,4,Toit ouvrant,28.05.2024,https://www.vente-voiture-tunisie.com/voiture-occasion/Annonce-vente-voiture-occasion-tunisie.aspx?ref=240528120954
DACIA DOKKER VAN,42000 DT,Dacia,Dokker Van,62000,6.2022,Diesel,Manuelle,Sfax,Blanc,Noir,4,,27.05.2024,https://www.vente-voiture-tunisie.com/voiture-occasion/Annonce-vente-voiture-occasion-tunisie.aspx?ref=240527125748
MERCEDES CLASSE B 150,28000 DT,Mercedes,Classe B 150,232000,6.2007,Essence,Automatique,Kebili,Noir,Beige,5,,19.05.2024,https://www.vente-voiture-tunisie.com/voiture-occasion/Annonce-vente-voiture-occasion-tunisie.aspx?ref=240519151846
MINI ONE,34000 DT,Mini,One,180000,5.2012,Essence,Manuelle,Nabeul,Blanc,Noir,3,"Climatisation, Régulateur de vitesse, Sièges chauffants",09.05.2024,https://www.vente-voiture-tunisie.com/voiture-occasion/Annonce-vente-voiture-occasion-tunisie.aspx?ref=240509194118
VOLKSWAGEN GOLF GOLF 4 1.4 16V,0019 DT,Volkswagen,Golf Golf 4 1.4 16V,400,1.1999,Essence,Manuelle,Tunis,Noir,Noir,5,,06.05.2024,https://www.vente-voiture-tunisie.com/voiture-occasion/Annonce-vente-voiture-occasion-tunisie.aspx?ref=240506162528
FIAT GRANDE PUNTO,28000 DT,Fiat,Grande Punto,114500,8.2015,Essence,Manuelle,Sousse,Noir,Noir,4,,01.05.2024,https://www.vente-voiture-tunisie.com/voiture-occasion/Annonce-vente-voiture-occasion-tunisie.aspx?ref=240501175059
CITROEN C4 C4 COUPÉ,0011 DT,Citroen,C4 C4 Coupé,300000,1.2008,Essence,Manuelle,Tunis,Noir,Noir,2,,28.04.2024,https://www.vente-voiture-tunisie.com/voiture-occasion/Annonce-vente-voiture-occasion-tunisie.aspx?ref=240428194332
FIAT PUNTO CITADINE,13500 DT,Fiat,Punto Citadine,140000,5.2009,Essence,Manuelle,Manouba,Bleu,Noir,5,Vitres électriques,27.04.2024,https://www.vente-voiture-tunisie.com/voiture-occasion/Annonce-vente-voiture-occasion-tunisie.aspx?ref=240427152351
FIAT GRANDE PUNTO CITADINE,29300 DT,Fiat,Grande Punto Citadine,98500,4.2016,Essence,Manuelle,Ariana,Blanc,,4,,21.04.2024,https://www.vente-voiture-tunisie.com/voiture-occasion/Annonce-vente-voiture-occasion-tunisie.aspx?ref=240421183923
OPEL CORSA C,12000 DT,Opel,Corsa C,261000,1.2004,Essence,Automatique,Tunis,Blanc,Noir,4,,13.04.2024,https://www.vente-voiture-tunisie.com/voiture-occasion/Annonce-vente-voiture-occasion-tunisie.aspx?ref=240413225839
FIAT FIORINO,38500 DT,Fiat,Fiorino,111550,7.2021,Diesel,Manuelle,Ben Arous,Gris,Noir,2,,11.04.2024,https://www.vente-voiture-tunisie.com/voiture-occasion/Annonce-vente-voiture-occasion-tunisie.aspx?ref=240411170509
HYUNDAI I20,29000 DT,Hyundai,I20,120000,10.2013,Essence,Manuelle,Ariana,Bleu,Noir,5,Climatisation,07.04.2024,https://www.vente-voiture-tunisie.com/voiture-occasion/Annonce-vente-voiture-occasion-tunisie.aspx?ref=240407154241
PEUGEOT 301,26900 DT,Peugeot,301,200000,9.2013,Essence,Manuelle,Tunis,Marron,Noir,4,,04.04.2024,https://www.vente-voiture-tunisie.com/voiture-occasion/Annonce-vente-voiture-occasion-tunisie.aspx?ref=240404205759
PEUGEOT 407,35000 DT,Peugeot,407,160000,1.2010,Essence,Manuelle,Tunis,,,4,,02.04.2024,https://www.vente-voiture-tunisie.com/voiture-occasion/Annonce-vente-voiture-occasion-tunisie.aspx?ref=240402102629
KIA PICANTO POPULAIRE,0028 DT,Kia,Picanto Populaire,95000,5.2013,Essence,Manuelle,Tunis,Noir,Gris,4,,27.03.2024,https://www.vente-voiture-tunisie.com/voiture-occasion/Annonce-vente-voiture-occasion-tunisie.aspx?ref=240327144046
VOLKSWAGEN POLO,14000 DT,Volkswagen,Polo,360000,1.2009,Essence,Manuelle,Tunis,Noir,Gris,4,,18.03.2024,https://www.vente-voiture-tunisie.com/voiture-occasion/Annonce-vente-voiture-occasion-tunisie.aspx?ref=240318114948
HYUNDAI GRAND I10,0032 DT,Hyundai,Grand I10,147,5.2017,Essence,Manuelle,Ariana,Noir,Rouge,4,,17.03.2024,https://www.vente-voiture-tunisie.com/voiture-occasion/Annonce-vente-voiture-occasion-tunisie.aspx?ref=240317111223
PEUGEOT 206 5,19000000 DT,Peugeot,206 5,,1.2010,Essence,Manuelle,Tunis,Bleu,Gris,4,,16.03.2024,https://www.vente-voiture-tunisie.com/voiture-occasion/Annonce-vente-voiture-occasion-tunisie.aspx?ref=240316232246
PEUGEOT 206 5,19000000 DT,Peugeot,206 5,,1.2010,Essence,Manuelle,Tunis,Bleu,Gris,4,,16.03.2024,https://www.vente-voiture-tunisie.com/voiture-occasion/Annonce-vente-voiture-occasion-tunisie.aspx?ref=240316230202
PEUGEOT 206,0020 DT,Peugeot,206,,1.2010,Essence,Manuelle,Tunis,Bleu,Gris,4,,16.03.2024,https://www.vente-voiture-tunisie.com/voiture-occasion/Annonce-vente-voiture-occasion-tunisie.aspx?ref=240316225435
FORD ESCORT,6000 DT,Ford,Escort,99900,12.1985,Essence,Manuelle,Sfax,Gris,Bleu,5,,14.03.2024,https://www.vente-voiture-tunisie.com/voiture-occasion/Annonce-vente-voiture-occasion-tunisie.aspx?ref=240314155235
FORD ESCORT,6000 DT,Ford,Escort,99900,12.1985,Essence,Manuelle,Sfax,Gris,Bleu,5,,14.03.2024,https://www.vente-voiture-tunisie.com/voiture-occasion/Annonce-vente-voiture-occasion-tunisie.aspx?ref=240314154901
KIA PICANTO LX 1.2,41000 DT,Kia,Picanto Lx 1.2,32000,9.2020,Essence,Manuelle,Ariana,Gris,Gris,5,,28.02.2024,https://www.vente-voiture-tunisie.com/voiture-occasion/Annonce-vente-voiture-occasion-tunisie.aspx?ref=240228100117
BMW Z8 750,120000 DT,Bmw,Z8 750,,1.2024,Essence,Automatique,Medenine,Noir,,5,,12.02.2024,https://www.vente-voiture-tunisie.com/voiture-occasion/Annonce-vente-voiture-occasion-tunisie.aspx?ref=240212033417
TOYOTA HIGHLANDER 300,0197 DT,Toyota,Highlander 300,,1.2024,Essence,Automatique,Tunis,Bleu,Noir,5,,12.02.2024,https://www.vente-voiture-tunisie.com/voiture-occasion/Annonce-vente-voiture-occasion-tunisie.aspx?ref=240212032751
DACIA DOKKER VAN VOITURE,32000 DT,Dacia,Dokker Van Voiture,147582,7.2020,Diesel,Manuelle,Ariana,Gris,Gris,2,,10.02.2024,https://www.vente-voiture-tunisie.com/voiture-occasion/Annonce-vente-voiture-occasion-tunisie.aspx?ref=240210192359
PEUGEOT 206,0025 DT,Peugeot,206,151000,1.2011,Essence,Manuelle,Ben Arous,Gris,Noir,4,,10.02.2024,https://www.vente-voiture-tunisie.com/voiture-occasion/Annonce-vente-voiture-occasion-tunisie.aspx?ref=240210105907
PEUGEOT 206,0025 DT,Peugeot,206,151000,1.2012,Essence,Manuelle,Ben Arous,Gris,Noir,4,,10.02.2024,https://www.vente-voiture-tunisie.com/voiture-occasion/Annonce-vente-voiture-occasion-tunisie.aspx?ref=240210103352
CITROEN C4,32000 DT,Citroen,C4,163,3.2013,Essence,Manuelle,Monastir,Marron,Noir,4,"ABS, Vitres électriques",08.02.2024,https://www.vente-voiture-tunisie.com/voiture-occasion/Annonce-vente-voiture-occasion-tunisie.aspx?ref=240208103405
CITROEN C4,0032 DT,Citroen,C4,163,3.2013,Essence,Manuelle,Monastir,Marron,Noir,5,"ABS, Vitres électriques",08.02.2024,https://www.vente-voiture-tunisie.com/voiture-occasion/Annonce-vente-voiture-occasion-tunisie.aspx?ref=240208103052
SUZUKI CELERIO CITADINE,31500 DT,Suzuki,Celerio Citadine,67000,9.2018,Essence,Manuelle,Tunis,Gris,Noir,5,Radar de recul,29.01.2024,https://www.vente-voiture-tunisie.com/voiture-occasion/Annonce-vente-voiture-occasion-tunisie.aspx?ref=240129195222
KIA CERATO,50000 DT,Kia,Cerato,250000,1.2013,Essence,Automatique,Ariana,Gris,,5,,28.01.2024,https://www.vente-voiture-tunisie.com/voiture-occasion/Annonce-vente-voiture-occasion-tunisie.aspx?ref=240128034458
CHERY QQ,22900 DT,Chery,Qq,42000,7.2021,Essence,Manuelle,Nabeul,Gris,Gris,5,,21.01.2024,https://www.vente-voiture-tunisie.com/voiture-occasion/Annonce-vente-voiture-occasion-tunisie.aspx?ref=240121190855
MERCEDES 200 123D,9700 DT,Mercedes,200 123D,577000,1.1982,Diesel,Manuelle,Sousse,Noir,Beige,4,Caméra de recul,19.01.2024,https://www.vente-voiture-tunisie.com/voiture-occasion/Annonce-vente-voiture-occasion-tunisie.aspx?ref=240119121910
KIA SPORTAGE GT-LINE,0109 DT,Kia,Sportage Gt-Line,118000,9.2019,Diesel,Automatique,Medenine,Gris,Noir,4,"ABS, Airbags frontaux, Bluetooth, Climatisation, ESP, Fermeture centralisée, GPS, Ordinateur de bord, Radar de recul, Régulateur de vitesse, Vitres électriques",09.01.2024,https://www.vente-voiture-tunisie.com/voiture-occasion/Annonce-vente-voiture-occasion-tunisie.aspx?ref=240109124921
NISSAN JUKE TEKNA PERSO,96000 DT,Nissan,Juke Tekna Perso,14000,1.2022,Essence,Automatique,Ariana,Noir,,5,,07.01.2024,https://www.vente-voiture-tunisie.com/voiture-occasion/Annonce-vente-voiture-occasion-tunisie.aspx?ref=240107094652
PEUGEOT 106,7800 DT,Peugeot,106,300000,1.1994,Essence,Manuelle,Tunis,Rouge,Noir,3,Vitres électriques,06.01.2024,https://www.vente-voiture-tunisie.com/voiture-occasion/Annonce-vente-voiture-occasion-tunisie.aspx?ref=240106210144
MERCEDES CLASSE CL C215,130000 DT,Mercedes,Classe Cl C215,220000,11.2004,Essence,Automatique,Tunis,Noir,Noir,2,,26.12.2023,https://www.vente-voiture-tunisie.com/voiture-occasion/Annonce-vente-voiture-occasion-tunisie.aspx?ref=231226143945
RENAULT MEGANE,14900 DT,Renault,Megane,390000,4.2006,Diesel,Manuelle,Sousse,Noir,Noir,4,"ABS, ESP",20.12.2023,https://www.vente-voiture-tunisie.com/voiture-occasion/Annonce-vente-voiture-occasion-tunisie.aspx?ref=231220183219
FIAT FIORINO,32000 DT,Fiat,Fiorino,97000,12.2020,Diesel,Manuelle,Sousse,Blanc,Noir,3,,11.12.2023,https://www.vente-voiture-tunisie.com/voiture-occasion/Annonce-vente-voiture-occasion-tunisie.aspx?ref=231211092008
SSANGYONG XLV GOOGLE,0001 DT,Ssangyong,Xlv Google,1000,1.1930,Diesel,Automatique,Tunis,Argent,Argent,2,,10.12.2023,https://www.vente-voiture-tunisie.com/voiture-occasion/Annonce-vente-voiture-occasion-tunisie.aspx?ref=231210201904
KIA RIO COUPÉ,53000 DT,Kia,Rio Coupé,75000,1.2019,Essence,Manuelle,Manouba,Bleu,Noir,4,,09.12.2023,https://www.vente-voiture-tunisie.com/voiture-occasion/Annonce-vente-voiture-occasion-tunisie.aspx?ref=231209094419
FORD FUSION JU2UKR,21500 DT,Ford,Fusion Ju2Ukr,255000,5.2009,Essence,Manuelle,Nabeul,Noir,Beige,5,Vitres électriques,08.12.2023,https://www.vente-voiture-tunisie.com/voiture-occasion/Annonce-vente-voiture-occasion-tunisie.aspx?ref=231208111435
KIA PICANTO,37500 DT,Kia,Picanto,76000,7.2018,Essence,Manuelle,Nabeul,Noir,,5,,01.12.2023,https://www.vente-voiture-tunisie.com/voiture-occasion/Annonce-vente-voiture-occasion-tunisie.aspx?ref=231201151553
PEUGEOT 2008 SUV,34500 DT,Peugeot,2008 Suv,153000,3.2014,Essence,Manuelle,Ariana,Gris,Noir,5,"Bluetooth, GPS, Toit panoramique",29.11.2023,https://www.vente-voiture-tunisie.com/voiture-occasion/Annonce-vente-voiture-occasion-tunisie.aspx?ref=231129112440
TOYOTA PRADO GX,118000 DT,Toyota,Prado Gx,335,12.2006,Diesel,Manuelle,Tunis,Blanc,Gris,5,,22.11.2023,https://www.vente-voiture-tunisie.com/voiture-occasion/Annonce-vente-voiture-occasion-tunisie.aspx?ref=231122231914
HYUNDAI GRAND I10 SEDAN SEDAN,52000 DT,Hyundai,Grand I10 Sedan Sedan,30000,6.2021,Essence,Manuelle,Tunis,Gris,Noir,5,,20.11.2023,https://www.vente-voiture-tunisie.com/voiture-occasion/Annonce-vente-voiture-occasion-tunisie.aspx?ref=231120120355
HYUNDAI GRAND I10,38500 DT,Hyundai,Grand I10,50000,5.2022,Essence,Manuelle,Tunis,Noir,Noir,4,,04.11.2023,https://www.vente-voiture-tunisie.com/voiture-occasion/Annonce-vente-voiture-occasion-tunisie.aspx?ref=231104220220
FORD FOCUS GHIA 1.4,24500 DT,Ford,Focus Ghia 1.4,373000,9.2011,Essence,Manuelle,Ariana,Gris,Gris,4,,03.11.2023,https://www.vente-voiture-tunisie.com/voiture-occasion/Annonce-vente-voiture-occasion-tunisie.aspx?ref=231103155137
PEUGEOT 508 BERLINE,32000 DT,Peugeot,508 Berline,132000,8.2012,Essence,Automatique,Tunis,Bleu,Noir,5,Toit ouvrant,01.11.2023,https://www.vente-voiture-tunisie.com/voiture-occasion/Annonce-vente-voiture-occasion-tunisie.aspx?ref=231101100405
PEUGEOT 407,20000 DT,Peugeot,407,430000,1.2009,Diesel,Manuelle,Kairouan,,,4,,31.10.2023,https://www.vente-voiture-tunisie.com/voiture-occasion/Annonce-vente-voiture-occasion-tunisie.aspx?ref=231031203222
PEUGEOT 407,0020 DT,Peugeot,407,430000,1.2009,Diesel,Automatique,Kairouan,,,4,,31.10.2023,https://www.vente-voiture-tunisie.com/voiture-occasion/Annonce-vente-voiture-occasion-tunisie.aspx?ref=231031203052
PEUGEOT 407,0020 DT,Peugeot,407,430000,1.2009,Diesel,Manuelle,Kairouan,,,4,,31.10.2023,https://www.vente-voiture-tunisie.com/voiture-occasion/Annonce-vente-voiture-occasion-tunisie.aspx?ref=231031202029
TOYOTA HILUX,39500 DT,Toyota,Hilux,688000,10.2003,Diesel,Manuelle,Tunis,Vert,Gris,4,,28.10.2023,https://www.vente-voiture-tunisie.com/voiture-occasion/Annonce-vente-voiture-occasion-tunisie.aspx?ref=231028110752
FIAT PANDA PANDA7,34000 DT,Fiat,Panda Panda7,60000,7.2020,Essence,Manuelle,Ariana,Gris,Noir,5,,27.10.2023,https://www.vente-voiture-tunisie.com/voiture-occasion/Annonce-vente-voiture-occasion-tunisie.aspx?ref=231027143117
LAND ROVER DEFENDER 88,7000 DT,Land Rover,Defender 88,350000,10.1979,Essence,Manuelle,Sousse,Noir,Noir,3,,27.10.2023,https://www.vente-voiture-tunisie.com/voiture-occasion/Annonce-vente-voiture-occasion-tunisie.aspx?ref=231027114109
SMART FOR FOUR,40000 DT,Smart,For Four,90000,6.2015,Essence,Manuelle,Sousse,Rouge,Noir,5,,26.10.2023,https://www.vente-voiture-tunisie.com/voiture-occasion/Annonce-vente-voiture-occasion-tunisie.aspx?ref=231026173814
FIAT 500,32000 DT,Fiat,500,145000,1.2012,Essence,Manuelle,Sousse,Noir,Gris,3,,23.10.2023,https://www.vente-voiture-tunisie.com/voiture-occasion/Annonce-vente-voiture-occasion-tunisie.aspx?ref=231023111319
LAND ROVER DEFENDER 88,7000 DT,Land Rover,Defender 88,350000,10.1979,Essence,Manuelle,Sousse,Noir,Noir,3,,22.10.2023,https://www.vente-voiture-tunisie.com/voiture-occasion/Annonce-vente-voiture-occasion-tunisie.aspx?ref=231022155141
RENAULT CLIO CLIO 3,24500 DT,Renault,Clio Clio 3,125000,1.2008,Diesel,Manuelle,Ben Arous,Bleu,Bleu,5,,21.10.2023,https://www.vente-voiture-tunisie.com/voiture-occasion/Annonce-vente-voiture-occasion-tunisie.aspx?ref=231021132227
RENAULT CLIO 4,36000 DT,Renault,Clio 4,154000,5.2015,Essence,Manuelle,Tunis,Noir,Rouge,5,,19.10.2023,https://www.vente-voiture-tunisie.com/voiture-occasion/Annonce-vente-voiture-occasion-tunisie.aspx?ref=231019125930
HYUNDAI ACCENT COMMERCIALE,32500 DT,Hyundai,Accent Commerciale,188700,2.2016,Essence,Manuelle,Ben Arous,Noir,Gris,5,,16.10.2023,https://www.vente-voiture-tunisie.com/voiture-occasion/Annonce-vente-voiture-occasion-tunisie.aspx?ref=231016211231
OPEL ANTARA G,0022 DT,Opel,Antara G,255,5.2000,Essence,Manuelle,Siliana,Gris,Bordeaux,5,,14.10.2023,https://www.vente-voiture-tunisie.com/voiture-occasion/Annonce-vente-voiture-occasion-tunisie.aspx?ref=231014103744
OPEL ASTRA G,0022 DT,Opel,Astra G,255,5.2000,Essence,Manuelle,Siliana,Gris,Bordeaux,5,,14.10.2023,https://www.vente-voiture-tunisie.com/voiture-occasion/Annonce-vente-voiture-occasion-tunisie.aspx?ref=231014102723
OPEL ASTRA G,0022 DT,Opel,Astra G,255,5.2000,Essence,Manuelle,Siliana,Gris,Bordeaux,5,,14.10.2023,https://www.vente-voiture-tunisie.com/voiture-occasion/Annonce-vente-voiture-occasion-tunisie.aspx?ref=231014102717
CITROEN C4 B7,25000 DT,Citroen,C4 B7,170000,11.2011,Essence,Manuelle,Kasserine,Noir,Noir,5,,13.10.2023,https://www.vente-voiture-tunisie.com/voiture-occasion/Annonce-vente-voiture-occasion-tunisie.aspx?ref=231013121919
ALFA ROMEO 156 JTD,11000 DT,Alfa Romeo,156 Jtd,256000,7.2002,Diesel,Manuelle,Nabeul,Gris,Gris,5,Vitres électriques,11.10.2023,https://www.vente-voiture-tunisie.com/voiture-occasion/Annonce-vente-voiture-occasion-tunisie.aspx?ref=231011132357
OPEL ASTRA G,0022 DT,Opel,Astra G,255,1.2000,Essence,Manuelle,Siliana,Gris,Bordeaux,4,,09.10.2023,https://www.vente-voiture-tunisie.com/voiture-occasion/Annonce-vente-voiture-occasion-tunisie.aspx?ref=231009121559
PEUGEOT 206,12345 DT,Peugeot,206,247,1.2008,Essence,Automatique,Tunis,Blanc,Noir,,,08.10.2023,https://www.vente-voiture-tunisie.com/voiture-occasion/Annonce-vente-voiture-occasion-tunisie.aspx?ref=231008185425
RENAULT CLIO CLIO 3,24500 DT,Renault,Clio Clio 3,12500,1.2008,Diesel,Manuelle,Ben Arous,Bleu,Bleu,5,,07.10.2023,https://www.vente-voiture-tunisie.com/voiture-occasion/Annonce-vente-voiture-occasion-tunisie.aspx?ref=231007113355
RENAULT CLIO CLIO 3,24500 DT,Renault,Clio Clio 3,125000,1.2008,Diesel,Manuelle,Ben Arous,Bleu,Bleu,5,,07.10.2023,https://www.vente-voiture-tunisie.com/voiture-occasion/Annonce-vente-voiture-occasion-tunisie.aspx?ref=231007112905
FORD ESCORT XL 1.8 D,7000 DT,Ford,Escort Xl 1.8 D,350000,1.1993,Diesel,Manuelle,Ariana,Gris,Gris,5,,06.10.2023,https://www.vente-voiture-tunisie.com/voiture-occasion/Annonce-vente-voiture-occasion-tunisie.aspx?ref=231006104807
MERCEDES 200 123D,9700 DT,Mercedes,200 123D,577000,1.1982,Diesel,Manuelle,Sousse,Noir,Beige,5,,06.10.2023,https://www.vente-voiture-tunisie.com/voiture-occasion/Annonce-vente-voiture-occasion-tunisie.aspx?ref=231006094324
VOLKSWAGEN POLO 6,22000 DT,Volkswagen,Polo 6,163000,1.2009,Essence,Manuelle,Ben Arous,Noir,Noir,4,,02.10.2023,https://www.vente-voiture-tunisie.com/voiture-occasion/Annonce-vente-voiture-occasion-tunisie.aspx?ref=231002162415
FIAT GRANDE PUNTO,0026 DT,Fiat,Grande Punto,101000,4.2016,Essence,Manuelle,Ben Arous,Blanc,Gris,5,,30.09.2023,https://www.vente-voiture-tunisie.com/voiture-occasion/Annonce-vente-voiture-occasion-tunisie.aspx?ref=230930092823
FIAT GRANDE PUNTO,0027 DT,Fiat,Grande Punto,101000,4.2016,Essence,Manuelle,Ben Arous,Blanc,Gris,5,,30.09.2023,https://www.vente-voiture-tunisie.com/voiture-occasion/Annonce-vente-voiture-occasion-tunisie.aspx?ref=230930092505
PEUGEOT 208,11111 DT,Peugeot,208,,12.2012,Diesel,Automatique,Mahdia,Bleu,Gris,,,28.09.2023,https://www.vente-voiture-tunisie.com/voiture-occasion/Annonce-vente-voiture-occasion-tunisie.aspx?ref=230928192642
RENAULT CLIO CLIO 3,24500 DT,Renault,Clio Clio 3,120,1.2008,Diesel,Manuelle,Ben Arous,Bleu,Bleu,5,,25.09.2023,https://www.vente-voiture-tunisie.com/voiture-occasion/Annonce-vente-voiture-occasion-tunisie.aspx?ref=230925164543
MAHINDRA KUV 100 K6+,30000 DT,Mahindra,Kuv 100 K6+,45000,5.2019,Essence,Manuelle,Tunis,Gris,Beige,5,,20.09.2023,https://www.vente-voiture-tunisie.com/voiture-occasion/Annonce-vente-voiture-occasion-tunisie.aspx?ref=230920131557
HYUNDAI GRAND I10 SEDAN,0038 DT,Hyundai,Grand I10 Sedan,120000,11.2016,Essence,Manuelle,Tunis,Blanc,,5,,19.09.2023,https://www.vente-voiture-tunisie.com/voiture-occasion/Annonce-vente-voiture-occasion-tunisie.aspx?ref=230919174412
HYUNDAI GRAND I10 SEDAN,0038 DT,Hyundai,Grand I10 Sedan,12000,11.2016,Essence,Manuelle,Tunis,Blanc,,5,,19.09.2023,https://www.vente-voiture-tunisie.com/voiture-occasion/Annonce-vente-voiture-occasion-tunisie.aspx?ref=230919172907
PEUGEOT 3008 ALLURE,74000 DT,Peugeot,3008 Allure,111000,6.2018,Essence,Automatique,Ariana,Gris,Gris,5,,16.09.2023,https://www.vente-voiture-tunisie.com/voiture-occasion/Annonce-vente-voiture-occasion-tunisie.aspx?ref=230916174502
ISUZU D MAX DMAX,0001 DT,Isuzu,D Max Dmax,11800,1.2017,Diesel,Manuelle,Tunis,Blanc,Blanc,2,,16.09.2023,https://www.vente-voiture-tunisie.com/voiture-occasion/Annonce-vente-voiture-occasion-tunisie.aspx?ref=230916134704
ISUZU D MAX DMAX,0001 DT,Isuzu,D Max Dmax,11800,8.2017,Diesel,Manuelle,Tunis,Blanc,Blanc,2,,16.09.2023,https://www.vente-voiture-tunisie.com/voiture-occasion/Annonce-vente-voiture-occasion-tunisie.aspx?ref=230916132458
DACIA DOKKER VAN,45000 DT,Dacia,Dokker Van,41000,1.2022,Diesel,Manuelle,Sfax,Noir,,2,,07.09.2023,https://www.vente-voiture-tunisie.com/voiture-occasion/Annonce-vente-voiture-occasion-tunisie.aspx?ref=230907230422
FIAT STILO,9600 DT,Fiat,Stilo,299999,4.1930,Essence,Manuelle,Zaghouan,Ivoir,Jaune,5,,05.09.2023,https://www.vente-voiture-tunisie.com/voiture-occasion/Annonce-vente-voiture-occasion-tunisie.aspx?ref=230905222341
FORD FIESTA,11000 DT,Ford,Fiesta,909000,4.1993,Essence,Manuelle,Medenine,Gris,,3,,05.09.2023,https://www.vente-voiture-tunisie.com/voiture-occasion/Annonce-vente-voiture-occasion-tunisie.aspx?ref=230905180622
SUZUKI SWIFT TOUT OPTION,43000 DT,Suzuki,Swift Tout Option,45000,1.2020,Diesel,Manuelle,Monastir,Bleu,Noir,4,,04.09.2023,https://www.vente-voiture-tunisie.com/voiture-occasion/Annonce-vente-voiture-occasion-tunisie.aspx?ref=230904155106
AUDI 80 QTQTQT,0444 DT,Audi,80 Qtqtqt,222,1.1930,Essence,Automatique,Ariana,Beige,Beige,3,,04.09.2023,https://www.vente-voiture-tunisie.com/voiture-occasion/Annonce-vente-voiture-occasion-tunisie.aspx?ref=230904074527
VOLKSWAGEN POLO 3,11800 DT,Volkswagen,Polo 3,330000,7.1998,Essence,Manuelle,Zaghouan,Noir,Noir,4,,03.09.2023,https://www.vente-voiture-tunisie.com/voiture-occasion/Annonce-vente-voiture-occasion-tunisie.aspx?ref=230903121609
VOLKSWAGEN JETTA JETTA 2010,33000 DT,Volkswagen,Jetta Jetta 2010,150000,7.2010,Essence,Manuelle,Tunis,Noir,Noir,5,Direction assistée,31.08.2023,https://www.vente-voiture-tunisie.com/voiture-occasion/Annonce-vente-voiture-occasion-tunisie.aspx?ref=230831171602
NISSAN QASHQAI,58000 DT,Nissan,Qashqai,140000,5.2014,Diesel,Manuelle,Manouba,Blanc,Blanc,5,,27.08.2023,https://www.vente-voiture-tunisie.com/voiture-occasion/Annonce-vente-voiture-occasion-tunisie.aspx?ref=230827093216
NISSAN QASHQAI,58000 DT,Nissan,Qashqai,140000,5.2014,Diesel,Manuelle,Manouba,Blanc,Noir,5,Toit panoramique,27.08.2023,https://www.vente-voiture-tunisie.com/voiture-occasion/Annonce-vente-voiture-occasion-tunisie.aspx?ref=230827092757
CITROEN BERLINGO VAN B9,35000 DT,Citroen,Berlingo Van B9,258000,8.2017,Diesel,Manuelle,Monastir,Blanc,Noir,3,,21.08.2023,https://www.vente-voiture-tunisie.com/voiture-occasion/Annonce-vente-voiture-occasion-tunisie.aspx?ref=230821215141
MAHINDRA XUV 500 4*4,48000 DT,Mahindra,Xuv 500 4*4,281000,2.2015,Diesel,Manuelle,Bizerte,Noir,Beige,5,"ABS, Airbags frontaux, Bluetooth, Climatisation, Direction assistée, ESP, Fermeture centralisée, Ordinateur de bord, Régulateur de vitesse, Vitres électriques",21.08.2023,https://www.vente-voiture-tunisie.com/voiture-occasion/Annonce-vente-voiture-occasion-tunisie.aspx?ref=230821122415
VOLKSWAGEN POLO POLO 7,29500 DT,Volkswagen,Polo Polo 7,157000,6.2011,Essence,Manuelle,Tunis,Gris,Gris,4,Vitres électriques,18.08.2023,https://www.vente-voiture-tunisie.com/voiture-occasion/Annonce-vente-voiture-occasion-tunisie.aspx?ref=230818201127
TOYOTA PRADO FORTUNER,160000 DT,Toyota,Prado Fortuner,65000,3.2013,Essence,Manuelle,Monastir,Noir,Gris,4,,14.08.2023,https://www.vente-voiture-tunisie.com/voiture-occasion/Annonce-vente-voiture-occasion-tunisie.aspx?ref=230814172721
TOYOTA LAND CRUISER,560000 DT,Toyota,Land Cruiser,,1.2022,Essence,Automatique,Tunis,Noir,Noir,5,,09.08.2023,https://www.vente-voiture-tunisie.com/voiture-occasion/Annonce-vente-voiture-occasion-tunisie.aspx?ref=230809085307
MERCEDES 190 C180,89000 DT,Mercedes,190 C180,156000,1.2013,Essence,Automatique,Tunis,Noir,Noir,5,,08.08.2023,https://www.vente-voiture-tunisie.com/voiture-occasion/Annonce-vente-voiture-occasion-tunisie.aspx?ref=230808181727
MERCEDES 190 C180,55000 DT,Mercedes,190 C180,156000,1.2013,Essence,Automatique,Tunis,Noir,Noir,5,,08.08.2023,https://www.vente-voiture-tunisie.com/voiture-occasion/Annonce-vente-voiture-occasion-tunisie.aspx?ref=230808181530
PEUGEOT 207,25500 DT,Peugeot,207,196500,10.2011,Essence,Manuelle,Bizerte,Noir,Noir,5,,04.08.2023,https://www.vente-voiture-tunisie.com/voiture-occasion/Annonce-vente-voiture-occasion-tunisie.aspx?ref=230804214117
RENAULT MEGANE 2 PHASE 2,20000 DT,Renault,Megane 2 Phase 2,265000,8.2008,Diesel,Manuelle,Mahdia,Beige,Beige,,,25.07.2023,https://www.vente-voiture-tunisie.com/voiture-occasion/Annonce-vente-voiture-occasion-tunisie.aspx?ref=230725212916
VOLKSWAGEN PASSAT CC SPORT,43000 DT,Volkswagen,Passat Cc Sport,167000,10.2010,Essence,Manuelle,Tunis,Bleu,Noir,4,"Bluetooth, Vitres électriques",19.07.2023,https://www.vente-voiture-tunisie.com/voiture-occasion/Annonce-vente-voiture-occasion-tunisie.aspx?ref=230719165311
VOLKSWAGEN PASSAT CC SPORT,43000 DT,Volkswagen,Passat Cc Sport,167000,10.2010,Essence,Manuelle,Tunis,Bleu,Noir,4,"Bluetooth, Vitres électriques",19.07.2023,https://www.vente-voiture-tunisie.com/voiture-occasion/Annonce-vente-voiture-occasion-tunisie.aspx?ref=230719165114
VOLKSWAGEN PASSAT CC SPORT,43000 DT,Volkswagen,Passat Cc Sport,167000,10.2010,Essence,Manuelle,Tunis,Bleu,Noir,4,,19.07.2023,https://www.vente-voiture-tunisie.com/voiture-occasion/Annonce-vente-voiture-occasion-tunisie.aspx?ref=230719164659
SKODA OCTAVIA,78000 DT,Skoda,Octavia,69000,5.2021,Diesel,Automatique,Sfax,Gris,Noir,5,Toit panoramique,16.07.2023,https://www.vente-voiture-tunisie.com/voiture-occasion/Annonce-vente-voiture-occasion-tunisie.aspx?ref=230716151258
MERCEDES CLASSE GL GLA 180,10000000 DT,Mercedes,Classe Gl Gla 180,73000,8.2015,Essence,Automatique,Ariana,Noir,Noir,5,Toit ouvrant,15.07.2023,https://www.vente-voiture-tunisie.com/voiture-occasion/Annonce-vente-voiture-occasion-tunisie.aspx?ref=230715172216
LAND ROVER RANGE ROVER,0100 DT,Land Rover,Range Rover,159,12.2013,Essence,Automatique,Manouba,Rouge,Noir,5,,15.07.2023,https://www.vente-voiture-tunisie.com/voiture-occasion/Annonce-vente-voiture-occasion-tunisie.aspx?ref=230715121404
TOYOTA LAND CRUISER 300,0370 DT,Toyota,Land Cruiser 300,,10.2022,Essence,Automatique,Tunis,Noir,Noir,5,,11.07.2023,https://www.vente-voiture-tunisie.com/voiture-occasion/Annonce-vente-voiture-occasion-tunisie.aspx?ref=230711140039
MERCEDES CLASSE G 63,0700 DT,Mercedes,Classe G 63,230,1.2021,Essence,Automatique,Tunis,Blanc,Noir,5,,11.07.2023,https://www.vente-voiture-tunisie.com/voiture-occasion/Annonce-vente-voiture-occasion-tunisie.aspx?ref=230711135456
KIA SPORTAGE GT LINE 2.0L,98000 DT,Kia,Sportage Gt Line 2.0L,111000,8.2017,Diesel,Automatique,Ariana,Gris,Noir,5,,09.07.2023,https://www.vente-voiture-tunisie.com/voiture-occasion/Annonce-vente-voiture-occasion-tunisie.aspx?ref=230709132739
BMW 525 E60,39000 DT,Bmw,525 E60,237000,9.2005,Diesel,Automatique,Ariana,Bleu,Noir,5,"Ordinateur de bord, Sièges électriques",08.07.2023,https://www.vente-voiture-tunisie.com/voiture-occasion/Annonce-vente-voiture-occasion-tunisie.aspx?ref=230708034521
MG ZS,67000 DT,Mg,Zs,80000,9.2019,Essence,Manuelle,Ben Arous,Noir,Beige,5,,04.07.2023,https://www.vente-voiture-tunisie.com/voiture-occasion/Annonce-vente-voiture-occasion-tunisie.aspx?ref=230704001940
TOYOTA RAV 4 HYBRIDE,43000 DT,Toyota,Rav 4 Hybride,1800,8.2019,Essence,Automatique,Tunis,Blanc,Noir,,,29.06.2023,https://www.vente-voiture-tunisie.com/voiture-occasion/Annonce-vente-voiture-occasion-tunisie.aspx?ref=230629213000
TOYOTA PRADO,65000 DT,Toyota,Prado,,8.2022,Essence,Automatique,Medenine,Noir,Beige,5,,29.06.2023,https://www.vente-voiture-tunisie.com/voiture-occasion/Annonce-vente-voiture-occasion-tunisie.aspx?ref=230629105823
TOYOTA RAV 4 4,33000 DT,Toyota,Rav 4 4,900,3.2022,Essence,Automatique,Tunis,Bleu,Noir,5,,23.06.2023,https://www.vente-voiture-tunisie.com/voiture-occasion/Annonce-vente-voiture-occasion-tunisie.aspx?ref=230623073822
TOYOTA CAMRY 4,25000 DT,Toyota,Camry 4,560,3.2022,Essence,Automatique,Tunis,Bleu,Noir,5,,23.06.2023,https://www.vente-voiture-tunisie.com/voiture-occasion/Annonce-vente-voiture-occasion-tunisie.aspx?ref=230623073518
TOYOTA CAMRY 4,25000 DT,Toyota,Camry 4,560,3.2022,Essence,Automatique,Tunis,Bleu,Noir,5,,23.06.2023,https://www.vente-voiture-tunisie.com/voiture-occasion/Annonce-vente-voiture-occasion-tunisie.aspx?ref=230623073515
MERCEDES CLASSE GL 43,70000 DT,Mercedes,Classe Gl 43,1400,8.1930,Essence,Automatique,Tunis,Vert,Vert,5,,23.06.2023,https://www.vente-voiture-tunisie.com/voiture-occasion/Annonce-vente-voiture-occasion-tunisie.aspx?ref=230623073013
MERCEDES 300 300,45000 DT,Mercedes,300 300,1200,1.2022,Essence,Automatique,Tunis,Blanc,Noir,5,,23.06.2023,https://www.vente-voiture-tunisie.com/voiture-occasion/Annonce-vente-voiture-occasion-tunisie.aspx?ref=230623072437
LAND ROVER DISCOVERY 300,47000 DT,Land Rover,Discovery 300,1000,1.2021,Essence,Automatique,Tunis,Noir,Blanc,5,,23.06.2023,https://www.vente-voiture-tunisie.com/voiture-occasion/Annonce-vente-voiture-occasion-tunisie.aspx?ref=230623072044
LAND ROVER RANGE ROVER VELAR P380,45000 DT,Land Rover,Range Rover Velar P380,900,1.2020,Essence,Automatique,Tunis,Blanc,Noir,5,,23.06.2023,https://www.vente-voiture-tunisie.com/voiture-occasion/Annonce-vente-voiture-occasion-tunisie.aspx?ref=230623071545
MITSUBISHI PAJERO,0030 DT,Mitsubishi,Pajero,242,6.1997,Diesel,Manuelle,Tunis,Blanc,Gris,5,,20.06.2023,https://www.vente-voiture-tunisie.com/voiture-occasion/Annonce-vente-voiture-occasion-tunisie.aspx?ref=230620221043
MITSUBISHI PAJERO,0030 DT,Mitsubishi,Pajero,242,6.1997,Diesel,Manuelle,Tunis,Blanc,Gris,5,,20.06.2023,https://www.vente-voiture-tunisie.com/voiture-occasion/Annonce-vente-voiture-occasion-tunisie.aspx?ref=230620220050
CITROEN C3,20500 DT,Citroen,C3,200,7.2009,Essence,Manuelle,Ben Arous,Noir,Noir,4,,19.06.2023,https://www.vente-voiture-tunisie.com/voiture-occasion/Annonce-vente-voiture-occasion-tunisie.aspx?ref=230619211401
CITROEN C3,20500 DT,Citroen,C3,200,7.2009,Essence,Manuelle,Ben Arous,Noir,Noir,4,,19.06.2023,https://www.vente-voiture-tunisie.com/voiture-occasion/Annonce-vente-voiture-occasion-tunisie.aspx?ref=230619211400
MITSUBISHI PAJERO 2800,0035 DT,Mitsubishi,Pajero 2800,242,6.1997,Diesel,Manuelle,Tunis,Gris,Blanc,5,,15.06.2023,https://www.vente-voiture-tunisie.com/voiture-occasion/Annonce-vente-voiture-occasion-tunisie.aspx?ref=230615191129
BMW X1 S DRIVE,53000 DT,Bmw,X1 S Drive,143000,4.2013,Essence,Automatique,Tunis,Gris,Noir,4,,15.06.2023,https://www.vente-voiture-tunisie.com/voiture-occasion/Annonce-vente-voiture-occasion-tunisie.aspx?ref=230615163847
MITSUBISHI L200 TRÈS PROPRE,30000 DT,Mitsubishi,L200 Très Propre,350000,4.2006,Diesel,Manuelle,Mahdia,Argent,Noir,5,,12.06.2023,https://www.vente-voiture-tunisie.com/voiture-occasion/Annonce-vente-voiture-occasion-tunisie.aspx?ref=230612105901
TOYOTA C-HR,68000 DT,Toyota,C-Hr,100,1.2018,Essence,Manuelle,Monastir,Bordeaux,Noir,5,,06.06.2023,https://www.vente-voiture-tunisie.com/voiture-occasion/Annonce-vente-voiture-occasion-tunisie.aspx?ref=230606114938
TOYOTA C-HR,68000 DT,Toyota,C-Hr,100,1.2018,Essence,Manuelle,Monastir,Bordeaux,Noir,5,,06.06.2023,https://www.vente-voiture-tunisie.com/voiture-occasion/Annonce-vente-voiture-occasion-tunisie.aspx?ref=230606112608
DACIA LOGAN MCV,42000 DT,Dacia,Logan Mcv,60000,3.2020,Essence,Manuelle,Tunis,Blanc,Noir,5,,05.06.2023,https://www.vente-voiture-tunisie.com/voiture-occasion/Annonce-vente-voiture-occasion-tunisie.aspx?ref=230605150842
VOLKSWAGEN POLO POLO 6,17000 DT,Volkswagen,Polo Polo 6,23000,10.2006,Essence,Manuelle,Manouba,Noir,Gris,4,,04.06.2023,https://www.vente-voiture-tunisie.com/voiture-occasion/Annonce-vente-voiture-occasion-tunisie.aspx?ref=230604112128
VOLKSWAGEN POLO POLO 4,15500 DT,Volkswagen,Polo Polo 4,333333,1.2002,Essence,Manuelle,Tunis,Gris,Noir,4,,01.06.2023,https://www.vente-voiture-tunisie.com/voiture-occasion/Annonce-vente-voiture-occasion-tunisie.aspx?ref=230601114850
PEUGEOT 207 SW PRENIUM,37000 DT,Peugeot,207 Sw Prenium,153000,7.2010,Diesel,Manuelle,Tunis,Noir,Gris,5,"ABS, Direction assistée, Fermeture centralisée, Ordinateur de bord, Régulateur de vitesse, Toit panoramique, Vitres électriques",27.05.2023,https://www.vente-voiture-tunisie.com/voiture-occasion/Annonce-vente-voiture-occasion-tunisie.aspx?ref=230527154645
TOYOTA C-HR,68500 DT,Toyota,C-Hr,100,1.2018,Essence,Manuelle,Monastir,Bordeaux,Noir,5,,24.05.2023,https://www.vente-voiture-tunisie.com/voiture-occasion/Annonce-vente-voiture-occasion-tunisie.aspx?ref=230524133135
VOLKSWAGEN POLO 7,65000 DT,Volkswagen,Polo 7,31000,11.2021,Essence,Manuelle,Tunis,Bleu,Noir,5,Radar de recul,17.05.2023,https://www.vente-voiture-tunisie.com/voiture-occasion/Annonce-vente-voiture-occasion-tunisie.aspx?ref=230517173606
AUDI A3 BERLINE,76000 DT,Audi,A3 Berline,69000,2.2018,Essence,Manuelle,Sousse,Blanc,,5,"ABS, Airbags frontaux, Airbags latéraux, Bluetooth, Climatisation, Direction assistée, Fermeture centralisée, Ordinateur de bord, Radar de recul, Régulateur de vitesse, Vitres électriques",15.05.2023,https://www.vente-voiture-tunisie.com/voiture-occasion/Annonce-vente-voiture-occasion-tunisie.aspx?ref=230515225224
AUDI A3 BERLINE,74000 DT,Audi,A3 Berline,88000,1.2018,Essence,Manuelle,Tunis,Gris,Noir,4,,04.05.2023,https://www.vente-voiture-tunisie.com/voiture-occasion/Annonce-vente-voiture-occasion-tunisie.aspx?ref=230504100321
AUDI A3 BERLINE,74000 DT,Audi,A3 Berline,88000,1.2018,Essence,Manuelle,Ariana,Gris,Noir,4,,04.05.2023,https://www.vente-voiture-tunisie.com/voiture-occasion/Annonce-vente-voiture-occasion-tunisie.aspx?ref=230504094802
AUDI A3 BERLINE,74000 DT,Audi,A3 Berline,88000,1.2018,Essence,Manuelle,Tunis,Gris,Noir,4,,04.05.2023,https://www.vente-voiture-tunisie.com/voiture-occasion/Annonce-vente-voiture-occasion-tunisie.aspx?ref=230504093612
DACIA DOKKER VAN COMMERCIALE,30000 DT,Dacia,Dokker Van Commerciale,139000,4.2018,Diesel,Manuelle,Tunis,Noir,Noir,4,"Bluetooth, Climatisation",29.04.2023,https://www.vente-voiture-tunisie.com/voiture-occasion/Annonce-vente-voiture-occasion-tunisie.aspx?ref=230429154202
BMW 525 E60,39000 DT,Bmw,525 E60,237000,9.2005,Diesel,Automatique,Ariana,Bleu,Noir,5,"ABS, Direction assistée",29.04.2023,https://www.vente-voiture-tunisie.com/voiture-occasion/Annonce-vente-voiture-occasion-tunisie.aspx?ref=230429142702
PEUGEOT 106,12000 DT,Peugeot,106,,1.1995,Essence,Manuelle,Ariana,Rouge,Noir,4,,28.04.2023,https://www.vente-voiture-tunisie.com/voiture-occasion/Annonce-vente-voiture-occasion-tunisie.aspx?ref=230428111606
GREAT WALL WINGLE 5 WINGLE 6 DIESEL 2.0L 4 X 4,78000 DT,Great Wall,Wingle 5 Wingle 6 Diesel 2.0L 4 X 4,74500,4.2019,Diesel,Manuelle,Ben Arous,Noir,Gris,5,,26.04.2023,https://www.vente-voiture-tunisie.com/voiture-occasion/Annonce-vente-voiture-occasion-tunisie.aspx?ref=230426222440
MERCEDES 200 E,86000 DT,Mercedes,200 E,192000,1.2014,Diesel,Automatique,Sousse,Noir,Beige,4,Jantes en alliage,25.04.2023,https://www.vente-voiture-tunisie.com/voiture-occasion/Annonce-vente-voiture-occasion-tunisie.aspx?ref=230425075557
PEUGEOT 106,9000 DT,Peugeot,106,,8.1995,Essence,Manuelle,Ben Arous,,,5,,24.04.2023,https://www.vente-voiture-tunisie.com/voiture-occasion/Annonce-vente-voiture-occasion-tunisie.aspx?ref=230424143313
CITROEN C4,27000 DT,Citroen,C4,,6.2008,Essence,Manuelle,Tunis,Argent,Gris,5,"ABS, Climatisation, Climatisation automatique, Direction assistée, Radar de recul, Régulateur de vitesse",22.04.2023,https://www.vente-voiture-tunisie.com/voiture-occasion/Annonce-vente-voiture-occasion-tunisie.aspx?ref=230422161552
CITROEN C4,27000 DT,Citroen,C4,160000,6.2008,Essence,Manuelle,Tunis,Argent,Gris,5,"Climatisation, Climatisation automatique, Direction assistée, Radar de recul, Régulateur de vitesse",22.04.2023,https://www.vente-voiture-tunisie.com/voiture-occasion/Annonce-vente-voiture-occasion-tunisie.aspx?ref=230422153948
MERCEDES 220,75000 DT,Mercedes,220,,1.2010,Diesel,Automatique,Jendouba,Bleu,Marron,5,,19.04.2023,https://www.vente-voiture-tunisie.com/voiture-occasion/Annonce-vente-voiture-occasion-tunisie.aspx?ref=230419111027
DACIA PICK-UP DOUBLE CAB SANDERO STEPWAY,44000 DT,Dacia,Pick-Up Double Cab Sandero Stepway,12000,8.2020,Essence,Manuelle,Kairouan,Blanc,Noir,5,,15.04.2023,https://www.vente-voiture-tunisie.com/voiture-occasion/Annonce-vente-voiture-occasion-tunisie.aspx?ref=230415152810
PEUGEOT PARTNER B9,0045 DT,Peugeot,Partner B9,110000,4.2018,Diesel,Manuelle,Kairouan,Blanc,Noir,4,,15.04.2023,https://www.vente-voiture-tunisie.com/voiture-occasion/Annonce-vente-voiture-occasion-tunisie.aspx?ref=230415152213
LANCIA DELTA BERLINE,11111 DT,Lancia,Delta Berline,253000,1.2010,Essence,Manuelle,Ben Arous,Blanc,Noir,5,,06.04.2023,https://www.vente-voiture-tunisie.com/voiture-occasion/Annonce-vente-voiture-occasion-tunisie.aspx?ref=230406094319
CITROEN C3 CETADINE,41000 DT,Citroen,C3 Cetadine,48800,6.2017,Essence,Manuelle,Tunis,Bleu,Gris,4,,02.04.2023,https://www.vente-voiture-tunisie.com/voiture-occasion/Annonce-vente-voiture-occasion-tunisie.aspx?ref=230402135936
ISUZU D MAX 9ARWIA,54000 DT,Isuzu,D Max 9Arwia,108000,3.2019,Diesel,Manuelle,Jendouba,Blanc,,2,,02.04.2023,https://www.vente-voiture-tunisie.com/voiture-occasion/Annonce-vente-voiture-occasion-tunisie.aspx?ref=230402005222
HAVAL H6,173000 DT,Haval,H6,300,1.2023,Essence,Automatique,Tunis,Blanc,Rouge,5,,28.03.2023,https://www.vente-voiture-tunisie.com/voiture-occasion/Annonce-vente-voiture-occasion-tunisie.aspx?ref=230328133132
HAVAL H6,173000 DT,Haval,H6,300,1.2023,Essence,Automatique,Tunis,Blanc,Rouge,5,,28.03.2023,https://www.vente-voiture-tunisie.com/voiture-occasion/Annonce-vente-voiture-occasion-tunisie.aspx?ref=230328130040
HYUNDAI GRAND I10,32000 DT,Hyundai,Grand I10,67000,8.2017,Essence,Manuelle,Tunis,Gris,Noir,4,,17.03.2023,https://www.vente-voiture-tunisie.com/voiture-occasion/Annonce-vente-voiture-occasion-tunisie.aspx?ref=230317124717
KIA RIO BERLINE,30000 DT,Kia,Rio Berline,142000,11.2012,Essence,Manuelle,Ariana,Noir,Beige,5,,11.03.2023,https://www.vente-voiture-tunisie.com/voiture-occasion/Annonce-vente-voiture-occasion-tunisie.aspx?ref=230311195354
CITROEN BERLINGO VAN BERLINGO,43000 DT,Citroen,Berlingo Van Berlingo,133000,1.2019,Diesel,Manuelle,Ariana,Blanc,,2,,10.03.2023,https://www.vente-voiture-tunisie.com/voiture-occasion/Annonce-vente-voiture-occasion-tunisie.aspx?ref=230310175414
KIA RIO COUPÉ,45000 DT,Kia,Rio Coupé,54000,2.2015,Essence,Manuelle,Ben Arous,Marron,Marron,5,,09.03.2023,https://www.vente-voiture-tunisie.com/voiture-occasion/Annonce-vente-voiture-occasion-tunisie.aspx?ref=230309142642
ISUZU ISUZU,30000 DT,Isuzu,Isuzu,700000,1.2000,Diesel,Manuelle,Sousse,,,4,,06.03.2023,https://www.vente-voiture-tunisie.com/voiture-occasion/Annonce-vente-voiture-occasion-tunisie.aspx?ref=230306151716
DS 3 DS3,42000 DT,Ds,3 Ds3,52000,11.2016,Essence,Manuelle,Manouba,Blanc,Noir,2,,01.03.2023,https://www.vente-voiture-tunisie.com/voiture-occasion/Annonce-vente-voiture-occasion-tunisie.aspx?ref=230301193811
CITROEN BERLINGO VAN,45000 DT,Citroen,Berlingo Van,80000,1.2018,Diesel,Manuelle,Ariana,Gris,Marron,2,,20.02.2023,https://www.vente-voiture-tunisie.com/voiture-occasion/Annonce-vente-voiture-occasion-tunisie.aspx?ref=230220150627
FIAT GRANDE PUNTO,21800 DT,Fiat,Grande Punto,170000,9.2009,Essence,Manuelle,Tunis,Noir,Noir,,,18.02.2023,https://www.vente-voiture-tunisie.com/voiture-occasion/Annonce-vente-voiture-occasion-tunisie.aspx?ref=230218230533
KIA PICANTO PICANTO,27500 DT,Kia,Picanto Picanto,216000,1.2016,Essence,Manuelle,Nabeul,Blanc,Noir,4,,06.02.2023,https://www.vente-voiture-tunisie.com/voiture-occasion/Annonce-vente-voiture-occasion-tunisie.aspx?ref=230206121443
FIAT PUNTO 2,0014 DT,Fiat,Punto 2,399999,1.2009,Essence,Manuelle,Tunis,Gris,Gris,5,,05.02.2023,https://www.vente-voiture-tunisie.com/voiture-occasion/Annonce-vente-voiture-occasion-tunisie.aspx?ref=230205202058
ALFA ROMEO 145,99999999 DT,Alfa Romeo,145,,1.1930,,,Kasserine,Rose,Rose,,,31.12.2022,https://www.vente-voiture-tunisie.com/voiture-occasion/Annonce-vente-voiture-occasion-tunisie.aspx?ref=221231131547
CITROEN C-ELYSÉE EXCLUSIVE,22500 DT,Citroen,C-Elysée Exclusive,131000,4.2015,Essence,Manuelle,Ariana,Noir,Noir,5,"ABS, Bluetooth, Radar de recul",25.12.2022,https://www.vente-voiture-tunisie.com/voiture-occasion/Annonce-vente-voiture-occasion-tunisie.aspx?ref=221225204855
PEUGEOT 207,23500 DT,Peugeot,207,,7.2009,Essence,Manuelle,Manouba,Noir,Beige,4,,20.11.2022,https://www.vente-voiture-tunisie.com/voiture-occasion/Annonce-vente-voiture-occasion-tunisie.aspx?ref=221120223308
FIAT LINEA,23000 DT,Fiat,Linea,240000,1.2010,Essence,Manuelle,Tunis,Beige,Beige,4,Vitres électriques,20.11.2022,https://www.vente-voiture-tunisie.com/voiture-occasion/Annonce-vente-voiture-occasion-tunisie.aspx?ref=221120200133
FIAT GRANDE PUNTO CITADINE,27800 DT,Fiat,Grande Punto Citadine,70000,4.2016,Essence,Manuelle,Tunis,Blanc,Gris,4,Vitres électriques,20.11.2022,https://www.vente-voiture-tunisie.com/voiture-occasion/Annonce-vente-voiture-occasion-tunisie.aspx?ref=221120151016
PEUGEOT 106,9000 DT,Peugeot,106,,1.1994,Essence,Manuelle,Sidi Bouzid,Rouge,Noir,4,,10.11.2022,https://www.vente-voiture-tunisie.com/voiture-occasion/Annonce-vente-voiture-occasion-tunisie.aspx?ref=221110152732
NISSAN MICRA,310000 DT,Nissan,Micra,105000,10.2017,Essence,Manuelle,Nabeul,Gris,Beige,5,,08.11.2022,https://www.vente-voiture-tunisie.com/voiture-occasion/Annonce-vente-voiture-occasion-tunisie.aspx?ref=221108182122
RENAULT CLIO 4,37500 DT,Renault,Clio 4,60000,1.2017,Essence,Manuelle,Ariana,Gris,Gris,5,,04.11.2022,https://www.vente-voiture-tunisie.com/voiture-occasion/Annonce-vente-voiture-occasion-tunisie.aspx?ref=221104173102
CHERY QQ,22000 DT,Chery,Qq,63000,6.2018,Essence,Manuelle,Tunis,Bleu,Noir,5,,03.11.2022,https://www.vente-voiture-tunisie.com/voiture-occasion/Annonce-vente-voiture-occasion-tunisie.aspx?ref=221103142159
OPEL CORSA OPEL SWING,10000 DT,Opel,Corsa Opel Swing,300000,4.1995,Essence,Manuelle,Sousse,Blanc,,4,,28.10.2022,https://www.vente-voiture-tunisie.com/voiture-occasion/Annonce-vente-voiture-occasion-tunisie.aspx?ref=221028092556
VOLKSWAGEN PASSAT B8,57000 DT,Volkswagen,Passat B8,18700,11.2015,Essence,Manuelle,Ben Arous,Argent,Marron,5,,27.10.2022,https://www.vente-voiture-tunisie.com/voiture-occasion/Annonce-vente-voiture-occasion-tunisie.aspx?ref=221027155703
FIAT 126 IVECO,24000 DT,Fiat,126 Iveco,249000,12.2008,Diesel,Manuelle,Sfax,Blanc,Gris,2,,24.10.2022,https://www.vente-voiture-tunisie.com/voiture-occasion/Annonce-vente-voiture-occasion-tunisie.aspx?ref=221024130233
RENAULT SCENIC,22000 DT,Renault,Scenic,375,8.2007,Diesel,Manuelle,Ariana,Gris,,4,,22.10.2022,https://www.vente-voiture-tunisie.com/voiture-occasion/Annonce-vente-voiture-occasion-tunisie.aspx?ref=221022111951
PEUGEOT 106,10500 DT,Peugeot,106,297000,1.1996,Essence,Manuelle,Ariana,Blanc,Bleu,4,,21.10.2022,https://www.vente-voiture-tunisie.com/voiture-occasion/Annonce-vente-voiture-occasion-tunisie.aspx?ref=221021184643
DACIA LOGAN MCV,45000 DT,Dacia,Logan Mcv,77000,11.2021,Essence,Manuelle,Tunis,Blanc,Noir,5,,20.10.2022,https://www.vente-voiture-tunisie.com/voiture-occasion/Annonce-vente-voiture-occasion-tunisie.aspx?ref=221020191335
BMW SÉRIE 4 COUPÉ BMW 418I A,130000 DT,Bmw,Série 4 Coupé Bmw 418I A,30000,3.2019,Essence,Automatique,Tunis,Gris,Gris,4,Caméra de recul,20.10.2022,https://www.vente-voiture-tunisie.com/voiture-occasion/Annonce-vente-voiture-occasion-tunisie.aspx?ref=221020140313
NISSAN MICRA,30500 DT,Nissan,Micra,68000,3.2016,Essence,Manuelle,Tunis,Bleu,Beige,5,,18.10.2022,https://www.vente-voiture-tunisie.com/voiture-occasion/Annonce-vente-voiture-occasion-tunisie.aspx?ref=221018221710
BMW SERIE 6 DIESEL X6,0115 DT,Bmw,Serie 6 Diesel X6,118000,1.2009,Diesel,Automatique,Tunis,Noir,Bordeaux,,,18.10.2022,https://www.vente-voiture-tunisie.com/voiture-occasion/Annonce-vente-voiture-occasion-tunisie.aspx?ref=221018085804
CHEVROLET CRUZE,25500 DT,Chevrolet,Cruze,350000,8.2012,Essence,Manuelle,Beja,Noir,Gris,5,,17.10.2022,https://www.vente-voiture-tunisie.com/voiture-occasion/Annonce-vente-voiture-occasion-tunisie.aspx?ref=221017092503
OPEL ASTRA G,17600 DT,Opel,Astra G,300000,12.2001,Essence,Manuelle,Ben Arous,Noir,Noir,5,,14.10.2022,https://www.vente-voiture-tunisie.com/voiture-occasion/Annonce-vente-voiture-occasion-tunisie.aspx?ref=221014101227
VOLKSWAGEN POLO POLO 6,21500 DT,Volkswagen,Polo Polo 6,230,12.2008,Essence,Manuelle,Manouba,Bleu,Noir,4,,11.10.2022,https://www.vente-voiture-tunisie.com/voiture-occasion/Annonce-vente-voiture-occasion-tunisie.aspx?ref=221011130441
VOLKSWAGEN AMAROK 4*4,51000 DT,Volkswagen,Amarok 4*4,350000,2.2011,Diesel,Manuelle,Tunis,Beige,Blanc,4,,10.10.2022,https://www.vente-voiture-tunisie.com/voiture-occasion/Annonce-vente-voiture-occasion-tunisie.aspx?ref=221010122653
PEUGEOT 308,53000 DT,Peugeot,308,114000,5.2019,Essence,Manuelle,Ben Arous,Gris,Noir,4,,08.10.2022,https://www.vente-voiture-tunisie.com/voiture-occasion/Annonce-vente-voiture-occasion-tunisie.aspx?ref=221008210006
CITROEN C4,37900 DT,Citroen,C4,61000,9.2016,Essence,Manuelle,Tunis,Bleu,Noir,5,,07.10.2022,https://www.vente-voiture-tunisie.com/voiture-occasion/Annonce-vente-voiture-occasion-tunisie.aspx?ref=221007082759
PEUGEOT 206,21900 DT,Peugeot,206,123300,8.2007,Essence,Manuelle,Tunis,Gris,Noir,5,"Direction assistée, Fermeture centralisée, Vitres électriques",01.10.2022,https://www.vente-voiture-tunisie.com/voiture-occasion/Annonce-vente-voiture-occasion-tunisie.aspx?ref=221001112914
VOLKSWAGEN PASSAT BERLINE,35000 DT,Volkswagen,Passat Berline,210000,1.2008,Diesel,Manuelle,Ben Arous,Noir,Gris,4,,30.09.2022,https://www.vente-voiture-tunisie.com/voiture-occasion/Annonce-vente-voiture-occasion-tunisie.aspx?ref=220930152504
PEUGEOT 206,13000 DT,Peugeot,206,225000,7.2000,Essence,Manuelle,Ben Arous,Noir,Bleu,4,,22.09.2022,https://www.vente-voiture-tunisie.com/voiture-occasion/Annonce-vente-voiture-occasion-tunisie.aspx?ref=220922234559
VOLKSWAGEN JETTA,24000 DT,Volkswagen,Jetta,500,1.2010,Diesel,Manuelle,Tunis,,,,,18.09.2022,https://www.vente-voiture-tunisie.com/voiture-occasion/Annonce-vente-voiture-occasion-tunisie.aspx?ref=220918140848
CHEVROLET AVEO,12000 DT,Chevrolet,Aveo,210000,1.2006,Essence,Manuelle,Tunis,Noir,Noir,5,,14.09.2022,https://www.vente-voiture-tunisie.com/voiture-occasion/Annonce-vente-voiture-occasion-tunisie.aspx?ref=220914113347
CITROEN SAXO ANCIEN,10000 DT,Citroen,Saxo Ancien,200000,9.1999,Essence,Manuelle,Sousse,Noir,Noir,4,,10.09.2022,https://www.vente-voiture-tunisie.com/voiture-occasion/Annonce-vente-voiture-occasion-tunisie.aspx?ref=220910175621
CHERY TIGGO 3 4X4,42000 DT,Chery,Tiggo 3 4X4,50000,8.2018,Essence,Manuelle,Manouba,Blanc,Gris,5,,08.09.2022,https://www.vente-voiture-tunisie.com/voiture-occasion/Annonce-vente-voiture-occasion-tunisie.aspx?ref=220908230811
KIA SORENTO AWD,85000 DT,Kia,Sorento Awd,145000,2.2016,Essence,Automatique,Monastir,Gris,Noir,5,"Climatisation, Régulateur de vitesse",05.09.2022,https://www.vente-voiture-tunisie.com/voiture-occasion/Annonce-vente-voiture-occasion-tunisie.aspx?ref=220905140645
AUDI A4 AUDI A4 TFSI,1080000 DT,Audi,A4 Audi A4 Tfsi,83000,11.2019,Essence,Manuelle,Sousse,Noir,Noir,4,,01.09.2022,https://www.vente-voiture-tunisie.com/voiture-occasion/Annonce-vente-voiture-occasion-tunisie.aspx?ref=220901191616
CITROEN C3,19000 DT,Citroen,C3,193000,7.2009,Essence,Manuelle,Manouba,Noir,Noir,4,,01.09.2022,https://www.vente-voiture-tunisie.com/voiture-occasion/Annonce-vente-voiture-occasion-tunisie.aspx?ref=220901074326
CITROEN C3,19000 DT,Citroen,C3,193000,7.2009,Essence,Manuelle,Tunis,Noir,Noir,4,,01.09.2022,https://www.vente-voiture-tunisie.com/voiture-occasion/Annonce-vente-voiture-occasion-tunisie.aspx?ref=220901073927
SSANGYONG ACTYON SPORTS,53000 DT,Ssangyong,Actyon Sports,157000,12.2017,Diesel,Manuelle,Ariana,Gris,Noir,4,,30.08.2022,https://www.vente-voiture-tunisie.com/voiture-occasion/Annonce-vente-voiture-occasion-tunisie.aspx?ref=220830113536
CITROEN C4,20900 DT,Citroen,C4,154000,9.2009,Essence,Manuelle,Tunis,Noir,Gris,5,,26.08.2022,https://www.vente-voiture-tunisie.com/voiture-occasion/Annonce-vente-voiture-occasion-tunisie.aspx?ref=220826184115
RENAULT CLIO CHIPIE,9000 DT,Renault,Clio Chipie,269000,10.1997,Essence,Manuelle,Sidi Bouzid,Rouge,Ivoir,4,,25.08.2022,https://www.vente-voiture-tunisie.com/voiture-occasion/Annonce-vente-voiture-occasion-tunisie.aspx?ref=220825205620
PEUGEOT 207,0070 DT,Peugeot,207,123000,11.2010,Essence,Manuelle,Ariana,Argent,,5,,23.08.2022,https://www.vente-voiture-tunisie.com/voiture-occasion/Annonce-vente-voiture-occasion-tunisie.aspx?ref=220823221105
PEUGEOT 206,15000 DT,Peugeot,206,275000,6.2004,Essence,Manuelle,Tunis,Gris,Gris,4,Direction assistée,20.08.2022,https://www.vente-voiture-tunisie.com/voiture-occasion/Annonce-vente-voiture-occasion-tunisie.aspx?ref=220820124739
BMW X1 X1 DRIVE BUSINESS,164000 DT,Bmw,X1 X1 Drive Business,10000,11.2021,Essence,Automatique,Beja,Bleu,Beige,5,,20.08.2022,https://www.vente-voiture-tunisie.com/voiture-occasion/Annonce-vente-voiture-occasion-tunisie.aspx?ref=220820105817
HAVAL H6 H6,98500 DT,Haval,H6 H6,20000,2.2021,Essence,Automatique,Tunis,Noir,Marron,5,"ABS, Bluetooth, Climatisation, ESP, Ordinateur de bord, Toit panoramique",16.08.2022,https://www.vente-voiture-tunisie.com/voiture-occasion/Annonce-vente-voiture-occasion-tunisie.aspx?ref=220816002005
CHERY TIGGO 3 SUV,42000 DT,Chery,Tiggo 3 Suv,48000,8.2018,Essence,Manuelle,Manouba,Blanc,Gris,5,,13.08.2022,https://www.vente-voiture-tunisie.com/voiture-occasion/Annonce-vente-voiture-occasion-tunisie.aspx?ref=220813235750
FIAT GRANDE PUNTO,22500 DT,Fiat,Grande Punto,140000,5.2009,Essence,Manuelle,Manouba,Gris,,4,"Bluetooth, Direction assistée, Fermeture centralisée, Jantes en alliage, Vitres électriques",12.08.2022,https://www.vente-voiture-tunisie.com/voiture-occasion/Annonce-vente-voiture-occasion-tunisie.aspx?ref=220812093337
PEUGEOT 3008 PEUGEOT 3008,38000 DT,Peugeot,3008 Peugeot 3008,310000,11.2010,Diesel,Automatique,Mahdia,Noir,Noir,4,"ABS, ESP, Toit panoramique",07.08.2022,https://www.vente-voiture-tunisie.com/voiture-occasion/Annonce-vente-voiture-occasion-tunisie.aspx?ref=220807133109
PEUGEOT PARTNER 1.6 BLUE HDI,42000 DT,Peugeot,Partner 1.6 Blue Hdi,175000,11.2017,Diesel,Manuelle,Nabeul,Blanc,Blanc,5,,05.08.2022,https://www.vente-voiture-tunisie.com/voiture-occasion/Annonce-vente-voiture-occasion-tunisie.aspx?ref=220805220055
MAZDA CX-9,85000 DT,Mazda,Cx-9,137000,7.2015,Essence,Automatique,Tunis,Violet,Beige,5,,04.08.2022,https://www.vente-voiture-tunisie.com/voiture-occasion/Annonce-vente-voiture-occasion-tunisie.aspx?ref=220804105600
JEEP GRAND CHEROKEE 4*4,73000 DT,Jeep,Grand Cherokee 4*4,226000,1.2009,Diesel,Automatique,Tunis,Noir,Gris,5,,03.08.2022,https://www.vente-voiture-tunisie.com/voiture-occasion/Annonce-vente-voiture-occasion-tunisie.aspx?ref=220803134052
CITROEN C-ELYSÉE,27500 DT,Citroen,C-Elysée,200000,5.2015,Essence,Manuelle,Manouba,Noir,Beige,4,,31.07.2022,https://www.vente-voiture-tunisie.com/voiture-occasion/Annonce-vente-voiture-occasion-tunisie.aspx?ref=220731153633
ISUZU D MAX,0060 DT,Isuzu,D Max,117000,4.2013,Diesel,Manuelle,Tunis,Gris,Noir,2,,28.07.2022,https://www.vente-voiture-tunisie.com/voiture-occasion/Annonce-vente-voiture-occasion-tunisie.aspx?ref=220728144712
VOLKSWAGEN TOUAREG 4X4,35000 DT,Volkswagen,Touareg 4X4,240000,10.2004,Diesel,Manuelle,Tunis,Noir,Beige,5,,28.07.2022,https://www.vente-voiture-tunisie.com/voiture-occasion/Annonce-vente-voiture-occasion-tunisie.aspx?ref=220728113952
CHERY QQ,18500 DT,Chery,Qq,59000,6.2018,Essence,Manuelle,Tunis,Bleu,,5,,20.07.2022,https://www.vente-voiture-tunisie.com/voiture-occasion/Annonce-vente-voiture-occasion-tunisie.aspx?ref=220720160441
PEUGEOT 307 307,22000 DT,Peugeot,307 307,212300,5.2006,Diesel,Manuelle,Gabes,Gris,,5,,19.07.2022,https://www.vente-voiture-tunisie.com/voiture-occasion/Annonce-vente-voiture-occasion-tunisie.aspx?ref=220719170139
VOLKSWAGEN GOLF GOLF7 1.2,63000 DT,Volkswagen,Golf Golf7 1.2,180000,5.2017,Essence,Manuelle,Gafsa,Blanc,Gris,5,,11.07.2022,https://www.vente-voiture-tunisie.com/voiture-occasion/Annonce-vente-voiture-occasion-tunisie.aspx?ref=220711152830
BMW SÉRIE 3,29500 DT,Bmw,Série 3,220000,9.2005,Essence,Manuelle,Tunis,Gris,Noir,4,"ABS, Bluetooth, Régulateur de vitesse, Toit ouvrant, Vitres électriques",06.07.2022,https://www.vente-voiture-tunisie.com/voiture-occasion/Annonce-vente-voiture-occasion-tunisie.aspx?ref=220706081509
HYUNDAI GRAND I10 CITADINE,28700 DT,Hyundai,Grand I10 Citadine,101897,5.2016,Essence,Manuelle,Manouba,Noir,Marron,5,Climatisation,04.07.2022,https://www.vente-voiture-tunisie.com/voiture-occasion/Annonce-vente-voiture-occasion-tunisie.aspx?ref=220704120443
NISSAN JUKE TEKNA,38000 DT,Nissan,Juke Tekna,225000,11.2012,Diesel,Manuelle,Ariana,Rouge,Noir,5,,22.06.2022,https://www.vente-voiture-tunisie.com/voiture-occasion/Annonce-vente-voiture-occasion-tunisie.aspx?ref=220622222554
SMART FORTWO,15500 DT,Smart,Fortwo,197000,1.2006,Essence,Automatique,Ben Arous,Rose,,2,,22.06.2022,https://www.vente-voiture-tunisie.com/voiture-occasion/Annonce-vente-voiture-occasion-tunisie.aspx?ref=220622115802
MINI ONE,69000 DT,Mini,One,50100,2.2017,Essence,Manuelle,Ariana,Gris,Noir,4,Toit ouvrant,21.06.2022,https://www.vente-voiture-tunisie.com/voiture-occasion/Annonce-vente-voiture-occasion-tunisie.aspx?ref=220621010703
MINI COOPER ?,95000 DT,Mini,Cooper ?,110000,9.2016,Essence,Manuelle,Tunis,Gris,Noir,4,,20.06.2022,https://www.vente-voiture-tunisie.com/voiture-occasion/Annonce-vente-voiture-occasion-tunisie.aspx?ref=220620194346
MINI COOPER ?,95000 DT,Mini,Cooper ?,110000,12.1930,Essence,Manuelle,Tunis,Gris,Noir,4,,20.06.2022,https://www.vente-voiture-tunisie.com/voiture-occasion/Annonce-vente-voiture-occasion-tunisie.aspx?ref=220620194112
FIAT PANDA 0,0028 DT,Fiat,Panda 0,,1.2016,Essence,Manuelle,Ariana,Rouge,Rouge,5,,20.06.2022,https://www.vente-voiture-tunisie.com/voiture-occasion/Annonce-vente-voiture-occasion-tunisie.aspx?ref=220620043314
MAZDA 3 SEDAN,37000 DT,Mazda,3 Sedan,200000,4.2015,Essence,Manuelle,Ben Arous,Blanc,Noir,4,,17.06.2022,https://www.vente-voiture-tunisie.com/voiture-occasion/Annonce-vente-voiture-occasion-tunisie.aspx?ref=220617105742
VOLKSWAGEN PASSAT B7,29900 DT,Volkswagen,Passat B7,200000,11.2008,Diesel,Manuelle,Ariana,Noir,Beige,5,,16.06.2022,https://www.vente-voiture-tunisie.com/voiture-occasion/Annonce-vente-voiture-occasion-tunisie.aspx?ref=220616203558
FORD FUSION ECO BOOST TITANIUM,70000 DT,Ford,Fusion Eco Boost Titanium,74000,5.2017,Essence,Automatique,Tunis,Gris,Noir,5,Toit ouvrant,12.06.2022,https://www.vente-voiture-tunisie.com/voiture-occasion/Annonce-vente-voiture-occasion-tunisie.aspx?ref=220612191401
FORD FUSION ECO BOOST TITANIUM,70000 DT,Ford,Fusion Eco Boost Titanium,74000,5.2017,Essence,Automatique,Tunis,Gris,Noir,5,Toit ouvrant,12.06.2022,https://www.vente-voiture-tunisie.com/voiture-occasion/Annonce-vente-voiture-occasion-tunisie.aspx?ref=220612175753
FORD FUSION ECO BOOST TITANIUM,0070 DT,Ford,Fusion Eco Boost Titanium,74000,5.2017,Essence,Automatique,Tunis,Gris,Noir,5,Toit ouvrant,12.06.2022,https://www.vente-voiture-tunisie.com/voiture-occasion/Annonce-vente-voiture-occasion-tunisie.aspx?ref=220612175304
OPEL ASTRA J,30000 DT,Opel,Astra J,114000,7.2011,Essence,Manuelle,Tunis,Noir,Noir,5,,12.06.2022,https://www.vente-voiture-tunisie.com/voiture-occasion/Annonce-vente-voiture-occasion-tunisie.aspx?ref=220612115544
DACIA DOKKER VAN,41500 DT,Dacia,Dokker Van,28000,2.2021,Diesel,Manuelle,Zaghouan,Gris,Noir,3,,11.06.2022,https://www.vente-voiture-tunisie.com/voiture-occasion/Annonce-vente-voiture-occasion-tunisie.aspx?ref=220611114937
OPEL CORSA CORSA E,32000 DT,Opel,Corsa Corsa E,100000,12.2016,Essence,Manuelle,Manouba,Vert,Noir,5,ABS,08.06.2022,https://www.vente-voiture-tunisie.com/voiture-occasion/Annonce-vente-voiture-occasion-tunisie.aspx?ref=220608015234
BAIC YX KENBO S2,41000 DT,Baic,Yx Kenbo S2,70000,11.2017,Essence,Manuelle,Manouba,Noir,Rouge,4,"Caméra de recul, Toit ouvrant",05.06.2022,https://www.vente-voiture-tunisie.com/voiture-occasion/Annonce-vente-voiture-occasion-tunisie.aspx?ref=220605123635
DACIA LOGAN FAMILIAL,22000 DT,Dacia,Logan Familial,330000,7.2011,Diesel,Manuelle,Ariana,Argent,Gris,5,,03.06.2022,https://www.vente-voiture-tunisie.com/voiture-occasion/Annonce-vente-voiture-occasion-tunisie.aspx?ref=220603155414
VOLKSWAGEN JETTA 1.9 TDI,24500 DT,Volkswagen,Jetta 1.9 Tdi,407000,9.2009,Diesel,Manuelle,Ariana,Blanc,Marron,5,,31.05.2022,https://www.vente-voiture-tunisie.com/voiture-occasion/Annonce-vente-voiture-occasion-tunisie.aspx?ref=220531172705
FORD FOCUS,0001 DT,Ford,Focus,100000,4.2016,Essence,Manuelle,Sousse,Beige,,5,,07.05.2022,https://www.vente-voiture-tunisie.com/voiture-occasion/Annonce-vente-voiture-occasion-tunisie.aspx?ref=220507154556
FIAT PUNTO,20000 DT,Fiat,Punto,134,1.2010,Essence,Manuelle,Monastir,Bleu,Gris,4,,02.05.2022,https://www.vente-voiture-tunisie.com/voiture-occasion/Annonce-vente-voiture-occasion-tunisie.aspx?ref=220502140258
CHEVROLET AVEO BERLINE,25000 DT,Chevrolet,Aveo Berline,99000,12.2011,Essence,Manuelle,Tunis,Noir,Noir,5,,02.05.2022,https://www.vente-voiture-tunisie.com/voiture-occasion/Annonce-vente-voiture-occasion-tunisie.aspx?ref=220502124151
KIA RIO COUPÉ,0057 DT,Kia,Rio Coupé,48500,10.2020,Essence,Manuelle,Tunis,Vert,Noir,5,,28.04.2022,https://www.vente-voiture-tunisie.com/voiture-occasion/Annonce-vente-voiture-occasion-tunisie.aspx?ref=220428034558
CITROEN C5 DS 5,46000 DT,Citroen,C5 Ds 5,160000,1.2013,Essence,Manuelle,Ben Arous,Noir,Beige,4,,26.04.2022,https://www.vente-voiture-tunisie.com/voiture-occasion/Annonce-vente-voiture-occasion-tunisie.aspx?ref=220426023412
SEAT IBIZA,27000 DT,Seat,Ibiza,195700,12.2013,Essence,Manuelle,Ariana,Noir,Noir,5,,22.04.2022,https://www.vente-voiture-tunisie.com/voiture-occasion/Annonce-vente-voiture-occasion-tunisie.aspx?ref=220422112454
VOLKSWAGEN GOLF 6,29000 DT,Volkswagen,Golf 6,24000,4.2010,Essence,,Tunis,Gris,Gris,4,,14.04.2022,https://www.vente-voiture-tunisie.com/voiture-occasion/Annonce-vente-voiture-occasion-tunisie.aspx?ref=220414224333
VOLKSWAGEN POLO POLO 4,13800 DT,Volkswagen,Polo Polo 4,,1.2001,Essence,Manuelle,Ben Arous,,,4,,14.04.2022,https://www.vente-voiture-tunisie.com/voiture-occasion/Annonce-vente-voiture-occasion-tunisie.aspx?ref=220414212455
CHERY TIGGO 3 SUV,47500 DT,Chery,Tiggo 3 Suv,46000,8.2018,Essence,Manuelle,Manouba,Blanc,Gris,5,"ABS, Bluetooth, Caméra de recul, Direction assistée, Radar de recul, Toit ouvrant, Vitres électriques",12.04.2022,https://www.vente-voiture-tunisie.com/voiture-occasion/Annonce-vente-voiture-occasion-tunisie.aspx?ref=220412181647
SMART FOR FOUR PASSION,35000 DT,Smart,For Four Passion,85000,7.2015,Essence,Manuelle,Sousse,Orange,Orange,5,,11.04.2022,https://www.vente-voiture-tunisie.com/voiture-occasion/Annonce-vente-voiture-occasion-tunisie.aspx?ref=220411234721
MINI ONE,320000 DT,Mini,One,173000,10.2009,Essence,Manuelle,Manouba,,Beige,3,,07.04.2022,https://www.vente-voiture-tunisie.com/voiture-occasion/Annonce-vente-voiture-occasion-tunisie.aspx?ref=220407023637
RENAULT LAGUNA 2,14400 DT,Renault,Laguna 2,230000,2.2004,Essence,Manuelle,Tunis,Noir,Noir,4,,05.04.2022,https://www.vente-voiture-tunisie.com/voiture-occasion/Annonce-vente-voiture-occasion-tunisie.aspx?ref=220405143403
BMW SÉRIE 3,690000 DT,Bmw,Série 3,160000,1.2013,Essence,Automatique,Nabeul,Beige,Noir,4,,01.04.2022,https://www.vente-voiture-tunisie.com/voiture-occasion/Annonce-vente-voiture-occasion-tunisie.aspx?ref=220401021737
AUDI Q3,80000 DT,Audi,Q3,45000,1.2013,Essence,Manuelle,Sfax,Blanc,Noir,5,,28.03.2022,https://www.vente-voiture-tunisie.com/voiture-occasion/Annonce-vente-voiture-occasion-tunisie.aspx?ref=220328105801
SUZUKI CIAZ,31000 DT,Suzuki,Ciaz,200000,1.2017,Essence,Manuelle,Medenine,Bleu,,4,,19.03.2022,https://www.vente-voiture-tunisie.com/voiture-occasion/Annonce-vente-voiture-occasion-tunisie.aspx?ref=220319212524
PEUGEOT 508,30000 DT,Peugeot,508,,4.2012,Essence,Automatique,Bizerte,Gris,Noir,5,,19.03.2022,https://www.vente-voiture-tunisie.com/voiture-occasion/Annonce-vente-voiture-occasion-tunisie.aspx?ref=220319160413
MG 5 GT,41000 DT,Mg,5 Gt,125000,3.2018,Essence,Manuelle,Ariana,Noir,Noir,4,,18.03.2022,https://www.vente-voiture-tunisie.com/voiture-occasion/Annonce-vente-voiture-occasion-tunisie.aspx?ref=220318235029
SEAT IBIZA,25000 DT,Seat,Ibiza,179,2.2016,Essence,Manuelle,Tunis,Noir,Gris,5,,16.03.2022,https://www.vente-voiture-tunisie.com/voiture-occasion/Annonce-vente-voiture-occasion-tunisie.aspx?ref=220316133737
CITROEN C3,16000 DT,Citroen,C3,100000,6.2015,Essence,Manuelle,Bizerte,Argent,Gris,5,,15.03.2022,https://www.vente-voiture-tunisie.com/voiture-occasion/Annonce-vente-voiture-occasion-tunisie.aspx?ref=220315121115
FIAT GRANDE PUNTO,25500 DT,Fiat,Grande Punto,37585,4.2013,Essence,Manuelle,Tunis,Noir,Beige,5,"Climatisation, Direction assistée, Fermeture centralisée",15.03.2022,https://www.vente-voiture-tunisie.com/voiture-occasion/Annonce-vente-voiture-occasion-tunisie.aspx?ref=220315073400
MERCEDES 220 CDI,50000 DT,Mercedes,220 Cdi,200000,1.2009,Diesel,Automatique,Manouba,Noir,Gris,4,,10.03.2022,https://www.vente-voiture-tunisie.com/voiture-occasion/Annonce-vente-voiture-occasion-tunisie.aspx?ref=220310175016
PEUGEOT EXPERT COMBI,75000 DT,Peugeot,Expert Combi,100000,12.2018,Diesel,Manuelle,Medenine,Gris,Noir,3,,08.03.2022,https://www.vente-voiture-tunisie.com/voiture-occasion/Annonce-vente-voiture-occasion-tunisie.aspx?ref=220308214923
PEUGEOT 307 HDI,20000 DT,Peugeot,307 Hdi,270000,12.2007,Diesel,Manuelle,Tunis,Gris,Gris,4,Vitres électriques,08.03.2022,https://www.vente-voiture-tunisie.com/voiture-occasion/Annonce-vente-voiture-occasion-tunisie.aspx?ref=220308182728
TOYOTA YARIS SEDAN,36000 DT,Toyota,Yaris Sedan,185000,10.2015,Essence,Manuelle,Tunis,Marron,Beige,5,,07.03.2022,https://www.vente-voiture-tunisie.com/voiture-occasion/Annonce-vente-voiture-occasion-tunisie.aspx?ref=220307185111
FORD FIESTA TITANIUM PLUS,30000 DT,Ford,Fiesta Titanium Plus,130000,10.2014,Essence,Manuelle,Sousse,Bleu,Noir,5,,04.03.2022,https://www.vente-voiture-tunisie.com/voiture-occasion/Annonce-vente-voiture-occasion-tunisie.aspx?ref=220304214252
CITROEN C3,24500 DT,Citroen,C3,185,1.2013,Essence,Manuelle,Sousse,Blanc,Noir,5,,25.02.2022,https://www.vente-voiture-tunisie.com/voiture-occasion/Annonce-vente-voiture-occasion-tunisie.aspx?ref=220225234653
MERCEDES CLASSE A 180,71000 DT,Mercedes,Classe A 180,123500,1.2013,Essence,Automatique,Sousse,Blanc,Noir,5,Bluetooth,24.02.2022,https://www.vente-voiture-tunisie.com/voiture-occasion/Annonce-vente-voiture-occasion-tunisie.aspx?ref=220224153629
FIAT GRANDE PUNTO POP,25000 DT,Fiat,Grande Punto Pop,100000,5.2013,Essence,Manuelle,Tunis,Blanc,Noir,4,"ABS, Climatisation, Direction assistée",23.02.2022,https://www.vente-voiture-tunisie.com/voiture-occasion/Annonce-vente-voiture-occasion-tunisie.aspx?ref=220223170656
OPEL ASTRA J,30000 DT,Opel,Astra J,93000,12.2011,Essence,Manuelle,Tunis,Gris,Noir,5,,15.02.2022,https://www.vente-voiture-tunisie.com/voiture-occasion/Annonce-vente-voiture-occasion-tunisie.aspx?ref=220215133008
FORD FIESTA,6500 DT,Ford,Fiesta,250000,9.1998,Essence,Manuelle,Sousse,Noir,Beige,5,,14.02.2022,https://www.vente-voiture-tunisie.com/voiture-occasion/Annonce-vente-voiture-occasion-tunisie.aspx?ref=220214111539
PEUGEOT 206 SEDAN,16000 DT,Peugeot,206 Sedan,60000,12.2007,Essence,Manuelle,Tunis,Beige,Gris,4,,11.02.2022,https://www.vente-voiture-tunisie.com/voiture-occasion/Annonce-vente-voiture-occasion-tunisie.aspx?ref=220211092659
VOLKSWAGEN GOLF GOLF 7,54500 DT,Volkswagen,Golf Golf 7,107000,10.2015,Essence,Manuelle,Manouba,Noir,Beige,5,"Airbags frontaux, Bluetooth, Régulateur de vitesse",05.02.2022,https://www.vente-voiture-tunisie.com/voiture-occasion/Annonce-vente-voiture-occasion-tunisie.aspx?ref=220205201246
PEUGEOT 407,30000 DT,Peugeot,407,190000,9.2010,Diesel,Manuelle,Tunis,Gris,Noir,4,"ABS, ESP, Régulateur de vitesse",04.02.2022,https://www.vente-voiture-tunisie.com/voiture-occasion/Annonce-vente-voiture-occasion-tunisie.aspx?ref=220204053244
DACIA DUSTER VOITURE,26000 DT,Dacia,Duster Voiture,97000,5.2013,Essence,Manuelle,Sousse,Bleu,Bleu,5,,02.02.2022,https://www.vente-voiture-tunisie.com/voiture-occasion/Annonce-vente-voiture-occasion-tunisie.aspx?ref=220202200502
DACIA DUSTER NKR66,10000 DT,Dacia,Duster Nkr66,10000,9.2006,Diesel,Manuelle,Bizerte,Blanc,Blanc,2,,25.01.2022,https://www.vente-voiture-tunisie.com/voiture-occasion/Annonce-vente-voiture-occasion-tunisie.aspx?ref=220125105103
VOLKSWAGEN PASSAT,18000 DT,Volkswagen,Passat,194000,6.2003,Diesel,Automatique,Gafsa,Gris,Noir,5,,15.01.2022,https://www.vente-voiture-tunisie.com/voiture-occasion/Annonce-vente-voiture-occasion-tunisie.aspx?ref=220115183345
ISUZU ISUZU NKR66,10000 DT,Isuzu,Isuzu Nkr66,10000,1.1988,Diesel,Manuelle,Bizerte,Blanc,Blanc,4,,15.01.2022,https://www.vente-voiture-tunisie.com/voiture-occasion/Annonce-vente-voiture-occasion-tunisie.aspx?ref=220115155443
PEUGEOT 308 1.4,20500 DT,Peugeot,308 1.4,167000,10.2009,Essence,Manuelle,Bizerte,Noir,Noir,5,"ABS, Climatisation, Direction assistée, Fermeture centralisée, Vitres électriques",15.01.2022,https://www.vente-voiture-tunisie.com/voiture-occasion/Annonce-vente-voiture-occasion-tunisie.aspx?ref=220115152606
RENAULT R19,3000 DT,Renault,R19,500000,11.1985,Essence,Manuelle,Sfax,Bleu,,4,,13.01.2022,https://www.vente-voiture-tunisie.com/voiture-occasion/Annonce-vente-voiture-occasion-tunisie.aspx?ref=220113132216
PEUGEOT 407,30000 DT,Peugeot,407,190000,9.2010,Diesel,Manuelle,Tunis,Gris,Noir,4,"ABS, ESP, Régulateur de vitesse",09.01.2022,https://www.vente-voiture-tunisie.com/voiture-occasion/Annonce-vente-voiture-occasion-tunisie.aspx?ref=220109171311
VOLKSWAGEN JETTA 3,29000 DT,Volkswagen,Jetta 3,263000,9.2009,Essence,Manuelle,Ben Arous,Noir,Gris,4,"ABS, Régulateur de vitesse, Vitres électriques",25.12.2021,https://www.vente-voiture-tunisie.com/voiture-occasion/Annonce-vente-voiture-occasion-tunisie.aspx?ref=211225133946
CITROEN C3 FEEL PURETECH,39500 DT,Citroen,C3 Feel Puretech,78000,9.2017,Essence,Manuelle,Jendouba,Gris,Gris,5,,23.12.2021,https://www.vente-voiture-tunisie.com/voiture-occasion/Annonce-vente-voiture-occasion-tunisie.aspx?ref=211223115023
HYUNDAI I20,28000 DT,Hyundai,I20,139000,5.2014,Essence,Manuelle,Nabeul,Noir,Gris,5,"ABS, Climatisation, Direction assistée, Fermeture centralisée, Jantes en alliage, Vitres électriques",21.12.2021,https://www.vente-voiture-tunisie.com/voiture-occasion/Annonce-vente-voiture-occasion-tunisie.aspx?ref=211221221615
SEAT IBIZA,0040 DT,Seat,Ibiza,35,5.2019,Essence,Manuelle,Manouba,Noir,,,,20.12.2021,https://www.vente-voiture-tunisie.com/voiture-occasion/Annonce-vente-voiture-occasion-tunisie.aspx?ref=211220155536
SEAT IBIZA,0040 DT,Seat,Ibiza,35,1.2019,Essence,Manuelle,Manouba,Noir,,,,20.12.2021,https://www.vente-voiture-tunisie.com/voiture-occasion/Annonce-vente-voiture-occasion-tunisie.aspx?ref=211220155033
PEUGEOT 106,9000 DT,Peugeot,106,,1.1996,Essence,Manuelle,Ben Arous,Blanc,,5,,20.12.2021,https://www.vente-voiture-tunisie.com/voiture-occasion/Annonce-vente-voiture-occasion-tunisie.aspx?ref=211220095551
VOLKSWAGEN POLO SEDAN 4 CYLINDRES,39500 DT,Volkswagen,Polo Sedan 4 Cylindres,150000,11.2015,Essence,Manuelle,Ariana,Marron,Noir,5,,18.12.2021,https://www.vente-voiture-tunisie.com/voiture-occasion/Annonce-vente-voiture-occasion-tunisie.aspx?ref=211218145500
KIA RIO BERLINE,37000 DT,Kia,Rio Berline,58000,5.2016,Essence,Manuelle,Ariana,Noir,Gris,5,,17.12.2021,https://www.vente-voiture-tunisie.com/voiture-occasion/Annonce-vente-voiture-occasion-tunisie.aspx?ref=211217213830
VOLKSWAGEN NEW BEETLE CITADINE,20000 DT,Volkswagen,New Beetle Citadine,228000,3.2002,Essence,Manuelle,Ben Arous,Noir,Noir,3,,17.12.2021,https://www.vente-voiture-tunisie.com/voiture-occasion/Annonce-vente-voiture-occasion-tunisie.aspx?ref=211217143754
VOLKSWAGEN GOLF GOLF 6,30000 DT,Volkswagen,Golf Golf 6,153600,11.2009,Essence,Manuelle,Tunis,Gris,Gris,4,,13.12.2021,https://www.vente-voiture-tunisie.com/voiture-occasion/Annonce-vente-voiture-occasion-tunisie.aspx?ref=211213184226
VOLKSWAGEN GOLF GOLF 6,30000 DT,Volkswagen,Golf Golf 6,153600,11.2009,Essence,Manuelle,Tunis,Gris,Gris,4,,13.12.2021,https://www.vente-voiture-tunisie.com/voiture-occasion/Annonce-vente-voiture-occasion-tunisie.aspx?ref=211213184225
VOLKSWAGEN JETTA III,30200 DT,Volkswagen,Jetta Iii,,12.2009,Essence,Manuelle,Ben Arous,Noir,Noir,4,Vitres électriques,11.12.2021,https://www.vente-voiture-tunisie.com/voiture-occasion/Annonce-vente-voiture-occasion-tunisie.aspx?ref=211211200858
BMW SÉRIE 3 318I,119500 DT,Bmw,Série 3 318I,30000,5.2017,Essence,Automatique,Manouba,Blanc,Beige,4,Radar de recul,11.12.2021,https://www.vente-voiture-tunisie.com/voiture-occasion/Annonce-vente-voiture-occasion-tunisie.aspx?ref=211211121043
AUDI A3 BERLINE SLINE 180 1.8 TFSI,52000 DT,Audi,A3 Berline Sline 180 1.8 Tfsi,130000,10.2014,Essence,Manuelle,Tunis,Gris,Noir,5,,10.12.2021,https://www.vente-voiture-tunisie.com/voiture-occasion/Annonce-vente-voiture-occasion-tunisie.aspx?ref=211210105636
FIAT GRANDE PUNTO EVO,23500 DT,Fiat,Grande Punto Evo,168000,11.2010,Essence,Manuelle,Tunis,Bleu,Noir,5,,09.12.2021,https://www.vente-voiture-tunisie.com/voiture-occasion/Annonce-vente-voiture-occasion-tunisie.aspx?ref=211209195615
PEUGEOT 106 SPORT KID,7400 DT,Peugeot,106 Sport Kid,288000,4.1996,Essence,Manuelle,Ben Arous,Rouge,,2,,09.12.2021,https://www.vente-voiture-tunisie.com/voiture-occasion/Annonce-vente-voiture-occasion-tunisie.aspx?ref=211209170407
NISSAN NAVARA 4*4,33500 DT,Nissan,Navara 4*4,230000,10.2011,Diesel,Manuelle,Sfax,Noir,Beige,4,,09.12.2021,https://www.vente-voiture-tunisie.com/voiture-occasion/Annonce-vente-voiture-occasion-tunisie.aspx?ref=211209093328
PEUGEOT 208 ESSENCE,31000 DT,Peugeot,208 Essence,91000,12.2012,Essence,Manuelle,Ariana,Beige,Noir,5,Vitres électriques,04.12.2021,https://www.vente-voiture-tunisie.com/voiture-occasion/Annonce-vente-voiture-occasion-tunisie.aspx?ref=211204192834
FIAT 500,45000 DT,Fiat,500,39000,4.2019,Essence,Manuelle,Tunis,Blanc,Beige,3,,03.12.2021,https://www.vente-voiture-tunisie.com/voiture-occasion/Annonce-vente-voiture-occasion-tunisie.aspx?ref=211203111240
DACIA LOGAN RIEN,35000 DT,Dacia,Logan Rien,167000,1.2014,Diesel,Manuelle,Sousse,Jaune,Noir,4,,29.11.2021,https://www.vente-voiture-tunisie.com/voiture-occasion/Annonce-vente-voiture-occasion-tunisie.aspx?ref=211129112150
CITROEN C3,20500 DT,Citroen,C3,181000,1.2008,Essence,Manuelle,Ariana,Rouge,Noir,5,,29.11.2021,https://www.vente-voiture-tunisie.com/voiture-occasion/Annonce-vente-voiture-occasion-tunisie.aspx?ref=211129094553
DACIA DOKKER VAN,25000 DT,Dacia,Dokker Van,120000,1.2016,Diesel,Manuelle,Tunis,Blanc,Noir,,,27.11.2021,https://www.vente-voiture-tunisie.com/voiture-occasion/Annonce-vente-voiture-occasion-tunisie.aspx?ref=211127181802
LANCIA BETA ESSENCE,21500 DT,Lancia,Beta Essence,235000,7.2010,Essence,Manuelle,Tunis,Noir,Blanc,5,,24.11.2021,https://www.vente-voiture-tunisie.com/voiture-occasion/Annonce-vente-voiture-occasion-tunisie.aspx?ref=211124130630
KIA SPORTAGE,54000 DT,Kia,Sportage,150000,1.2013,Essence,Manuelle,Tunis,Beige,Noir,5,"Bluetooth, Radar de recul",22.11.2021,https://www.vente-voiture-tunisie.com/voiture-occasion/Annonce-vente-voiture-occasion-tunisie.aspx?ref=211122151525
CITROEN C3 PURETECH,41500 DT,Citroen,C3 Puretech,47000,7.2017,Essence,Manuelle,Ariana,Blanc,,5,,21.11.2021,https://www.vente-voiture-tunisie.com/voiture-occasion/Annonce-vente-voiture-occasion-tunisie.aspx?ref=211121193206
CITROEN C-ELYSÉE BERLINE,24500 DT,Citroen,C-Elysée Berline,50000,3.2015,Essence,Manuelle,Ben Arous,Gris,Noir,5,,20.11.2021,https://www.vente-voiture-tunisie.com/voiture-occasion/Annonce-vente-voiture-occasion-tunisie.aspx?ref=211120164829
VOLKSWAGEN GOLF GOLF 7,68900 DT,Volkswagen,Golf Golf 7,72000,2.2017,Essence,Manuelle,Tunis,Blanc,Gris,5,"ABS, Airbags frontaux, Airbags latéraux, Bluetooth, Caméra de recul, Climatisation, Direction assistée, Fermeture centralisée, Jantes en alliage, Ordinateur de bord, Radar de recul, Régulateur de vitesse, Vitres électriques",17.11.2021,https://www.vente-voiture-tunisie.com/voiture-occasion/Annonce-vente-voiture-occasion-tunisie.aspx?ref=211117084419
TOYOTA AYGO,30500 DT,Toyota,Aygo,47000,6.2017,Essence,Manuelle,Tunis,Gris,Gris,5,,14.11.2021,https://www.vente-voiture-tunisie.com/voiture-occasion/Annonce-vente-voiture-occasion-tunisie.aspx?ref=211114000218
CITROEN VISA,6700 DT,Citroen,Visa,235,3.1988,Essence,Manuelle,Sfax,,Bleu,4,,12.11.2021,https://www.vente-voiture-tunisie.com/voiture-occasion/Annonce-vente-voiture-occasion-tunisie.aspx?ref=211112163043
FORD FOCUS 1.0 ECOBOOST 125 CV,44000 DT,Ford,Focus 1.0 Ecoboost 125 Cv,119000,5.2017,Essence,Manuelle,Tunis,Blanc,Gris,4,"ESP, Radar de recul",08.11.2021,https://www.vente-voiture-tunisie.com/voiture-occasion/Annonce-vente-voiture-occasion-tunisie.aspx?ref=211108145948
MAZDA 2 SEDAN,36500 DT,Mazda,2 Sedan,65000,6.2016,Essence,Manuelle,Tunis,Gris,Noir,5,"Bluetooth, Caméra de recul, Climatisation, Climatisation automatique, Fermeture centralisée, Ordinateur de bord",05.11.2021,https://www.vente-voiture-tunisie.com/voiture-occasion/Annonce-vente-voiture-occasion-tunisie.aspx?ref=211105220706
RENAULT SYMBOL,0027 DT,Renault,Symbol,360000,6.2017,,Manuelle,Monastir,,Jaune,,,03.11.2021,https://www.vente-voiture-tunisie.com/voiture-occasion/Annonce-vente-voiture-occasion-tunisie.aspx?ref=211103213951
RENAULT SYMBOL,0027 DT,Renault,Symbol,360000,6.2017,,Manuelle,Monastir,,Jaune,,,03.11.2021,https://www.vente-voiture-tunisie.com/voiture-occasion/Annonce-vente-voiture-occasion-tunisie.aspx?ref=211103202832
KIA PICANTO,27500 DT,Kia,Picanto,73000,2.2015,Essence,Manuelle,Tunis,Blanc,Noir,4,,03.11.2021,https://www.vente-voiture-tunisie.com/voiture-occasion/Annonce-vente-voiture-occasion-tunisie.aspx?ref=211103141929
KIA PICANTO,27500 DT,Kia,Picanto,73000,2.2015,Essence,Manuelle,Tunis,Blanc,Noir,4,,03.11.2021,https://www.vente-voiture-tunisie.com/voiture-occasion/Annonce-vente-voiture-occasion-tunisie.aspx?ref=211103141631
LAND ROVER DISCOVERY SPORT 2.0TD4,288000 DT,Land Rover,Discovery Sport 2.0Td4,54000,2.2021,Diesel,Automatique,Ben Arous,Rouge,Noir,5,,03.11.2021,https://www.vente-voiture-tunisie.com/voiture-occasion/Annonce-vente-voiture-occasion-tunisie.aspx?ref=211103131853
VOLKSWAGEN PASSAT CC,47800 DT,Volkswagen,Passat Cc,,1.2014,Diesel,Manuelle,Monastir,Gris,Gris,5,,01.11.2021,https://www.vente-voiture-tunisie.com/voiture-occasion/Annonce-vente-voiture-occasion-tunisie.aspx?ref=211101192555
KIA PICANTO,21500 DT,Kia,Picanto,117000,4.2011,Essence,Manuelle,Manouba,Rouge,Gris,4,,24.10.2021,https://www.vente-voiture-tunisie.com/voiture-occasion/Annonce-vente-voiture-occasion-tunisie.aspx?ref=211024210746
MERCEDES 220 E220,40000 DT,Mercedes,220 E220,310000,7.2006,Diesel,Automatique,Tunis,Gris,Beige,4,Toit ouvrant,23.10.2021,https://www.vente-voiture-tunisie.com/voiture-occasion/Annonce-vente-voiture-occasion-tunisie.aspx?ref=211023164541
MERCEDES 220 E220,40000 DT,Mercedes,220 E220,310000,7.2006,Diesel,Automatique,Tunis,Gris,Beige,4,Toit ouvrant,23.10.2021,https://www.vente-voiture-tunisie.com/voiture-occasion/Annonce-vente-voiture-occasion-tunisie.aspx?ref=211023164325
MERCEDES CLASSE E 220,40000 DT,Mercedes,Classe E 220,310000,7.2006,Diesel,Automatique,Tunis,Gris,Beige,4,Toit ouvrant,23.10.2021,https://www.vente-voiture-tunisie.com/voiture-occasion/Annonce-vente-voiture-occasion-tunisie.aspx?ref=211023163906
MINI COOPER,0001 DT,Mini,Cooper,130000,6.2012,Essence,Automatique,Ariana,Jaune,,2,"Bluetooth, Toit panoramique",22.10.2021,https://www.vente-voiture-tunisie.com/voiture-occasion/Annonce-vente-voiture-occasion-tunisie.aspx?ref=211022215952
MINI COOPER,0001 DT,Mini,Cooper,130000,6.2012,Essence,Automatique,Ariana,Jaune,Noir,2,"Bluetooth, Toit panoramique",22.10.2021,https://www.vente-voiture-tunisie.com/voiture-occasion/Annonce-vente-voiture-occasion-tunisie.aspx?ref=211022215530
MINI COOPER,0001 DT,Mini,Cooper,130000,6.2012,Essence,Automatique,Ariana,Jaune,Noir,2,"Bluetooth, Toit panoramique",22.10.2021,https://www.vente-voiture-tunisie.com/voiture-occasion/Annonce-vente-voiture-occasion-tunisie.aspx?ref=211022215433
VOLKSWAGEN POLO 7,0026 DT,Volkswagen,Polo 7,2033,5.2012,Essence,Manuelle,Ben Arous,Gris,Noir,4,,22.10.2021,https://www.vente-voiture-tunisie.com/voiture-occasion/Annonce-vente-voiture-occasion-tunisie.aspx?ref=211022134031
HYUNDAI TUCSON,0110 DT,Hyundai,Tucson,,1.1930,Essence,Automatique,Ariana,Bleu,Marron,5,,21.10.2021,https://www.vente-voiture-tunisie.com/voiture-occasion/Annonce-vente-voiture-occasion-tunisie.aspx?ref=211021092757
AUDI A3 SPORTBACK BELLE AUDI A3 S LIGNE 1.6 TDI,45000 DT,Audi,A3 Sportback Belle Audi A3 S Ligne 1.6 Tdi,197000,1.2011,Diesel,Manuelle,Ariana,Blanc,Blanc,5,"ABS, Bluetooth, Direction assistée, ESP, Fermeture centralisée, Radar de recul, Toit ouvrant, Vitres électriques",16.10.2021,https://www.vente-voiture-tunisie.com/voiture-occasion/Annonce-vente-voiture-occasion-tunisie.aspx?ref=211016204259
ALFA ROMEO MITA,30000 DT,Alfa Romeo,Mita,215000,10.2012,Essence,Manuelle,Tunis,Beige,Noir,2,,10.10.2021,https://www.vente-voiture-tunisie.com/voiture-occasion/Annonce-vente-voiture-occasion-tunisie.aspx?ref=211010222241
ALFA ROMEO MITA,30000 DT,Alfa Romeo,Mita,200000,11.2012,Essence,Manuelle,Tunis,Beige,Noir,2,,10.10.2021,https://www.vente-voiture-tunisie.com/voiture-occasion/Annonce-vente-voiture-occasion-tunisie.aspx?ref=211010221748
VOLKSWAGEN GOLF 7,50000 DT,Volkswagen,Golf 7,125000,3.2015,Essence,Manuelle,Sousse,Gris,,5,,09.10.2021,https://www.vente-voiture-tunisie.com/voiture-occasion/Annonce-vente-voiture-occasion-tunisie.aspx?ref=211009131627
MERCEDES CLASSE C C180,55000 DT,Mercedes,Classe C C180,280000,11.2009,Essence,Automatique,Nabeul,Noir,Beige,5,,08.10.2021,https://www.vente-voiture-tunisie.com/voiture-occasion/Annonce-vente-voiture-occasion-tunisie.aspx?ref=211008115917
VOLKSWAGEN CADDY,45000 DT,Volkswagen,Caddy,104000,9.2018,Diesel,Manuelle,Tunis,Noir,Noir,2,,07.10.2021,https://www.vente-voiture-tunisie.com/voiture-occasion/Annonce-vente-voiture-occasion-tunisie.aspx?ref=211007101759
OPEL CORSA E,0001 DT,Opel,Corsa E,45000,6.2015,Essence,Manuelle,Tunis,Gris,Noir,5,"ABS, Bluetooth, Climatisation, Direction assistée, ESP",07.10.2021,https://www.vente-voiture-tunisie.com/voiture-occasion/Annonce-vente-voiture-occasion-tunisie.aspx?ref=211007090315
NISSAN X-TRAIL,235000 DT,Nissan,X-Trail,300,8.2005,Diesel,Manuelle,Sousse,Gris,Beige,5,,04.10.2021,https://www.vente-voiture-tunisie.com/voiture-occasion/Annonce-vente-voiture-occasion-tunisie.aspx?ref=211004124631
SEAT IBIZA,26000 DT,Seat,Ibiza,210000,10.2010,Essence,Manuelle,Tunis,Noir,Beige,5,Caméra de recul,26.09.2021,https://www.vente-voiture-tunisie.com/voiture-occasion/Annonce-vente-voiture-occasion-tunisie.aspx?ref=210926191709
AUDI A4 1.8T,65800 DT,Audi,A4 1.8T,135000,2.2013,Essence,Automatique,Tunis,Noir,Noir,5,"Bluetooth, Ordinateur de bord, Régulateur de vitesse, Toit ouvrant",23.09.2021,https://www.vente-voiture-tunisie.com/voiture-occasion/Annonce-vente-voiture-occasion-tunisie.aspx?ref=210923132628
CHEVROLET AVEO,23000 DT,Chevrolet,Aveo,144000,2.2015,Essence,Manuelle,Beja,Noir,Gris,5,,19.09.2021,https://www.vente-voiture-tunisie.com/voiture-occasion/Annonce-vente-voiture-occasion-tunisie.aspx?ref=210919115831
HYUNDAI GRAND I10,34000 DT,Hyundai,Grand I10,70000,7.2019,Essence,Automatique,Tunis,Bleu,Noir,5,"Direction assistée, Fermeture centralisée, Ordinateur de bord, Vitres électriques",13.09.2021,https://www.vente-voiture-tunisie.com/voiture-occasion/Annonce-vente-voiture-occasion-tunisie.aspx?ref=210913172914
FIAT PUNTO EVO,0027 DT,Fiat,Punto Evo,193,3.2012,Essence,Manuelle,Manouba,,,4,,12.09.2021,https://www.vente-voiture-tunisie.com/voiture-occasion/Annonce-vente-voiture-occasion-tunisie.aspx?ref=210912112853
PEUGEOT 308 1.6 HDI 92 CH BISNESS,32000 DT,Peugeot,308 1.6 Hdi 92 Ch Bisness,240000,5.2012,Diesel,Manuelle,Kef,Gris,Noir,5,"ABS, Airbags frontaux, Bluetooth, Climatisation, Climatisation automatique, Direction assistée, Fermeture centralisée, Navigation, Ordinateur de bord, Vitres électriques",07.09.2021,https://www.vente-voiture-tunisie.com/voiture-occasion/Annonce-vente-voiture-occasion-tunisie.aspx?ref=210907202320
BMW SÉRIE 1,140000 DT,Bmw,Série 1,10000,1.2021,Essence,Automatique,Tunis,Noir,Noir,5,,07.09.2021,https://www.vente-voiture-tunisie.com/voiture-occasion/Annonce-vente-voiture-occasion-tunisie.aspx?ref=210907083133
BMW X5,30000 DT,Bmw,X5,216000,1.2002,Diesel,Automatique,Sousse,Noir,Noir,5,"Régulateur de vitesse, Toit ouvrant",06.09.2021,https://www.vente-voiture-tunisie.com/voiture-occasion/Annonce-vente-voiture-occasion-tunisie.aspx?ref=210906193116
CITROEN BERLINGO VAN,11800 DT,Citroen,Berlingo Van,,3.2004,Diesel,Manuelle,Nabeul,Blanc,Noir,2,,03.09.2021,https://www.vente-voiture-tunisie.com/voiture-occasion/Annonce-vente-voiture-occasion-tunisie.aspx?ref=210903235925
VOLKSWAGEN PASSAT B8,0001 DT,Volkswagen,Passat B8,190,5.2012,Diesel,Manuelle,Nabeul,Blanc,Noir,4,,01.09.2021,https://www.vente-voiture-tunisie.com/voiture-occasion/Annonce-vente-voiture-occasion-tunisie.aspx?ref=210901123704
FORD FIESTA,13000 DT,Ford,Fiesta,220000,1.1999,Essence,Manuelle,Sousse,,,5,,01.09.2021,https://www.vente-voiture-tunisie.com/voiture-occasion/Annonce-vente-voiture-occasion-tunisie.aspx?ref=210901082314
VOLKSWAGEN POLO POLO 6,20000 DT,Volkswagen,Polo Polo 6,1000,9.2009,Diesel,Manuelle,Ariana,Blanc,Noir,5,,27.08.2021,https://www.vente-voiture-tunisie.com/voiture-occasion/Annonce-vente-voiture-occasion-tunisie.aspx?ref=210827161825
RENAULT MEGANE,29800 DT,Renault,Megane,183000,4.2012,Diesel,Manuelle,Tunis,Blanc,Gris,5,"Climatisation, Ordinateur de bord, Régulateur de vitesse",26.08.2021,https://www.vente-voiture-tunisie.com/voiture-occasion/Annonce-vente-voiture-occasion-tunisie.aspx?ref=210826190913
SSANGYONG REXTON 4X4 REXTON2,42000 DT,Ssangyong,Rexton 4X4 Rexton2,150000,1.2009,Diesel,Manuelle,Gabes,Noir,Noir,5,,25.08.2021,https://www.vente-voiture-tunisie.com/voiture-occasion/Annonce-vente-voiture-occasion-tunisie.aspx?ref=210825185413
CHEVROLET AVEO,23500 DT,Chevrolet,Aveo,110000,5.2014,Essence,Manuelle,Ariana,Gris,Noir,5,Vitres électriques,20.08.2021,https://www.vente-voiture-tunisie.com/voiture-occasion/Annonce-vente-voiture-occasion-tunisie.aspx?ref=210820082334
KIA RIO COUPÉ,42000 DT,Kia,Rio Coupé,55000,3.2017,Essence,Manuelle,Nabeul,Bleu,Beige,5,,20.08.2021,https://www.vente-voiture-tunisie.com/voiture-occasion/Annonce-vente-voiture-occasion-tunisie.aspx?ref=210820073733
VOLKSWAGEN GOLF 6,33500 DT,Volkswagen,Golf 6,235000,1.2011,Essence,Manuelle,Manouba,Blanc,Noir,4,,18.08.2021,https://www.vente-voiture-tunisie.com/voiture-occasion/Annonce-vente-voiture-occasion-tunisie.aspx?ref=210818133443
PEUGEOT 206,14000 DT,Peugeot,206,230,10.2001,Essence,Manuelle,Monastir,Gris,Noir,4,,17.08.2021,https://www.vente-voiture-tunisie.com/voiture-occasion/Annonce-vente-voiture-occasion-tunisie.aspx?ref=210817205109
PEUGEOT 106,11700 DT,Peugeot,106,270000,1.1997,Essence,Manuelle,Tunis,Noir,Noir,4,,16.08.2021,https://www.vente-voiture-tunisie.com/voiture-occasion/Annonce-vente-voiture-occasion-tunisie.aspx?ref=210816134121
MITSUBISHI PAJERO SPORT,23000 DT,Mitsubishi,Pajero Sport,450000,3.1999,Diesel,Manuelle,Manouba,Vert,Noir,5,"ABS, Vitres électriques",12.08.2021,https://www.vente-voiture-tunisie.com/voiture-occasion/Annonce-vente-voiture-occasion-tunisie.aspx?ref=210812071944
TOYOTA YARIS ÉLÉGANCE,44500 DT,Toyota,Yaris Élégance,60000,10.2018,Essence,Manuelle,Ariana,Gris,Gris,5,,11.08.2021,https://www.vente-voiture-tunisie.com/voiture-occasion/Annonce-vente-voiture-occasion-tunisie.aspx?ref=210811104254
VOLKSWAGEN CADDY,28000 DT,Volkswagen,Caddy,,10.2014,Diesel,Manuelle,Ben Arous,Gris,,3,,08.08.2021,https://www.vente-voiture-tunisie.com/voiture-occasion/Annonce-vente-voiture-occasion-tunisie.aspx?ref=210808183429
CITROEN BERLINGO VAN BERLINGO,16500 DT,Citroen,Berlingo Van Berlingo,,10.2000,Diesel,Manuelle,Tunis,Blanc,Gris,2,,03.08.2021,https://www.vente-voiture-tunisie.com/voiture-occasion/Annonce-vente-voiture-occasion-tunisie.aspx?ref=210803211007
VOLKSWAGEN PASSAT,53000 DT,Volkswagen,Passat,110000,6.2012,Diesel,Manuelle,Nabeul,Gris,Noir,4,,30.07.2021,https://www.vente-voiture-tunisie.com/voiture-occasion/Annonce-vente-voiture-occasion-tunisie.aspx?ref=210730133940
VOLKSWAGEN PASSAT,50000 DT,Volkswagen,Passat,110000,6.2012,Diesel,Manuelle,Nabeul,Gris,Noir,4,,30.07.2021,https://www.vente-voiture-tunisie.com/voiture-occasion/Annonce-vente-voiture-occasion-tunisie.aspx?ref=210730133712
NISSAN JUKE,49500 DT,Nissan,Juke,97000,10.2014,Essence,Manuelle,Nabeul,Noir,Noir,5,"Sièges chauffants, Toit ouvrant",22.07.2021,https://www.vente-voiture-tunisie.com/voiture-occasion/Annonce-vente-voiture-occasion-tunisie.aspx?ref=210722235157
SEAT LEON,55000 DT,Seat,Leon,77000,5.2016,Essence,Manuelle,Tunis,Noir,Noir,5,,16.07.2021,https://www.vente-voiture-tunisie.com/voiture-occasion/Annonce-vente-voiture-occasion-tunisie.aspx?ref=210716201945
KIA SPORTAGE 2.0,62400 DT,Kia,Sportage 2.0,217000,4.2012,Diesel,Manuelle,Kairouan,Noir,Noir,5,,16.07.2021,https://www.vente-voiture-tunisie.com/voiture-occasion/Annonce-vente-voiture-occasion-tunisie.aspx?ref=210716134603
MERCEDES 250 COUPÉ,145000 DT,Mercedes,250 Coupé,90000,1.2014,Essence,Manuelle,Tunis,Rouge,Noir,2,,14.07.2021,https://www.vente-voiture-tunisie.com/voiture-occasion/Annonce-vente-voiture-occasion-tunisie.aspx?ref=210714182614
FIAT PUNTO 1,10000 DT,Fiat,Punto 1,,5.1998,Essence,Manuelle,Sousse,Bleu,,5,Fermeture centralisée,12.07.2021,https://www.vente-voiture-tunisie.com/voiture-occasion/Annonce-vente-voiture-occasion-tunisie.aspx?ref=210712202513
SEAT LEON,46000 DT,Seat,Leon,77700,2.2015,Essence,Manuelle,Ben Arous,Blanc,Gris,5,,11.07.2021,https://www.vente-voiture-tunisie.com/voiture-occasion/Annonce-vente-voiture-occasion-tunisie.aspx?ref=210711174231
FIAT DUCATO,25000 DT,Fiat,Ducato,260000,8.2016,Diesel,Manuelle,Tunis,,,2,,09.07.2021,https://www.vente-voiture-tunisie.com/voiture-occasion/Annonce-vente-voiture-occasion-tunisie.aspx?ref=210709213404
HYUNDAI GRAND I10,27000 DT,Hyundai,Grand I10,175000,7.2014,Essence,Manuelle,Tunis,Blanc,Orange,5,,08.07.2021,https://www.vente-voiture-tunisie.com/voiture-occasion/Annonce-vente-voiture-occasion-tunisie.aspx?ref=210708093014
VOLKSWAGEN GOLF GOLF6,40000 DT,Volkswagen,Golf Golf6,93000,6.2010,Essence,Manuelle,Ben Arous,Gris,Gris,4,,04.07.2021,https://www.vente-voiture-tunisie.com/voiture-occasion/Annonce-vente-voiture-occasion-tunisie.aspx?ref=210704184738
RENAULT SYMBOL 1,20000 DT,Renault,Symbol 1,346000,1.2009,Essence,Manuelle,Tunis,Noir,Argent,4,,02.07.2021,https://www.vente-voiture-tunisie.com/voiture-occasion/Annonce-vente-voiture-occasion-tunisie.aspx?ref=210702172054
PEUGEOT 407 BERLINE,22000 DT,Peugeot,407 Berline,400000,11.2007,Diesel,Manuelle,Ben Arous,Gris,Gris,5,"ABS, Climatisation, Climatisation automatique, Direction assistée, Régulateur de vitesse",01.07.2021,https://www.vente-voiture-tunisie.com/voiture-occasion/Annonce-vente-voiture-occasion-tunisie.aspx?ref=210701114250
KIA PICANTO,27000 DT,Kia,Picanto,90000,8.2012,Essence,Manuelle,Ben Arous,Blanc,Gris,5,"Climatisation, Vitres électriques",01.07.2021,https://www.vente-voiture-tunisie.com/voiture-occasion/Annonce-vente-voiture-occasion-tunisie.aspx?ref=210701003947
PEUGEOT 301 ALLURE,21500 DT,Peugeot,301 Allure,200000,8.2014,Essence,Manuelle,Ariana,Gris,Noir,5,,30.06.2021,https://www.vente-voiture-tunisie.com/voiture-occasion/Annonce-vente-voiture-occasion-tunisie.aspx?ref=210630214904
BMW SÉRIE 1 F20 116I PACK SPORT,53000 DT,Bmw,Série 1 F20 116I Pack Sport,79000,1.2013,Essence,Manuelle,Tunis,Blanc,Noir,4,"ABS, Airbags frontaux, Bluetooth, Climatisation, Direction assistée, Fermeture centralisée, Ordinateur de bord, Régulateur de vitesse, Vitres électriques",28.06.2021,https://www.vente-voiture-tunisie.com/voiture-occasion/Annonce-vente-voiture-occasion-tunisie.aspx?ref=210628160313
VOLKSWAGEN GOLF 7,50000 DT,Volkswagen,Golf 7,130000,11.2015,Essence,Manuelle,Manouba,Noir,Marron,5,"ABS, Bluetooth, Climatisation, Climatisation automatique, Ordinateur de bord",27.06.2021,https://www.vente-voiture-tunisie.com/voiture-occasion/Annonce-vente-voiture-occasion-tunisie.aspx?ref=210627144126
BAIC YX KENBO S2,42000 DT,Baic,Yx Kenbo S2,40000,7.2017,Essence,Manuelle,Tunis,Gris,Noir,5,"Airbags frontaux, Bluetooth, Caméra de recul, Climatisation, Direction assistée, Fermeture centralisée, Feux à LED, Jantes en alliage, Radar de recul, Toit ouvrant, Vitres électriques",25.06.2021,https://www.vente-voiture-tunisie.com/voiture-occasion/Annonce-vente-voiture-occasion-tunisie.aspx?ref=210625215016
MERCEDES VITO,27000 DT,Mercedes,Vito,250000,4.2009,Diesel,Manuelle,Tunis,Blanc,Gris,4,,18.06.2021,https://www.vente-voiture-tunisie.com/voiture-occasion/Annonce-vente-voiture-occasion-tunisie.aspx?ref=210618220008
LAND ROVER DISCOVERY SPORT 2.0 SI4 240 HSE LUXURY 4WD AUT,160000 DT,Land Rover,Discovery Sport 2.0 Si4 240 Hse Luxury 4Wd Aut,45000,9.2020,Essence,Automatique,Tataouin,Gris,Noir,4,,18.06.2021,https://www.vente-voiture-tunisie.com/voiture-occasion/Annonce-vente-voiture-occasion-tunisie.aspx?ref=210618031847
ISUZU ISUZU 4 PORTES,33000 DT,Isuzu,Isuzu 4 Portes,200000,1.2003,Diesel,Manuelle,Kairouan,Blanc,Gris,4,,15.06.2021,https://www.vente-voiture-tunisie.com/voiture-occasion/Annonce-vente-voiture-occasion-tunisie.aspx?ref=210615214946
ISUZU ISUZU 4 PORTES,33000 DT,Isuzu,Isuzu 4 Portes,200000,1.2003,Diesel,Manuelle,Kairouan,Blanc,Gris,4,,15.06.2021,https://www.vente-voiture-tunisie.com/voiture-occasion/Annonce-vente-voiture-occasion-tunisie.aspx?ref=210615214945
ISUZU ISUZU 4 PORTES,33000 DT,Isuzu,Isuzu 4 Portes,200000,1.2003,Diesel,Manuelle,Kairouan,Blanc,Gris,4,,15.06.2021,https://www.vente-voiture-tunisie.com/voiture-occasion/Annonce-vente-voiture-occasion-tunisie.aspx?ref=210615214944
FORD KA,28200 DT,Ford,Ka,65000,4.2016,Essence,Manuelle,Tunis,Blanc,Gris,3,,10.06.2021,https://www.vente-voiture-tunisie.com/voiture-occasion/Annonce-vente-voiture-occasion-tunisie.aspx?ref=210610110718
MINI COOPER COUPER,30000 DT,Mini,Cooper Couper,165000,10.2008,Essence,Manuelle,Tunis,Beige,Noir,2,,05.06.2021,https://www.vente-voiture-tunisie.com/voiture-occasion/Annonce-vente-voiture-occasion-tunisie.aspx?ref=210605121345
PEUGEOT 2008 2008,51000 DT,Peugeot,2008 2008,80000,9.2016,Essence,Manuelle,Tunis,Gris,Noir,5,,02.06.2021,https://www.vente-voiture-tunisie.com/voiture-occasion/Annonce-vente-voiture-occasion-tunisie.aspx?ref=210602173140
PEUGEOT 308,2300000 DT,Peugeot,308,190000,1.2009,Essence,Manuelle,Sousse,Gris,Gris,5,,28.05.2021,https://www.vente-voiture-tunisie.com/voiture-occasion/Annonce-vente-voiture-occasion-tunisie.aspx?ref=210528104936
BMW SERIE 7,930000 DT,Bmw,Serie 7,190000,4.2006,Essence,Automatique,Ariana,Blanc,Beige,4,,26.05.2021,https://www.vente-voiture-tunisie.com/voiture-occasion/Annonce-vente-voiture-occasion-tunisie.aspx?ref=210526002453
OPEL ASTRA G,0016 DT,Opel,Astra G,281,6.2000,Essence,Manuelle,Tunis,Gris,Gris,5,Vitres électriques,25.05.2021,https://www.vente-voiture-tunisie.com/voiture-occasion/Annonce-vente-voiture-occasion-tunisie.aspx?ref=210525003920
FIAT FIORINO,26500 DT,Fiat,Fiorino,105000,7.2017,Diesel,Manuelle,Sfax,,,3,,23.05.2021,https://www.vente-voiture-tunisie.com/voiture-occasion/Annonce-vente-voiture-occasion-tunisie.aspx?ref=210523155954
SUZUKI VITARA VITARA,0001 DT,Suzuki,Vitara Vitara,30000,2.2019,Essence,Automatique,Ariana,Orange,Gris,5,"ABS, Airbags frontaux, Airbags latéraux, Bluetooth, Climatisation, Direction assistée, Fermeture centralisée, Feux à LED, Jantes en alliage, Ordinateur de bord, Régulateur de vitesse, Toit ouvrant, Toit panoramique, Vitres électriques",21.05.2021,https://www.vente-voiture-tunisie.com/voiture-occasion/Annonce-vente-voiture-occasion-tunisie.aspx?ref=210521232255
CITROEN C-ELYSÉE,24000 DT,Citroen,C-Elysée,140000,7.2014,Essence,Manuelle,Manouba,Gris,Beige,5,,21.05.2021,https://www.vente-voiture-tunisie.com/voiture-occasion/Annonce-vente-voiture-occasion-tunisie.aspx?ref=210521123530
SEAT IBIZA EXEO,31500 DT,Seat,Ibiza Exeo,191708,3.2011,Essence,Manuelle,Ben Arous,Noir,Gris,4,"ABS, Bluetooth, Climatisation, Climatisation automatique, Direction assistée, ESP, Ordinateur de bord, Régulateur de vitesse, Vitres électriques",12.05.2021,https://www.vente-voiture-tunisie.com/voiture-occasion/Annonce-vente-voiture-occasion-tunisie.aspx?ref=210512030144
PEUGEOT PARTNER B9,30000 DT,Peugeot,Partner B9,210000,12.2011,Diesel,Manuelle,Beja,Blanc,,5,,10.05.2021,https://www.vente-voiture-tunisie.com/voiture-occasion/Annonce-vente-voiture-occasion-tunisie.aspx?ref=210510171202
FIAT PANDA,24000 DT,Fiat,Panda,95000,6.2012,Essence,Manuelle,Manouba,Noir,Bordeaux,4,,05.05.2021,https://www.vente-voiture-tunisie.com/voiture-occasion/Annonce-vente-voiture-occasion-tunisie.aspx?ref=210505142230
VOLKSWAGEN POLO POLO6,16000 DT,Volkswagen,Polo Polo6,153000,10.2006,Essence,Manuelle,Sfax,Gris,Noir,5,,30.04.2021,https://www.vente-voiture-tunisie.com/voiture-occasion/Annonce-vente-voiture-occasion-tunisie.aspx?ref=210430005239
CITROEN C3,30000 DT,Citroen,C3,78000,9.2013,Essence,Manuelle,Tunis,Blanc,,5,,29.04.2021,https://www.vente-voiture-tunisie.com/voiture-occasion/Annonce-vente-voiture-occasion-tunisie.aspx?ref=210429225236
RENAULT CLIO CAMPUS,25000 DT,Renault,Clio Campus,,4.2010,Essence,Manuelle,Tunis,Bleu,,,,28.04.2021,https://www.vente-voiture-tunisie.com/voiture-occasion/Annonce-vente-voiture-occasion-tunisie.aspx?ref=210428125633
RENAULT SCENIC 3,33500 DT,Renault,Scenic 3,22300,2.2010,Diesel,Manuelle,Tunis,Gris,Gris,5,,26.04.2021,https://www.vente-voiture-tunisie.com/voiture-occasion/Annonce-vente-voiture-occasion-tunisie.aspx?ref=210426141307
RENAULT SCENIC 3,0034 DT,Renault,Scenic 3,223000,2.2010,Diesel,Manuelle,Tunis,Gris,Gris,5,,26.04.2021,https://www.vente-voiture-tunisie.com/voiture-occasion/Annonce-vente-voiture-occasion-tunisie.aspx?ref=210426140645
RENAULT SYMBOL,30000 DT,Renault,Symbol,169000,8.2014,Essence,Manuelle,Ben Arous,Noir,Beige,4,"Airbags frontaux, Climatisation, Fermeture centralisée, Vitres électriques",26.04.2021,https://www.vente-voiture-tunisie.com/voiture-occasion/Annonce-vente-voiture-occasion-tunisie.aspx?ref=210426125515
FIAT TEMPRA,12500 DT,Fiat,Tempra,,1.1996,Essence,Manuelle,Sidi Bouzid,,,4,,23.04.2021,https://www.vente-voiture-tunisie.com/voiture-occasion/Annonce-vente-voiture-occasion-tunisie.aspx?ref=210423195512
RENAULT SYMBOL,30000 DT,Renault,Symbol,169000,8.2014,Essence,Manuelle,Ben Arous,Noir,Beige,4,"Airbags frontaux, Climatisation, Fermeture centralisée, Vitres électriques",21.04.2021,https://www.vente-voiture-tunisie.com/voiture-occasion/Annonce-vente-voiture-occasion-tunisie.aspx?ref=210421124854
HYUNDAI GRAND I10 POPULAIRE,25000 DT,Hyundai,Grand I10 Populaire,47600,10.2016,Essence,Manuelle,Tunis,Gris,Gris,5,"ABS, Direction assistée, Ordinateur de bord, Vitres électriques",13.04.2021,https://www.vente-voiture-tunisie.com/voiture-occasion/Annonce-vente-voiture-occasion-tunisie.aspx?ref=210413111718
MERCEDES CLASSE C 180 KOMPRESSOR,50000 DT,Mercedes,Classe C 180 Kompressor,300000,9.2009,Essence,Automatique,Sfax,Noir,Noir,4,,01.04.2021,https://www.vente-voiture-tunisie.com/voiture-occasion/Annonce-vente-voiture-occasion-tunisie.aspx?ref=210401190306
RENAULT SCENIC MONOSPACE,14000 DT,Renault,Scenic Monospace,,10.2004,Diesel,Manuelle,Tunis,Marron,Beige,5,,23.03.2021,https://www.vente-voiture-tunisie.com/voiture-occasion/Annonce-vente-voiture-occasion-tunisie.aspx?ref=210323115341
CHEVROLET AVEO TJ5CD,20900 DT,Chevrolet,Aveo Tj5Cd,170000,4.2013,Essence,Manuelle,Ben Arous,Noir,,4,Climatisation,22.03.2021,https://www.vente-voiture-tunisie.com/voiture-occasion/Annonce-vente-voiture-occasion-tunisie.aspx?ref=210322122001
CITROEN C2,20500 DT,Citroen,C2,168000,1.2010,Essence,Manuelle,Tunis,Gris,,2,,20.03.2021,https://www.vente-voiture-tunisie.com/voiture-occasion/Annonce-vente-voiture-occasion-tunisie.aspx?ref=210320234728
VOLKSWAGEN PASSAT B6,23000 DT,Volkswagen,Passat B6,280000,1.2004,Diesel,Manuelle,Sousse,Blanc,Noir,4,,10.03.2021,https://www.vente-voiture-tunisie.com/voiture-occasion/Annonce-vente-voiture-occasion-tunisie.aspx?ref=210310201151
VOLKSWAGEN GOLF GOLF 6,41800 DT,Volkswagen,Golf Golf 6,90000,6.2010,Essence,Manuelle,Ben Arous,Gris,Gris,4,,09.03.2021,https://www.vente-voiture-tunisie.com/voiture-occasion/Annonce-vente-voiture-occasion-tunisie.aspx?ref=210309131744
PEUGEOT 206,15500 DT,Peugeot,206,,1.1930,Essence,Manuelle,Monastir,Bleu,,4,,09.03.2021,https://www.vente-voiture-tunisie.com/voiture-occasion/Annonce-vente-voiture-occasion-tunisie.aspx?ref=210309093728
VOLKSWAGEN AMAROK TDI 2.0,58000 DT,Volkswagen,Amarok Tdi 2.0,170000,5.2012,Diesel,Manuelle,Tunis,,Noir,,,06.03.2021,https://www.vente-voiture-tunisie.com/voiture-occasion/Annonce-vente-voiture-occasion-tunisie.aspx?ref=210306063713
VOLKSWAGEN AMAROK TDI 2.0,58000 DT,Volkswagen,Amarok Tdi 2.0,170000,5.2012,Diesel,Manuelle,Tunis,,Noir,,,06.03.2021,https://www.vente-voiture-tunisie.com/voiture-occasion/Annonce-vente-voiture-occasion-tunisie.aspx?ref=210306063701
PEUGEOT 407,19000 DT,Peugeot,407,340000,7.2006,Diesel,Manuelle,Sousse,Gris,Gris,4,,02.03.2021,https://www.vente-voiture-tunisie.com/voiture-occasion/Annonce-vente-voiture-occasion-tunisie.aspx?ref=210302201808
ISUZU ISUZU KAROUIA,40000 DT,Isuzu,Isuzu Karouia,700000,1.2005,Diesel,Manuelle,Kairouan,Blanc,Gris,2,,02.03.2021,https://www.vente-voiture-tunisie.com/voiture-occasion/Annonce-vente-voiture-occasion-tunisie.aspx?ref=210302103630
VOLKSWAGEN GOLF GOLF 7 TSI,55000 DT,Volkswagen,Golf Golf 7 Tsi,145000,8.2013,Essence,Manuelle,Ben Arous,Gris,Noir,5,,22.02.2021,https://www.vente-voiture-tunisie.com/voiture-occasion/Annonce-vente-voiture-occasion-tunisie.aspx?ref=210222110618
VOLKSWAGEN GOLF GOLF 7 TSI,55000 DT,Volkswagen,Golf Golf 7 Tsi,145000,8.2013,Essence,Manuelle,Ben Arous,Gris,Noir,5,,22.02.2021,https://www.vente-voiture-tunisie.com/voiture-occasion/Annonce-vente-voiture-occasion-tunisie.aspx?ref=210222110617
LADA NIVA 1.7,0043 DT,Lada,Niva 1.7,31000,1.2017,Essence,Manuelle,Tunis,Vert,Noir,2,,20.02.2021,https://www.vente-voiture-tunisie.com/voiture-occasion/Annonce-vente-voiture-occasion-tunisie.aspx?ref=210220125856
RENAULT CLIO CLIO DCI 1.9,7900 DT,Renault,Clio Clio Dci 1.9,320,5.2006,Diesel,Manuelle,Ariana,,,4,,13.02.2021,https://www.vente-voiture-tunisie.com/voiture-occasion/Annonce-vente-voiture-occasion-tunisie.aspx?ref=210213165458
LANCIA DELTA COMPACTE,29500 DT,Lancia,Delta Compacte,155000,4.2011,Essence,Manuelle,Tunis,,,5,,11.02.2021,https://www.vente-voiture-tunisie.com/voiture-occasion/Annonce-vente-voiture-occasion-tunisie.aspx?ref=210211145050
RENAULT SYMBOL,26500 DT,Renault,Symbol,97000,5.2015,Essence,Manuelle,Manouba,Beige,Noir,5,,09.02.2021,https://www.vente-voiture-tunisie.com/voiture-occasion/Annonce-vente-voiture-occasion-tunisie.aspx?ref=210209075318
FIAT PUNTO 3,17000 DT,Fiat,Punto 3,177500,3.2009,Essence,Manuelle,Ben Arous,Bordeaux,Noir,5,,02.02.2021,https://www.vente-voiture-tunisie.com/voiture-occasion/Annonce-vente-voiture-occasion-tunisie.aspx?ref=210202214237
FIAT PUNTO 1,12000 DT,Fiat,Punto 1,300000,1.1995,Diesel,Manuelle,Ben Arous,Or,Gris,,,02.02.2021,https://www.vente-voiture-tunisie.com/voiture-occasion/Annonce-vente-voiture-occasion-tunisie.aspx?ref=210202213358
RENAULT SYMBOL ELEGANCE,33000 DT,Renault,Symbol Elegance,51000,11.2017,Essence,Manuelle,Ariana,Gris,Beige,4,"Airbags frontaux, Bluetooth, Climatisation, Direction assistée, Fermeture centralisée, Feux à LED, Vitres électriques",31.01.2021,https://www.vente-voiture-tunisie.com/voiture-occasion/Annonce-vente-voiture-occasion-tunisie.aspx?ref=210131172208
CITROEN AX,5800 DT,Citroen,Ax,,1.1995,Essence,Manuelle,Manouba,Noir,Gris,4,,28.01.2021,https://www.vente-voiture-tunisie.com/voiture-occasion/Annonce-vente-voiture-occasion-tunisie.aspx?ref=210128103137
FIAT PALIO,12800 DT,Fiat,Palio,300000,5.2004,Essence,Manuelle,Tunis,Argent,Gris,5,,25.01.2021,https://www.vente-voiture-tunisie.com/voiture-occasion/Annonce-vente-voiture-occasion-tunisie.aspx?ref=210125233457
FIAT PUNTO,36000 DT,Fiat,Punto,1234,1.2012,Essence,Manuelle,Monastir,,,,,22.01.2021,https://www.vente-voiture-tunisie.com/voiture-occasion/Annonce-vente-voiture-occasion-tunisie.aspx?ref=210122212845
FORD F-150,80000 DT,Ford,F-150,130000,1.2010,Essence,Automatique,Gafsa,Noir,Beige,2,"Radar de recul, Toit ouvrant",19.01.2021,https://www.vente-voiture-tunisie.com/voiture-occasion/Annonce-vente-voiture-occasion-tunisie.aspx?ref=210119084144
RENAULT CLIO 3,22500 DT,Renault,Clio 3,200000,11.2006,Essence,Manuelle,Tunis,Gris,Beige,,"Climatisation, Vitres électriques",31.12.2020,https://www.vente-voiture-tunisie.com/voiture-occasion/Annonce-vente-voiture-occasion-tunisie.aspx?ref=201231002608
VOLKSWAGEN PASSAT B7,38500 DT,Volkswagen,Passat B7,190000,1.2011,Essence,Manuelle,Tunis,,,,,31.12.2020,https://www.vente-voiture-tunisie.com/voiture-occasion/Annonce-vente-voiture-occasion-tunisie.aspx?ref=201231001234
RENAULT EXPRESS,10000 DT,Renault,Express,8000,4.2008,Diesel,Manuelle,Sousse,Blanc,Noir,2,,25.12.2020,https://www.vente-voiture-tunisie.com/voiture-occasion/Annonce-vente-voiture-occasion-tunisie.aspx?ref=201225122721
